Date,INTC,KO,SPY,IVV,VGK,VPL,VWO,EWY,ILF,IEF,TLT,BOG,TBC,CGEO
2018-05-29 00:00:00,55.31999969,42.68000031,269.019989,270.9299927,57.11999893,72.26999664,44.16999817,72.66999817,31.28000069,103,122.2399979,24.81757845,21.38482131,14.82822944
2018-05-30 00:00:00,55.68000031,43.13000107,272.6099854,274.5499878,58.15000153,72.77999878,44.56000137,72.51999664,31.54999924,102.5599976,121.4199982,24.29158436,21.76275669,12.99271018
2018-05-31 00:00:00,55.20000076,43,270.9400024,272.730011,57.95999908,72.38999939,44.61000061,72.13999939,31.38999939,102.5100021,121.2200012,24.87745903,21.97101461,13.35263855
2018-06-01 00:00:00,57.08000183,43.11999893,273.6000061,275.5299988,58.45000076,73.01000214,45.11000061,73.48000336,31.48999977,101.9300003,120.3000031,26.20667866,22.32617655,14.1532012
2018-06-04 00:00:00,56.83000183,43.49000168,274.8999939,276.8099976,58.58000183,73.45999908,45.58000183,73.77999878,31.97999954,101.5699997,119.4300003,28.17550337,22.43889341,14.42500291
2018-06-05 00:00:00,56.52999878,43.11000061,275.1000061,277.0599976,58.47000122,73.33000183,45.18000031,73.26999664,30.97999954,101.8300018,119.7099991,27.25880512,22.74452327,14.84785916
2018-06-06 00:00:00,57.02999878,43.45999908,277.3999939,279.4400024,59.02999878,73.80999756,45.83000183,74.5,30.85000038,101.4199982,118.7399979,27.67685956,23.0316516,14.74669194
2018-06-07 00:00:00,55.88000107,43.43999863,277.3699951,279.2600098,58.65000153,73.62000275,45.13000107,74.01000214,29.81999969,101.8499985,119.8899994,27.1920768,22.95086442,15.0831477
2018-06-08 00:00:00,55.04999924,43.95000076,278.1900024,280.0400085,58.72000122,73.69999695,45.09999847,73.47000122,30.72999954,101.7099991,119.5299988,26.71766079,22.86634555,14.92753718
2018-06-11 00:00:00,54.52000046,44.13000107,278.5599976,280.5100098,59.29999924,73.95999908,45.04000092,73.80000305,30.45999908,101.6100006,119.3099976,26.84104481,22.9376245,14.44667929
2018-06-12 00:00:00,54.81999969,44.40999985,278.9200134,280.8900146,58.93999863,73.43000031,45.00999832,73.09999847,30.63999939,101.5500031,119.3399963,26.57750544,23.48535663,14.53256717
2018-06-13 00:00:00,55.02999878,44.18000031,278.0299988,279.9200134,59.08000183,73.20999908,44.68000031,72.66999817,30.37000084,101.4300003,119.2799988,25.14041195,23.13452802,14.3674783
2018-06-14 00:00:00,55.54000092,43.58000183,278.730011,280.7099915,59.02999878,72.94000244,44.43999863,71.73000336,29.84000015,101.75,120.2699966,26.05623428,22.93805113,15.45708813
2018-06-15 00:00:00,55.11000061,44.11999893,277.1300049,280.3099976,58.59000015,72.38999939,44.20000076,70.19999695,29.81999969,101.8300018,120.3799973,25.55081233,22.61579604,16.35071711
2018-06-18 00:00:00,53.22000122,43.54999924,276.5599976,279.7000122,58.09000015,71.97000122,43.68999863,69.37000275,29.63999939,101.8799973,120.2699966,25.72979816,22.56766999,15.66461799
2018-06-19 00:00:00,52.93000031,43.59999847,275.5,278.6700134,57.61000061,71.06999969,43.18999863,67.87000275,29.37999916,102.1500015,120.9700012,25.45676193,22.40725399,14.78878796
2018-06-20 00:00:00,53.45999908,43.25999832,275.9700012,279.25,57.61999893,71.23000336,43.33000183,68.37000275,29.57999992,101.8199997,119.9100037,25.13469739,22.21022002,14.87267996
2018-06-21 00:00:00,52.18999863,43.09000015,274.2399902,277.3200073,57.13000107,70.77999878,42.72000122,67.08000183,29.01000023,102.0899963,120.5400009,25.07246274,21.5019754,15.10671843
2018-06-22 00:00:00,52.5,43.25,274.7399902,277.8900146,56.77999878,70.88999939,42.79000092,68.08000183,29.29000092,102.1100006,120.5299988,25.53123738,22.38885028,14.99655534
2018-06-25 00:00:00,50.70999908,43.58000183,271,274.1000061,55.95999908,69.94999695,42.22999954,67.81999969,29.30999947,102.25,120.8000031,25.33122846,22.41349534,14.97062404
2018-06-26 00:00:00,49.66999817,43.33000183,271.6000061,273.4700012,55.90999985,70.27999878,42.06000137,67.56999969,29.37000084,102.3000031,120.9700012,25.42823132,22.57336462,15.01261499
2018-06-27 00:00:00,48.75999832,43.06999969,269.3500061,271.1199951,55.43000031,69.58000183,41.13000107,66.79000092,28.71999931,102.6900024,122.1100006,25.25219052,22.50221375,14.56958846
2018-06-28 00:00:00,49.25,43.47000122,270.8900146,272.8200073,55.54000092,69.91999817,41.52000046,66.87999725,29.37999916,102.5899963,122.1399994,24.94981298,22.30473423,13.88666544
2018-06-29 00:00:00,49.70999908,43.86000061,271.2799988,273.0499878,56.13000107,69.98000336,42.20000076,67.70999908,29.59000015,102.5100021,121.7200012,24.64664249,22.82919777,13.46739616
2018-07-02 00:00:00,50.20000076,43.75,271.8599854,273.8200073,55.68000031,68.76000214,41.74000168,66.23000336,29.23999977,102.25,121.3499985,24.95740298,23.21926069,13.471926
2018-07-03 00:00:00,49.47000122,43.99000168,270.8999939,272.730011,55.93999863,68.63999939,41.77999878,65.73999786,29.96999931,102.5100021,122,24.56624661,22.97581545,13.48580472
2018-07-04 00:00:00,49.47000122,43.99000168,270.8999939,272.730011,55.93999863,68.63999939,41.77999878,65.73999786,29.96999931,102.5100021,122,24.26705227,23.16928279,13.5242112
2018-07-05 00:00:00,50.75,44.65999985,273.1099854,275.0700073,56.68999863,68.75,41.74000168,65.58999634,30.25,102.5199966,122.3499985,24.36565692,23.12475142,13.62614071
2018-07-06 00:00:00,51.36999893,44.63999939,275.4200134,277.2099915,56.97999954,69.26000214,42.25,66.16000366,30.79999924,102.6100006,122.75,23.7931495,22.90702331,13.42679581
2018-07-09 00:00:00,51.86000061,44.40000153,277.8999939,279.8099976,57.36000061,70.16999817,43.02000046,67.12000275,31.03000069,102.3499985,121.9599991,24.84042591,23.35106419,13.63031936
2018-07-10 00:00:00,52.15999985,44.97000122,278.8999939,280.8299866,57.52000046,69.88999939,42.97999954,67.01999664,31.18000031,102.2699966,121.9499969,24.59438036,23.19724321,13.69300128
2018-07-11 00:00:00,51.20000076,44.79000092,276.8599854,278.7399902,56.45000076,68.69999695,42.18000031,65.66000366,30.47999954,102.4800034,122.4199982,24.94498182,23.09425962,13.65769525
2018-07-12 00:00:00,52.34999847,44.66999817,279.3699951,281.1400146,56.99000168,69.12000275,42.77000046,65.91000366,30.93000031,102.4400024,122.4100037,24.73711897,22.85336771,13.63804473
2018-07-13 00:00:00,52.22000122,44.74000168,279.5899963,281.4299927,57.08000183,69.56999969,42.79999924,66.19999695,31.13999939,102.6100006,122.7200012,24.46289566,22.80216029,13.74192587
2018-07-16 00:00:00,52.00999832,44.72999954,279.3399963,281.3299866,57.13000107,69.44999695,42.56000137,66.16999817,31.12999916,102.4400024,122.2099991,24.98974766,22.53998048,13.84502486
2018-07-17 00:00:00,51.75,45.25,280.4700012,282.4700012,57.08000183,69.80000305,42.88999939,66.51000214,31.64999962,102.3799973,121.9800034,25.00099382,22.81962739,13.63353609
2018-07-18 00:00:00,51.72000122,45.11999893,281.0599976,283.0899963,57.13000107,69.81999969,42.84999847,66.19000244,31.54000092,102.3000031,121.4899979,24.87549199,22.62123244,13.17169096
2018-07-19 00:00:00,51.97999954,45.11000061,280,281.9200134,56.97000122,69.52999878,42.36000061,65.26000214,31.17000008,102.5800018,122.2600021,23.55387617,22.59916603,12.83104238
2018-07-20 00:00:00,51.90999985,45.27999878,279.6799927,281.6199951,57.29999924,69.98000336,42.90999985,66.33000183,31.98999977,102.2200012,120.7600021,23.08724224,22.45171736,12.710485
2018-07-23 00:00:00,52.31000137,44.95000076,280.2000122,282.1400146,57.18999863,69.94000244,42.77999878,64.98000336,31.86000061,101.7200012,119.2699966,23.7674534,22.74460298,12.81849012
2018-07-24 00:00:00,52.18000031,45.25999832,281.6099854,283.5499878,57.52000046,70.33999634,43.41999817,65.95999908,32.56000137,101.7900009,119.6800003,23.78930854,22.53668828,13.06341757
2018-07-25 00:00:00,52.43000031,46.09000015,284.0100098,286.1799927,57.95999908,70.94000244,44.11000061,66.72000122,33.25,101.7200012,119.4899979,23.27673464,22.3587116,12.91807459
2018-07-26 00:00:00,52.15999985,46.24000168,283.3399963,285.1900024,57.59000015,70.81999969,43.68000031,66.26999664,32.77000046,101.6100006,119.2600021,24.07602905,22.49207977,13.37645199
2018-07-27 00:00:00,47.68000031,46.20999908,281.4200134,283.3599854,57.70999908,71.06999969,43.74000168,66.58000183,33.13999939,101.7699966,119.4599991,23.79760232,22.2848537,13.10873747
2018-07-30 00:00:00,47.68999863,46.22999954,279.9500122,281.769989,57.88000107,70.76999664,43.68000031,66.55999756,33.25,101.6399994,119.0500031,23.76650446,22.68346754,12.82337067
2018-07-31 00:00:00,48.09999847,46.63000107,281.3299866,283.2799988,58.04000092,70.54000092,43.88000107,67.26000214,32.91999817,101.7799988,119.6999969,23.97477897,23.09207899,12.98305542
2018-08-01 00:00:00,48.81000137,46.38999939,280.8599854,282.8800049,57.63999939,70.62999725,43.54999924,66.81999969,32.54999924,101.3399963,118.4599991,23.63469426,23.27778634,13.10589217
2018-08-02 00:00:00,49.47999954,46.18000031,282.3900146,284.230011,57.13999939,70.05000305,43.04999924,65.36000061,32.56000137,101.4599991,118.6299973,23.18597127,22.99695488,13.12480351
2018-08-03 00:00:00,49.63000107,46.61999893,283.6000061,285.5499878,57.25999832,70.12000275,43.31999969,65.95999908,33.47000122,101.7200012,119.2200012,22.84680362,22.72964052,12.95172962
2018-08-06 00:00:00,49.29999924,46.65000153,284.6400146,286.6499939,56.95000076,69.66999817,42.99000168,65.66999817,33.16999817,101.7699966,119.2900009,23.34139503,22.28810645,13.00356269
2018-08-07 00:00:00,49.70000076,46.5,285.5799866,287.4700012,57.36000061,70.33000183,43.38000107,66.80000305,33.04000092,101.5599976,118.6699982,23.30097198,22.26537323,12.95792942
2018-08-08 00:00:00,49.95999908,46.15000153,285.4599915,287.3699951,57.31999969,70.33999634,43.27999878,66.68000031,32.74000168,101.6500015,118.7900009,23.63801123,22.26825404,12.92076601
2018-08-09 00:00:00,50.13999939,46.34999847,285.0700073,287.1099854,57.13000107,70.16999817,43.22000122,66.40000153,32.15000153,101.9300003,119.7900009,23.31830345,22.07909247,12.9202624
2018-08-10 00:00:00,48.84999847,46.08000183,283.1600037,285.0700073,55.84999847,69.08000183,42.36000061,64.70999908,30.97999954,102.3700027,120.6600037,21.93914152,21.16687202,12.82840729
2018-08-13 00:00:00,48.45000076,45.83000183,282.1000061,284.1099854,55.68000031,68.47000122,41.68000031,63.72000122,30.85000038,102.3399963,120.4100037,20.32484023,20.46518753,12.65677433
2018-08-14 00:00:00,48.11999893,45.88999939,283.8999939,285.9299927,55.54000092,68.79000092,41.93000031,64.73999786,31.52000046,102.2399979,120.1399994,20.66544866,19.75674129,12.57003552
2018-08-15 00:00:00,47.45999908,46.08000183,281.7799988,283.6499939,54.59999847,68.04000092,40.70000076,63.29999924,30.61000061,102.4899979,120.8399963,21.2387123,20.09411104,12.84751343
2018-08-16 00:00:00,47.16999817,46.22000122,284.0599976,286.1000061,55.02000046,68.44999695,40.99000168,63.93000031,30.55999947,102.4599991,120.8300018,21.94521471,20.20868859,13.16611233
2018-08-17 00:00:00,47.09999847,46.59999847,285.0599976,287.0400085,55.33000183,68.84999847,41.34000015,64.62999725,30.47999954,102.5,120.9800034,22.12079009,20.36872326,13.33502993
2018-08-20 00:00:00,46.5,46.72999954,285.6700134,287.7399902,55.74000168,69,41.52000046,64.65000153,30.37000084,102.8199997,121.7900009,21.67012978,20.95629021,13.06581354
2018-08-21 00:00:00,47.61999893,46.22000122,286.3399963,288.230011,56.34999847,69.19000244,41.97000122,65.87000275,30.03000069,102.6800003,121.3799973,21.797975,21.12703139,13.31387168
2018-08-22 00:00:00,47.04999924,45.93000031,286.1700134,288.2200012,56.54000092,69.37000275,42.22000122,66.01999664,30.55999947,102.8700027,121.8600006,21.92654161,21.26835819,13.17399259
2018-08-23 00:00:00,46.97999954,45.70000076,285.7900085,287.730011,56.15999985,68.87999725,41.56000137,65.25,29.72999954,102.8600006,122.0500031,21.78317593,21.34441527,13.21443848
2018-08-24 00:00:00,47.65999985,45.63000107,287.5100098,289.519989,56.65000153,69.36000061,42.18000031,66.76999664,30.12999916,102.8899994,122.2900009,21.65001239,21.08634342,13.06943367
2018-08-27 00:00:00,48.34999847,45.68999863,289.7799988,291.8099976,57.36000061,70.25,42.86999893,67.45999908,30.80999947,102.6600037,121.5899963,21.73493739,21.16905737,13.12070023
2018-08-28 00:00:00,48.56999969,45.36999893,289.9200134,291.8900146,57.27999878,70.11000061,42.65999985,67.38999939,30.27000046,102.4300003,120.8600006,22.03278353,20.89271178,13.15467038
2018-08-29 00:00:00,48.75,45.33000183,291.480011,293.5400085,57.56999969,70.55000305,42.90000153,67.43000031,30.64999962,102.4000015,121.0199966,21.83132916,20.76845796,13.06070931
2018-08-30 00:00:00,48.24000168,44.95000076,290.2999878,292.2900085,57.00999832,69.90000153,41.75999832,66.76000214,29.70999908,102.5899963,121.2799988,21.77262624,20.85750389,13.25755091
2018-08-31 00:00:00,48.43000031,44.56999969,290.3099976,292.4400024,56.40000153,69.87000275,42.04000092,67.31999969,30.18000031,102.6100006,121,21.50719508,20.81761169,13.35970294
2018-09-03 00:00:00,48.43000031,44.56999969,290.3099976,292.4400024,56.40000153,69.87000275,42.04000092,67.31999969,30.18000031,102.6100006,121,22.02607912,21.14214088,13.38054596
2018-09-04 00:00:00,47.95999908,44.75999832,289.8099976,291.9500122,55.93999863,69.16000366,41.09999847,66.76000214,28.89999962,102.1699982,120.0299988,22.26340375,20.71912141,13.190745
2018-09-05 00:00:00,47.72000122,45.38000107,289.0299988,291.1600037,55.59000015,68.37000275,40.65999985,65.86000061,29.02000046,102.1600037,119.7099991,21.94676717,20.77922119,13.354764
2018-09-06 00:00:00,47.25999832,45.77000046,288.1600037,290.3099976,55.34000015,68.26000214,40.63999939,65.59999847,29.45999908,102.3700027,120.1500015,22.22911018,20.87046425,13.19643571
2018-09-07 00:00:00,46.45000076,45.72000122,287.6000061,289.6000061,54.91999817,67.62000275,40.45999908,64.90000153,29.72999954,101.9100037,119.1299973,22.00938315,20.4738442,13.28731808
2018-09-10 00:00:00,46.29999924,46.06000137,288.1000061,290.25,55.41999817,67.75,39.97999954,65,29.43000031,101.9700012,119.5699997,22.01763874,20.24877923,13.09834825
2018-09-11 00:00:00,44.93000031,46.02000046,289.0499878,291.2200012,55.43000031,67.87000275,40.02999878,65.40000153,28.92000008,101.5999985,118.6600037,22.38201243,20.84228897,12.89746863
2018-09-12 00:00:00,44.93000031,46.24000168,289.1199951,291.2399902,55.68000031,68.12999725,40.27999878,65.61000061,29.46999931,101.7200012,118.9400024,22.58463202,21.03317564,13.11189459
2018-09-13 00:00:00,45.56999969,45.83000183,290.8299866,292.9200134,56.08000183,68.62999725,40.79000092,66.23999786,29.45999908,101.7099991,119.1200027,22.83999824,20.66401428,13.30637283
2018-09-14 00:00:00,45.54000092,45.99000168,290.8800049,292.9100037,55.95000076,69.16999817,40.74000168,66.62000275,29.70000076,101.5199966,118.5500031,23.25422756,20.89943575,13.37354107
2018-09-17 00:00:00,45.41999817,46.31999969,289.3399963,291.4400024,56.06999969,69.01999664,40.41999817,65.62999725,30.15999985,101.5400009,118.5500031,23.58939638,21.12639328,13.40009475
2018-09-18 00:00:00,46.09999847,45.93000031,290.9100037,293.0700073,56.36999893,70.33999634,40.74000168,66.55999756,30.57999992,101.1200027,117.3099976,23.65283147,21.55994034,13.54069424
2018-09-19 00:00:00,46.15000153,45.95999908,291.2200012,293.2799988,56.5,70.69000244,41.29000092,66.59999847,30.71999931,100.9499969,116.6100006,24.16939861,21.64895433,13.6425284
2018-09-20 00:00:00,47.20000076,46.63999939,293.5799866,295.7600098,57.43000031,71.04000092,41.63000107,67.65000153,31.04000092,100.9599991,117.1500015,24.63172138,21.73541754,13.90330819
2018-09-21 00:00:00,46.65999985,46.58000183,291.9899902,295.3599854,57.38000107,71.16000366,41.79999924,67.87999725,31.36000061,101,117.0999985,24.93331428,21.79077123,14.71739665
2018-09-24 00:00:00,46.90999985,46.06999969,291.019989,294.4700012,57.15000153,70.81999969,41.27999878,67.47000122,30.81999969,100.8899994,116.8000031,22.91432303,21.08567627,14.24460388
2018-09-25 00:00:00,45.90999985,45.68000031,290.75,294.1600037,57.43000031,71.29000092,41.54000092,67.84999847,31.01000023,100.7900009,116.6800003,22.56706113,21.17137651,14.42906702
2018-09-26 00:00:00,45.70000076,45.84999847,289.8800049,292.019989,57.13999939,71.30999756,41.13999939,67.91999817,31.21999931,101.1200027,117.5,22.80126112,21.50962898,14.43464743
2018-09-27 00:00:00,45.88000107,46.00999832,290.6900024,292.8200073,56.90000153,71.23000336,41.25999832,68.51999664,31.69000053,101.1200027,117.5800018,22.48597052,21.33993688,14.45056219
2018-09-28 00:00:00,47.29000092,46.18999863,290.7200012,292.730011,56.22000122,71.09999847,41,68.26999664,31.38999939,101.1699982,117.2699966,22.38294718,22.02458953,14.59063631
2018-10-01 00:00:00,46.45000076,46.22999954,291.730011,293.8699951,56.25999832,71.30000305,41.09999847,67.94999695,31.54000092,100.7099991,116.1500015,22.65135022,22.53139206,14.78101012
2018-10-02 00:00:00,48.09999847,46.50999832,291.5599976,293.75,55.90000153,70.80999756,40.65999985,66.88999939,32.33000183,100.9700012,116.8600006,22.32802138,22.46106538,14.91404338
2018-10-03 00:00:00,48.75999832,45.86999893,291.7200012,293.9500122,56.08000183,70.23999786,40.31999969,66.15000153,32.88000107,100.2200012,114.8300018,21.9628738,21.93950565,14.92924941
2018-10-04 00:00:00,48.13000107,45.84999847,289.4400024,291.7399902,55.36999893,69.20999908,39.40000153,64.33999634,32.47999954,99.95999908,114.0199966,22.47010769,21.92142473,14.85584155
2018-10-05 00:00:00,47.02999878,45.88000107,287.8200073,289.9299927,54.93999863,69.13999939,39.22000122,64.37000275,32.59000015,99.72000122,113.0400009,22.58400656,21.88069839,14.94660056
2018-10-08 00:00:00,47.02999878,46.47999954,287.8200073,289.9400024,54.38999939,69.12000275,39.29000092,64.20999908,33.99000168,99.76000214,112.6600037,22.56294493,21.9223394,15.41652451
2018-10-09 00:00:00,46.54999924,46.38999939,287.3999939,289.5899963,54.34000015,68.80999756,39.18999863,63.90999985,34.27000046,99.94999695,113.8000031,22.43113026,21.97025312,15.05708647
2018-10-10 00:00:00,44.79999924,45.68000031,278.2999878,280.25,53.22999954,67.05999756,38.09999847,62.02000046,33.04000092,100,113.4899979,22.87481056,22.23537927,15.00690713
2018-10-11 00:00:00,44.22999954,44.63999939,272.1700134,274.3299866,52.58000183,65.87999725,37.75999832,60.70999908,32.81999969,100.4100037,114.8700027,22.20842864,21.9759906,14.98963301
2018-10-12 00:00:00,44.88000107,44.68000031,275.9500122,278.0299988,52.75999832,66.34999847,38.72000122,62.09999847,33.49000168,100.2900009,114.4700012,21.24083437,21.91577677,15.32251655
2018-10-15 00:00:00,44.52999878,44.90999985,274.3999939,276.5299988,52.72000122,66.16999817,38.34000015,61.41999817,33.36999893,100.3499985,114.4199982,20.37660707,20.70420525,15.04592877
2018-10-16 00:00:00,45.93999863,45.49000168,280.3999939,282.6199951,53.70999908,67.25,39.22000122,62.63999939,34.27000046,100.3399963,114.6800003,21.63698225,21.04764748,15.10168706
2018-10-17 00:00:00,45.88999939,45.86000061,280.4500122,282.5599976,53.18000031,67.06999969,38.75,62.25,34.31999969,100.0500031,114,22.44728338,20.57206149,15.33146038
2018-10-18 00:00:00,44.97000122,45.61000061,276.3999939,278.5100098,52.31000137,66,37.74000168,60.59999847,33.20000076,100.2300034,113.9599991,21.42576326,20.41672119,15.07010871
2018-10-19 00:00:00,44,46.33000183,276.25,278.269989,52.66999817,66.30999756,38.09000015,61.45999908,33.31999969,100.1100006,113.7099991,20.94555839,19.77077391,14.92576212
2018-10-22 00:00:00,45.00999832,45.97000122,275.0100098,277.2200012,52.29000092,66.15000153,38.49000168,61.54000092,33.63999939,100.1299973,113.5599976,20.6224354,19.99006948,14.99908482
2018-10-23 00:00:00,44.5,46.36000061,273.6099854,275.5700073,51.88000107,65.27999878,38.11000061,60.43000031,33.27999878,100.3899994,113.9199982,19.38670886,19.57860576,14.8667741
2018-10-24 00:00:00,42.41999817,46.72999954,265.3200073,267.1400146,50.40999985,63.31000137,37,58.40999985,32.11000061,100.9300003,114.7799988,19.45374602,20.09502158,15.10242157
2018-10-25 00:00:00,44.31000137,46.50999832,270.0799866,272.019989,51.09999847,64,37.70000076,59.34000015,32.88000107,100.6900024,114.3000031,19.19834984,20.33767222,14.76994447
2018-10-26 00:00:00,45.68999863,45.91999817,265.3299866,267.1000061,50.84999847,63.04999924,37.40999985,57.68999863,33.49000168,101.1399994,114.9899979,19.06508511,20.18595752,14.74831712
2018-10-29 00:00:00,45.40000153,46.45999908,263.8599854,265.6099854,50.90000153,62.50999832,36.68000031,56.84999847,31.96999931,101.1299973,114.7300034,19.90350958,20.55532707,15.0071848
2018-10-30 00:00:00,47.75999832,47.63000107,267.769989,269.8599854,51.36000061,63.5,37.43000031,58.02000046,32.91999817,100.9100037,114.1600037,19.87197624,20.35590981,14.75867536
2018-10-31 00:00:00,46.88000107,47.88000107,270.6300049,272.7600098,51.77999878,64.05999756,37.86000061,58.27000046,32.90000153,100.6600037,113.5800018,19.81826451,21.478047,14.86941715
2018-11-01 00:00:00,48.22000122,47.74000168,273.5100098,275.4200134,52.61999893,64.62000275,39.22000122,59.50999832,33.88999939,100.5299988,113.4100037,20.33404963,21.5292685,15.25436751
2018-11-02 00:00:00,47.11000061,48,271.8900146,273.8900146,52.66999817,65.01999664,39.36000061,60.77999878,34.11999893,99.97000122,112,21.36253151,22.23638166,15.71110833
2018-11-05 00:00:00,47.97000122,48.68999863,273.3900146,275.5700073,52.65999985,65.01000214,39.54000092,60.50999832,34.29999924,100.0299988,112.4400024,20.98842633,21.84939594,16.06450762
2018-11-06 00:00:00,47.25,49.11000061,275.1199951,277.1600037,52.77000046,65.51999664,39.38999939,61.04999924,33.88999939,99.91999817,112.3700027,21.97672971,21.38911662,16.45316663
2018-11-07 00:00:00,48.72000122,49.36999893,281.0100098,283.1300049,53.47999954,66.43000031,40.09000015,61.95000076,33.84000015,99.91999817,112.5199966,22.20998496,21.8454563,16.32508589
2018-11-08 00:00:00,48.99000168,49.33000183,280.5,282.519989,52.83000183,65.77999878,39.11999893,60.70000076,32.56000137,99.77999878,112.5100021,22.11106722,21.84587158,16.37390022
2018-11-09 00:00:00,48.11000061,49.68000031,277.7600098,279.9599915,52.59000015,65.05000305,38.45000076,59.38999939,32.54000092,100.1699982,113.3499985,21.89990825,21.50790512,15.41878982
2018-11-12 00:00:00,46.65000153,49.86999893,272.5700073,274.5100098,51.47999954,64.30000305,37.93999863,58.52000046,31.96999931,100.4700012,114.0899963,20.37806153,20.80503044,15.26478603
2018-11-13 00:00:00,47.38999939,49.86000061,272.0599976,274.1099854,51.84999847,64.34999847,38.38999939,59.34999847,31.28000069,100.5500031,114.0199966,20.44411354,21.00986259,14.9640631
2018-11-14 00:00:00,47.09000015,49.75999832,270.2000122,272.2099915,51.97000122,64.29000092,38.68999863,59.11999893,31.78000069,100.7600021,114.0899963,20.75741851,21.47319156,15.23425304
2018-11-15 00:00:00,48.11000061,49.74000168,273.019989,274.9599915,51.86999893,65,39.45000076,60.61999893,32.34000015,100.8300018,114.0400009,20.72333081,21.37523591,15.36263917
2018-11-16 00:00:00,48.83000183,50.16999817,273.730011,275.7399902,51.84999847,65.05999756,39.59000015,60.84000015,32.88000107,101.1399994,114.6999969,20.10723862,20.27320313,15.06447084
2018-11-19 00:00:00,48,50.50999832,269.1000061,271.1300049,51.38999939,64.5,39.09999847,59.95000076,32.58000183,101.2900009,115.0199966,20.47662428,20.19942787,14.88905669
2018-11-20 00:00:00,47.38999939,49.38000107,264.1199951,266.1000061,50.43999863,63.33000183,38.27999878,58.90000153,31.43000031,101.2699966,115.0599976,20.73248991,19.93261403,14.91731114
2018-11-21 00:00:00,47.02999878,48.72999954,265.019989,266.9599915,51.18000031,64.26999664,39,59.68000031,32,101.25,115.0199966,20.32970529,20.02788059,14.84314031
2018-11-22 00:00:00,47.02999878,48.72999954,265.019989,266.9599915,51.18000031,64.26999664,39,59.68000031,32,101.25,115.0199966,19.61054925,19.93253574,14.88551548
2018-11-23 00:00:00,46.54000092,49.02000046,263.25,265.3099976,50.75,63.95999908,38.59000015,58.61000061,31.38999939,101.3099976,115.1399994,19.27018978,19.62299191,15.02369286
2018-11-26 00:00:00,47.45000076,48.86999893,267.5,269.4700012,51.56999969,64.98999786,38.86000061,60.22999954,30.30999947,101.2300034,114.8799973,18.936579,19.60281858,14.86226768
2018-11-27 00:00:00,48.06999969,49.36999893,268.3999939,270.3200073,51.27999878,65.04000092,39.13999939,60.56000137,31.26000023,101.3300018,115.0100021,18.71108284,19.47469559,14.73414469
2018-11-28 00:00:00,48.86000061,49.70999908,274.5799866,276.6300049,52.00999832,66.08999634,40.00999832,61.86000061,31.95999908,101.3199997,114.4499969,18.3509634,19.11558688,14.53039415
2018-11-29 00:00:00,47.70000076,48.97999954,273.980011,276.0700073,51.75999832,65.69000244,39.74000168,61.24000168,32.20999908,101.5800018,114.9000015,18.02816266,19.15925031,14.72723127
2018-11-30 00:00:00,49.31000137,50.40000153,275.6499939,278,51.43000031,65.61000061,39.68999863,60.61999893,32.11999893,101.7799988,115.3300018,17.51470311,19.12554441,13.87113348
2018-12-03 00:00:00,50.13000107,49.68999863,279.2999878,281.3699951,52.04000092,66.73999786,40.47999954,62.29999924,32.45000076,101.7900009,115.8799973,17.42124809,19.25774862,13.90383881
2018-12-04 00:00:00,47.75,49.58000183,270.25,272.5299988,50.77999878,64.51999664,39.72999954,60.75999832,31.84000015,102.2600021,117.8199997,17.33774592,19.08882737,13.68032628
2018-12-05 00:00:00,47.75,49.58000183,270.25,272.5299988,50.77999878,64.51999664,39.72999954,60.75999832,31.84000015,102.2600021,117.8199997,17.13457001,18.57199125,13.76871492
2018-12-06 00:00:00,48.36999893,49.38000107,269.8399963,271.8200073,50.15000153,64.26999664,39.40999985,60.29000092,31.87000084,102.5199966,118.1900024,16.67324233,18.17510691,13.64914922
2018-12-07 00:00:00,46.24000168,49.09000015,263.5700073,265.6000061,49.65999985,63.65000153,38.61999893,58.97999954,31.5,102.8199997,118.4100037,17.28940932,18.75894522,13.73696601
2018-12-10 00:00:00,47.20999908,49.24000168,264.0700073,266,49.22999954,63.15999985,38.16999817,59.04000092,30.65999985,102.8799973,118.9000015,17.04617796,17.58046115,13.4181413
2018-12-11 00:00:00,47.38000107,49.54000092,264.1300049,266.0499878,49.40999985,63.15000153,38.56000137,58.95000076,30.77000046,102.6200027,118.8799973,16.95766783,17.46011724,13.1892972
2018-12-12 00:00:00,47.83000183,49.22000122,265.4599915,267.4899902,50.31999969,63.86999893,39.13999939,59.97000122,31.23999977,102.3399963,118.3499985,17.15534938,17.74002111,13.05515638
2018-12-13 00:00:00,48.29000092,49.47000122,265.3699951,267.2399902,50.20000076,63.81999969,39.20000076,59.83000183,31.29000092,102.4000015,118.0699997,16.9249234,17.93269072,12.90901174
2018-12-14 00:00:00,47.86000061,49.34000015,260.4700012,262.3999939,49.45000076,62.95999908,38.70999908,58.72000122,30.95999908,102.5599976,118.4800034,17.04378765,17.79296449,12.65755569
2018-12-17 00:00:00,47.08000183,48.33000183,255.3600006,255.6499939,48.97999954,62.58000183,38.29000092,58.38999939,30.54000092,102.8600006,119.1699982,16.64568984,17.56947183,12.78695085
2018-12-18 00:00:00,47.74000168,48.31999969,255.0800018,255.6199951,49.00999832,62.75999832,38.52999878,58.40999985,30.27000046,102.9000015,119.5999985,17.13723489,17.73774427,12.80246278
2018-12-19 00:00:00,45.56999969,47.90000153,251.2599945,251.7400055,48.66999817,61.93000031,37.88999939,57.74000168,29.87999916,103.2600021,121.1800003,17.37787906,17.4386238,12.78663709
2018-12-20 00:00:00,45.54000092,47.54000092,247.1699982,247.4299927,48.45000076,61.59000015,38.18000031,58.25,30.20999908,103.1299973,120.7399979,17.26985819,18.0073254,13.20873939
2018-12-21 00:00:00,44.84000015,47.56999969,240.6999969,242.3500061,47.86999893,60.11999893,37.86999893,57.93999863,29.78000069,103.2200012,120.7200012,16.71903542,17.25623421,12.923171
2018-12-24 00:00:00,43.59000015,45.95999908,234.3399963,236.0899963,46.99000168,58.70999908,37.31999969,57.49000168,29.46999931,103.4800034,121.3199997,16.59288179,17.07607073,12.64894128
2018-12-25 00:00:00,43.59000015,45.95999908,234.3399963,236.0899963,46.99000168,58.70999908,37.31999969,57.49000168,29.46999931,103.4800034,121.3199997,16.67408145,17.15963495,12.7108407
2018-12-26 00:00:00,46.18999863,46.93999863,246.1799927,247.6699982,48.15999985,59.88000107,37.97999954,58.56000137,30.20000076,102.9899979,120.0199966,16.64509665,17.1298061,12.68874526
2018-12-27 00:00:00,46.36000061,47.52999878,248.0700073,250.0599976,47.93999863,60.54000092,37.90000153,58.68000031,30.40999985,103.25,120.0400009,16.5825526,17.73359172,12.84863213
2018-12-28 00:00:00,46.75,47.20000076,247.75,249.3300018,48.40000153,60.84000015,38.16999817,59.16999817,30.70000076,103.8099976,121.0500031,17.25450414,18.81757673,12.76762433
2018-12-31 00:00:00,46.93000031,47.34999847,249.9199982,251.6100006,48.61999893,60.63000107,38.09999847,58.86000061,30.81999969,104.1999969,121.5100021,17.47905527,19.31962391,12.96014193
2019-01-01 00:00:00,46.93000031,47.34999847,249.9199982,251.6100006,48.61999893,60.63000107,38.09999847,58.86000061,30.81999969,104.1999969,121.5100021,17.54028531,19.38730155,13.00554197
2019-01-02 00:00:00,47.08000183,46.93000031,250.1799927,251.7200012,48.34999847,60.63000107,38.27000046,58.06999969,32.29999924,104.4199982,122.1500015,17.4861301,19.48855346,13.18793473
2019-01-03 00:00:00,44.49000168,46.63999939,244.2100067,245.4299927,47.99000168,60.09000015,37.66999817,56.81999969,32.24000168,105.25,123.5400009,16.83195491,18.2319054,12.64713218
2019-01-04 00:00:00,47.22000122,47.56999969,252.3899994,254.0599976,49.43000031,62.11000061,38.86000061,58.61999893,33.06000137,104.4000015,122.1100006,17.26611386,18.79167521,12.78035975
2019-01-07 00:00:00,47.43999863,46.95000076,254.3800049,255.7700043,49.65000153,62.31000137,38.93999863,58.84000015,33.00999832,104.1100006,121.75,17.57424524,18.77133151,13.11700913
2019-01-08 00:00:00,47.74000168,47.47999954,256.769989,258.2900085,50.04999924,62.52000046,39.15999985,58.18000031,33.47000122,103.8499985,121.4300003,18.49891273,19.02569893,12.98810802
2019-01-09 00:00:00,48.00999832,46.56999969,257.9700012,259.4899902,50.68000031,63.15999985,39.72999954,59.65999985,34.20999908,103.9100037,121.2399979,19.45583785,17.93493469,12.9391381
2019-01-10 00:00:00,48.56000137,47.06999969,258.8800049,260.5100098,50.74000168,63.45000076,40.02999878,59.90000153,34.24000168,103.8600006,120.4599991,19.51182014,18.53392489,13.09150425
2019-01-11 00:00:00,48.93000031,47.34000015,258.980011,260.3699951,50.52999878,62.95000076,39.77999878,59.84999847,34.04999924,104.1699982,120.9300003,19.97525696,18.56977081,13.04985558
2019-01-14 00:00:00,48.34999847,47.15000153,257.3999939,259.1099854,50.27999878,62.63999939,39.5,59.16999817,34.25999832,104.1100006,120.4800034,20.17424307,18.78646074,13.17108226
2019-01-15 00:00:00,48.59999847,47.56999969,260.3500061,261.9100037,50.34000015,63.29999924,39.75999832,60.00999832,34.13999939,104.0100021,120.0400009,20.11587461,18.72022608,13.10673325
2019-01-16 00:00:00,48.13000107,46.91999817,260.980011,262.6000061,50.43000031,63.70000076,40.15000153,61.02000046,34.18999863,103.9499969,120.1600037,20.19900325,18.58740862,13.37418113
2019-01-17 00:00:00,48.47000122,47.06000137,262.9599915,264.5299988,50.63999939,63.75999832,40.34000015,61.13000107,34.49000168,103.7600021,120.1900024,19.99613605,19.12248033,13.22079839
2019-01-18 00:00:00,49.18999863,47.61000061,266.4599915,268.0700073,51.24000168,64.41999817,40.54999924,61.45000076,34.61000061,103.4300003,119.5599976,20.12516558,18.98257554,13.37349713
2019-01-21 00:00:00,49.18999863,47.61000061,266.4599915,268.0700073,51.24000168,64.41999817,40.54999924,61.45000076,34.61000061,103.4300003,119.5599976,19.74293152,18.66323995,13.75321401
2019-01-22 00:00:00,48.27000046,47.72000122,262.8599854,264.5,50.56999969,63.20999908,39.86999893,60.13000107,33.77000046,103.7900009,120.3700027,19.75273558,18.66725103,13.79417031
2019-01-23 00:00:00,47.93999863,48.27000046,263.4100037,264.8800049,50.95999908,63.34000015,40.25999832,60.95999908,34.41999817,103.7399979,120.3199997,20.88267975,19.3847663,14.2794201
2019-01-24 00:00:00,49.75999832,47.68999863,263.5499878,265.1400146,50.88999939,63.65999985,40.59999847,61.68999863,34.52000046,104.0699997,121.1100006,21.26373698,19.49241271,14.35112533
2019-01-25 00:00:00,47.04000092,47.36999893,265.7799988,267.5,51.43999863,64.54000092,41,63.45999908,34.58000183,103.8300018,120.5299988,20.88177551,19.34129485,14.57551646
2019-01-28 00:00:00,46.70999908,47.16999817,263.7600098,265.3500061,51.20000076,64.06999969,40.56999969,62.91999817,33.72000122,103.8600006,120.4100037,20.79805708,19.54853611,14.3206229
2019-01-29 00:00:00,46.54000092,47.40000153,263.4100037,264.980011,51.45999908,64.15000153,40.61999893,63.25999832,34.20999908,104.1600037,121.0199966,20.53772427,19.08221239,14.34455966
2019-01-30 00:00:00,47.54000092,47.86000061,267.5799866,269.230011,51.93000031,65.05999756,41.34000015,65.16000366,34.77000046,104.4000015,120.9300003,20.58077144,19.07128784,14.37540833
2019-01-31 00:00:00,47.11999893,48.13000107,269.9299927,271.5499878,51.86999893,65.09999847,41.77999878,64.72000122,35.40000153,104.8799973,121.9700012,20.09811679,18.88871498,14.23999203
2019-02-01 00:00:00,48.72999954,48.70000076,270.0599976,271.7000122,51.93000031,64.75,41.47000122,64.04000092,35.31000137,104.0999985,120.9599991,20.89117795,19.03488381,14.41774528
2019-02-04 00:00:00,49.22000122,49.25,271.9599915,273.6499939,52.06999969,65.13999939,41.56000137,64.25,35.52999878,103.8700027,120.4199982,20.75116367,19.11910786,14.35894695
2019-02-05 00:00:00,50.00999832,49.25999832,273.1000061,274.8200073,52.52999878,65.70999908,42.02999878,65.23999786,35.54999924,104.0500031,120.9700012,20.52123993,18.68647266,14.33411431
2019-02-06 00:00:00,49.90000153,49.25999832,272.7399902,274.4100037,52.34000015,65,41.52999878,64.63999939,34.33000183,104.1299973,121.0299988,20.71083423,18.45109327,14.38252355
2019-02-07 00:00:00,49.22999954,49.41999817,270.1400146,271.8299866,51.56000137,64.29000092,41.13999939,63.45999908,34.04999924,104.4700012,121.8300018,20.43640826,18.36689856,14.35722352
2019-02-08 00:00:00,48.84000015,49.5,270.4700012,272.1300049,51.36999893,63.90999985,40.97999954,62.66999817,33.95999908,104.6100006,122.3499985,20.52444181,18.2324379,14.42538055
2019-02-11 00:00:00,48.77000046,49.61000061,270.6199951,272.2799988,51.27999878,63.90000153,40.74000168,62.75,33.61000061,104.4499969,121.8700027,20.7480053,18.62896042,14.58492391
2019-02-12 00:00:00,50.00999832,49.65999985,274.1000061,275.8200073,51.84999847,64.87999725,41.13999939,63.52000046,34.36000061,104.3099976,121.5599976,20.89893866,18.57569117,14.51836884
2019-02-13 00:00:00,50.47000122,49.79000092,274.9899902,276.6600037,51.83000183,64.97000122,40.84999847,63.15999985,33.84999847,104.0500031,121.0999985,20.90064035,18.59038015,14.46491437
2019-02-14 00:00:00,50.81000137,45.59000015,274.3800049,276.0299988,51.83000183,64.95999908,40.93000031,63.54999924,34.66999817,104.5400009,121.7900009,21.17253856,17.30521985,14.47672924
2019-02-15 00:00:00,51.65999985,45.24000168,277.3699951,279.1600037,52.63000107,65.66999817,40.86000061,63.40999985,34.90000153,104.4400024,121.9800034,21.48844943,16.8426441,14.46470786
2019-02-18 00:00:00,51.65999985,45.24000168,277.3699951,279.1600037,52.63000107,65.66999817,40.86000061,63.40999985,34.90000153,104.4400024,121.9800034,22.26208609,17.16439102,14.75105183
2019-02-19 00:00:00,51.40000153,44.83000183,277.8500061,279.5499878,52.91999817,65.83000183,41.27999878,63.65000153,34.84000015,104.6200027,122.2900009,21.91405541,16.77544487,14.85751234
2019-02-20 00:00:00,51.38999939,45.09999847,278.4100037,280.0899963,53.18000031,66.04000092,41.45999908,64.16999817,34.70000076,104.5999985,121.9400024,22.09973661,16.84908997,14.99699556
2019-02-21 00:00:00,51.40999985,45.86000061,277.4200134,279.2099915,52.93999863,65.90000153,41.36999893,63.86999893,34.68999863,104.2900009,120.8499985,22.16366536,18.41971483,14.67576429
2019-02-22 00:00:00,52.49000168,45.27999878,279.1400146,280.8200073,53.13000107,66.25,41.84000015,64.48000336,35.13000107,104.5999985,121.5699997,22.13122295,19.17082955,14.66372871
2019-02-25 00:00:00,53.09999847,44.93999863,279.519989,281.2600098,53.24000168,66.55000305,42.40000153,64.69000244,34.93000031,104.4400024,121.2099991,22.12001909,19.18026463,14.69354573
2019-02-26 00:00:00,53.22999954,44.68999863,279.3200073,281.0499878,53.63999939,66.63999939,42.27000046,64.5,34.93999863,104.75,121.8099976,22.18488239,18.90309505,14.70240726
2019-02-27 00:00:00,53.24000168,44.93999863,279.2000122,280.9100037,53.41999817,66.33000183,41.93999863,64.34999847,34.79999924,104.3799973,120.4300003,22.71365297,19.6749136,14.74557813
2019-02-28 00:00:00,52.95999908,45.34000015,278.6799927,280.3200073,53.50999832,65.66000366,41.61999893,62.97000122,34.02000046,104.1100006,120.0199966,22.30538808,20.03063213,14.67669987
2019-03-01 00:00:00,53.29999924,45.38000107,280.4200134,282.3099976,53.88999939,66.01000214,41.66999817,63.04999924,33.65999985,103.5699997,118.6600037,22.42030991,20.40139488,14.98932134
2019-03-04 00:00:00,53.93999863,45.65000153,279.3999939,281.1600037,53.66999817,65.80000305,41.81999969,62.54999924,33.56999969,103.8899994,119.5899963,22.47318986,20.07149484,14.71733059
2019-03-05 00:00:00,53.68000031,45.59999847,279.019989,280.7999878,53.74000168,65.80999756,42.31000137,62.40000153,33.77999878,103.9499969,119.8399963,22.07403731,20.18950756,14.50956124
2019-03-06 00:00:00,52.95000076,45.45000076,277.3299866,279.0100098,53.63000107,65.59999847,42.09999847,62.13000107,33.06000137,104.2399979,120.2799988,21.66905567,19.84027684,14.62233698
2019-03-07 00:00:00,52.59999847,45.27999878,275.0100098,276.7600098,52.77999878,64.79000092,41.41999817,61.09000015,32.77999878,104.5899963,121.0599976,21.47376722,19.48325841,14.68494578
2019-03-08 00:00:00,52.47999954,44.84000015,274.4599915,276.2000122,52.81000137,64.58999634,41.11999893,60.68999863,33.02000046,104.7399979,121.5699997,20.94789124,19.92668154,14.5299817
2019-03-11 00:00:00,53.34999847,46.18000031,278.4400024,280.2099915,53.25,65.31999969,41.95999908,61.29000092,34.06000137,104.6600037,121.2099991,21.27234043,20.08000813,14.35473739
2019-03-12 00:00:00,53.56999969,46.04999924,279.4899902,281.2000122,53.22999954,65.41999817,42.13000107,61.63999939,34.16999817,104.9499969,122.0599976,22.25755148,20.6147322,14.55484852
2019-03-13 00:00:00,54.36999893,46.22000122,281.3399963,283.1499939,53.86000061,65.52999878,42.22000122,61.24000168,34.54999924,104.9100037,121.8300018,21.99921539,20.59323114,14.37344813
2019-03-14 00:00:00,53.43999863,45.70000076,281.1600037,283.0100098,54.06999969,65,42,60.84999847,34.18000031,104.7600021,120.9499969,22.58565974,21.1242347,14.27945188
2019-03-15 00:00:00,54.33000183,45.29999924,281.3099976,284.2799988,54.65999985,65.66000366,42.56999969,62.00999832,34.63000107,105.0899963,121.75,22.68008375,21.7705472,13.92148268
2019-03-18 00:00:00,54.09999847,45.40999985,282.3299866,285.4100037,54.88999939,65.90000153,43.04999924,62.18999863,35.24000168,104.9499969,121.6800003,22.81793418,21.86053834,14.08435593
2019-03-19 00:00:00,54.16999817,45.56000137,282.3999939,285.5400085,55.06999969,65.86000061,43.06000137,62.04999924,35.16999817,104.8799973,121.4100037,22.36370967,21.51479068,14.11858429
2019-03-20 00:00:00,53.81999969,45.52999878,281.5499878,283.3900146,55.13000107,65.91000366,43.04999924,62.33000183,35.20999908,105.6100006,122.6800003,21.97213105,21.20769868,14.12607947
2019-03-21 00:00:00,54.63999939,45.50999832,284.730011,286.5700073,54.90000153,66.31999969,43.15000153,62.88000107,34.61000061,105.5599976,122.9499969,21.92084842,21.12852859,13.99765019
2019-03-22 00:00:00,53.25999832,45.93000031,279.25,281.1600037,53.61999893,65.33999634,41.84999847,61.22000122,32.77999878,106.3399963,124.8600006,21.62368081,20.51268671,13.93339347
2019-03-25 00:00:00,52.77999878,46.02999878,279.0400085,280.9100037,53.31999969,65.36000061,41.95999908,61.25,33.11999893,106.6100006,125.0599976,21.72477456,20.10036892,13.93291013
2019-03-26 00:00:00,53.43999863,46.63999939,281.1199951,282.9599915,53.5,65.90000153,42.09999847,61.02999878,33.58000183,106.5199966,124.9700012,21.80520737,20.51011021,13.94475985
2019-03-27 00:00:00,53.15999985,46.61000061,279.6499939,281.5799866,53.63000107,65.58000183,41.63999939,60.36000061,32.25999832,106.8300018,126.1200027,22.06838347,20.05496026,14.49294559
2019-03-28 00:00:00,53.11000061,46.58000183,280.7099915,282.6900024,53.36000061,65.75,42,60.68000031,32.88999939,106.8399963,126.5599976,21.93081738,20.07102485,14.46797335
2019-03-29 00:00:00,53.70000076,46.86000061,282.480011,284.5599976,53.61000061,65.86000061,42.5,60.95000076,33.22999954,106.6699982,126.4400024,21.58245158,20.15928931,14.23162264
2019-04-01 00:00:00,54.50999832,46.72000122,285.8299866,287.8500061,54.31000137,66.83999634,43.13999939,62.15000153,33.79000092,105.7200012,124.3700027,21.70912002,20.18544453,14.42933712
2019-04-02 00:00:00,54.36000061,46.56999969,285.9700012,287.9200134,54.54000092,66.55999756,43.00999832,62,33.61000061,105.9000015,124.5999985,21.82521647,20.12624753,14.29747714
2019-04-03 00:00:00,55.47999954,46.18000031,286.4200134,288.4400024,55.04000092,67,43.22000122,63.15999985,33.36000061,105.5699997,123.5199966,22.17262908,21.05677741,14.30915672
2019-04-04 00:00:00,55.91999817,46.47999954,287.1799927,289.1300049,54.88999939,66.93000031,43.5,63.27999878,34.09000015,105.6800003,123.8700027,22.82250668,21.37304032,14.38924786
2019-04-05 00:00:00,55.59999847,46.47000122,288.5700073,290.4500122,55.04000092,67.05000305,43.84999847,63.43000031,34.49000168,105.7300034,124.0299988,22.61017488,20.89708471,14.2539564
2019-04-08 00:00:00,55.68000031,46.54999924,288.7900085,290.769989,55.09999847,66.90000153,43.81999969,63.02999878,34.90000153,105.5599976,123.5899963,22.68638113,20.86104012,14.26373618
2019-04-09 00:00:00,55.31999969,46.66999817,287.3099976,289.269989,54.77999878,66.41999817,43.75999832,63.02000046,34.56999969,105.75,123.9800034,22.73024096,20.66623058,14.21293228
2019-04-10 00:00:00,55.75,46.63999939,288.2900085,290.2200012,55.00999832,66.68000031,43.97000122,63.49000168,34.72999954,106,124.2799988,22.66732768,20.65651635,14.07567929
2019-04-11 00:00:00,55.79999924,46.70999908,288.2099915,290.2000122,55.02999878,66.33000183,43.45999908,63.06999969,34.09999847,105.7600021,123.5500031,22.26879728,20.69688218,14.01624299
2019-04-12 00:00:00,56.41999817,46.74000168,290.1600037,292.1600037,55.38999939,66.83000183,43.72999954,63.95000076,33.38000107,105.2699966,122.6699982,21.93411884,20.36739607,13.94383269
2019-04-15 00:00:00,56.27999878,47,289.9700012,291.9200134,55.49000168,66.83999634,43.5,63.88999939,33.43000031,105.4100037,122.9800034,22.04631763,20.56784054,13.89506784
2019-04-16 00:00:00,56.70999908,46.95000076,290.1600037,292.1400146,55.52999878,67.05000305,43.84999847,64.16000366,33.65000153,105.0500031,122.2099991,21.99947652,20.3092249,13.67924568
2019-04-17 00:00:00,58.56000137,47.27999878,289.4500122,291.3699951,55.72000122,67.11000061,43.95999908,64.30000305,33.40000153,105.0699997,122.2600021,21.70906769,20.0391394,13.51598205
2019-04-18 00:00:00,58.49000168,47.47999954,290.019989,292,55.56999969,66.90000153,44.00999832,63.29000092,33.68999863,105.3199997,122.9000015,21.72354007,19.87195383,13.32620526
2019-04-19 00:00:00,58.49000168,47.47999954,290.019989,292,55.56999969,66.90000153,44.00999832,63.29000092,33.68999863,105.3199997,122.9000015,21.64873439,19.80352414,13.28031605
2019-04-22 00:00:00,58.81999969,47.40000153,290.269989,292.2999878,55.61999893,66.73000336,43.75,62.97999954,33.59000015,105.1699982,122.3099976,21.6476103,19.80249586,13.27962649
2019-04-23 00:00:00,58.77999878,48.20999908,292.8800049,294.8399963,55.56000137,67.02999878,43.84999847,63.22000122,33.83000183,105.3600006,122.5699997,21.5102616,19.73180304,13.21511545
2019-04-24 00:00:00,58.72000122,47.97999954,292.230011,294.2200012,55.20999908,66.25,43.34000015,61.59000015,33.11999893,105.7600021,123.5699997,21.10206848,19.71768999,13.06749796
2019-04-25 00:00:00,57.61000061,47.84000015,292.0499878,294.0400085,55.11999893,66.29000092,43.25999832,61.25999832,33.50999832,105.6299973,123.3899994,21.44792847,20.51877633,12.98232012
2019-04-26 00:00:00,52.43000031,48.25999832,293.4100037,295.4700012,55.24000168,66.66000366,43.45999908,61.13000107,33.65999985,105.9100037,123.8099976,22.323098,20.8400499,13.15399189
2019-04-29 00:00:00,51.11000061,48.41999817,293.8699951,295.7900085,55.47000122,67,43.38000107,62.06999969,33.50999832,105.6900024,123.0199966,22.32615852,21.008295,13.17863524
2019-04-30 00:00:00,51.04000092,49.06000137,294.019989,295.9400024,55.70999908,66.66999817,43.40999985,61.47999954,33.54000092,105.9000015,123.6500015,22.23084394,21.05399298,13.08761726
2019-05-01 00:00:00,50.75999832,48.59000015,291.8099976,293.7999878,55.25999832,66.41999817,43.16999817,61,32.95999908,105.6399994,123.9000015,22.48070139,21.25495549,13.300647
2019-05-02 00:00:00,50.54999924,48.38999939,291.1799927,293.2600098,55.06999969,66.54000092,43.22999954,61.41999817,32.93000031,105.3399963,123.3099976,22.90823672,21.14606466,13.1836576
2019-05-03 00:00:00,51.75,48.72000122,294.0299988,296.0100098,55.63000107,67.19999695,43.79000092,61.43999863,33.29000092,105.4800034,123.6600037,22.20860819,21.0877512,13.08535365
2019-05-06 00:00:00,51.22000122,48.47000122,292.8200073,294.8999939,55.11000061,66.30999756,42.86000061,60.36999893,32.74000168,105.75,124,22.40866742,21.27771355,13.20322893
2019-05-07 00:00:00,50.47999954,48,287.9299927,289.9100037,54.09000015,65.30999756,42.04999924,59.29999924,32.31000137,106.1100006,124.9499969,22.24259869,21.24705246,13.15168969
2019-05-08 00:00:00,49.24000168,47.84999847,287.5299988,289.519989,54.36000061,65,41.93999863,59.43999863,32.72000122,105.9100037,124.4100037,22.88350424,22.29540733,13.22564608
2019-05-09 00:00:00,46.61999893,47.40000153,286.6600037,288.7200012,54.02999878,64.43000031,41.34999847,57.56000137,32.24000168,106.1900024,124.9199982,22.44573963,21.99031882,13.16816725
2019-05-10 00:00:00,46.20000076,48.18999863,288.1000061,290,54.45000076,64.93000031,41.68999863,57.75,32.40000153,106.1200027,124.75,22.11641026,22.11641026,12.99664344
2019-05-13 00:00:00,44.75999832,48.04999924,280.8599854,282.7999878,53.15000153,63.31000137,40.27999878,55.61000061,31.37999916,106.6500015,125.7300034,21.90996618,21.59771013,12.81550872
2019-05-14 00:00:00,45.16999817,48.68999863,283.3999939,285.3200073,53.65999985,64,40.84000015,56.47000122,31.55999947,106.5500031,125.3600006,21.4928308,21.59653565,12.19828334
2019-05-15 00:00:00,45.61999893,49.18000031,285.0599976,287.0299988,53.90000153,64.27999878,40.95000076,56.75999832,31.27000046,106.8899994,126.1299973,21.10221927,21.45069629,12.51935945
2019-05-16 00:00:00,45.52999878,49.58000183,287.7000122,289.5599976,54.36000061,64.41000366,40.84999847,55.97000122,30.78000069,106.6800003,125.7099991,21.09563586,21.71231705,12.62911696
2019-05-17 00:00:00,44.88999939,49.20000076,285.8399963,287.8999939,54.00999832,63.95999908,40.06999969,55.27000046,30.30999947,106.7300034,125.9899979,20.79627246,21.70490959,12.58014512
2019-05-20 00:00:00,43.56000137,48.84999847,283.9500122,285.980011,53.63999939,63.86000061,39.93000031,55.06999969,30.71999931,106.5500031,125.7300034,20.93067757,21.26169802,12.19683036
2019-05-21 00:00:00,44.45999908,48.59999847,286.5100098,288.480011,54.02999878,64.38999939,40.47000122,55.77999878,31.55999947,106.4300003,125.5299988,21.93228036,21.2576368,12.35997924
2019-05-22 00:00:00,44,49.65000153,285.6300049,287.6499939,53.84000015,64.06999969,40.29999924,55.88999939,31.53000069,106.75,126.25,21.77953087,21.05397082,12.70366558
2019-05-23 00:00:00,44.52999878,49.84999847,282.1400146,284.0599976,53.20000076,63.66999817,39.79000092,55.36000061,31.29999924,107.4000015,127.6699982,21.09848979,21.04783315,12.56284626
2019-05-24 00:00:00,44.56999969,49.61000061,282.7799988,284.7600098,53.81999969,64.23999786,39.84999847,55.40999985,31.42000008,107.3700027,127.7799988,21.35258296,20.94731448,12.34802395
2019-05-27 00:00:00,44.56999969,49.61000061,282.7799988,284.7600098,53.81999969,64.23999786,39.84999847,55.40999985,31.42000008,107.3700027,127.7799988,21.45393058,21.04673854,12.40663245
2019-05-28 00:00:00,43.56999969,49.09999847,280.1499939,282.0799866,53.22000122,63.86000061,39.97000122,55.45999908,31.78000069,107.8399963,128.6999969,21.80088738,21.25554814,12.36525026
2019-05-29 00:00:00,44.22999954,48.61000061,278.269989,280.2399902,52.75,63.61999893,40.31000137,54.91999817,32.24000168,107.8000031,129.0899963,22.00250666,20.63526229,12.30519935
2019-05-30 00:00:00,44.72999954,49.25,279.0299988,280.8699951,53.02999878,63.77999878,40.49000168,55.59000015,32.52000046,108.1900024,130.1999969,21.21747894,20.53548855,12.26319765
2019-05-31 00:00:00,44.04000092,49.13000107,275.269989,277.2999878,52.54999924,63.34000015,40.63999939,55.56999969,32.38000107,108.9100037,131.8300018,20.67991576,20.52859931,12.19358448
2019-06-03 00:00:00,43.45999908,49.97999954,274.5700073,276.3800049,52.91999817,63.59999847,40.88000107,56.61999893,32.59999847,109.2200012,132.4400024,20.56447992,20.17265516,12.15920693
2019-06-04 00:00:00,44.79000092,50,280.5299988,282.4400024,53.59000015,64.26000214,40.88999939,57.02000046,33.09999847,108.8199997,130.9299927,20.64258004,19.75608888,12.28423475
2019-06-05 00:00:00,44.54999924,50.77999878,282.9599915,284.8599854,53.56999969,64.19999695,40.59000015,56.45000076,32.58000183,108.8199997,130.1900024,20.51497008,19.81631784,12.32168481
2019-06-06 00:00:00,45.09999847,51.40000153,284.7999878,286.7600098,53.84999847,64.37999725,40.58000183,56.45000076,32.93000031,108.8000031,130.6100006,20.1621605,19.41353402,12.32061538
2019-06-07 00:00:00,46.02999878,51.49000168,287.6499939,289.6700134,54.56000137,65.05000305,40.86999893,56.95999908,33.15000153,109.2300034,131.7400055,20.35555434,20.08888769,12.40634847
2019-06-10 00:00:00,46.79999924,51.38000107,288.9700012,291,54.63999939,65.40000153,41.25,57.47999954,33.18999863,108.6900024,130.5,21.06923873,20.89111715,12.85019995
2019-06-11 00:00:00,46.84999847,51.33000183,288.8999939,290.9500122,54.99000168,65.76999664,41.68000031,57.95999908,33.84999847,108.6900024,130.5800018,20.91503241,21.32114954,12.97036597
2019-06-12 00:00:00,46.31999969,51.63999939,288.3900146,290.2900085,54.63000107,65.05000305,41.22999954,57.36999893,33.45999908,108.9700012,130.6799927,20.61357172,20.89350911,12.97891552
2019-06-13 00:00:00,46.70000076,51.13000107,289.5799866,291.6199951,54.68999863,64.95999908,41.27000046,57.06000137,33.66999817,109.2399979,131.1300049,20.33485224,20.41101274,12.82035004
2019-06-14 00:00:00,46.18999863,51.31000137,289.2600098,291.25,54.24000168,64.62999725,40.75999832,56.65000153,33.04000092,109.3199997,131.4600067,20.56705099,20.41489031,12.93365722
2019-06-17 00:00:00,46.13000107,50.86999893,289.3699951,289.7399902,53.22000122,64.23999786,40.65000153,56.88999939,32.5,109.3000031,131.6900024,20.5315526,20.43078424,12.9235417
2019-06-18 00:00:00,47.36999893,50.63999939,292.3999939,292.4500122,54.04000092,64.98000336,41.56999969,58.29000092,33.20999908,109.5100021,132.3500061,20.38000971,20.91929612,13.24387093
2019-06-19 00:00:00,47.06999969,51.11999893,293.0599976,293.2399902,54.25999832,65.54000092,41.86000061,58.70000076,33.50999832,109.8099976,132.5399933,20.86056168,20.73489565,13.54679849
2019-06-20 00:00:00,47.18999863,51.65999985,295.8599854,296.019989,54.75999832,66.27999878,42.50999832,59.63000107,34.11999893,109.9899979,132.8899994,20.73155258,21.11125135,13.84634831
2019-06-21 00:00:00,47.45999908,51.54999924,294,295.5700073,54.72000122,65.73000336,42.34000015,59.36000061,34.20000076,109.5400009,131.4299927,20.38352483,21.55265469,14.10580584
2019-06-24 00:00:00,47.63000107,51.91999817,293.6400146,295.269989,54.84000015,65.76999664,42.36999893,59.47999954,34.29999924,109.9199982,132.4100037,19.62359442,21.21745361,13.59243122
2019-06-25 00:00:00,46.84999847,51.75999832,290.7600098,292.4100037,54.43000031,65.48000336,41.90999985,59.20999908,33.72999954,110.0899963,132.8200073,19.33881043,20.63825619,13.60596149
2019-06-26 00:00:00,48.18999863,51.11999893,290.4700012,292.0799866,54.52000046,65.58999634,42.31999969,59.75999832,33.99000168,109.6399994,131.9700012,19.16292324,20.35584694,13.57902508
2019-06-27 00:00:00,47.45999908,51.08000183,291.5,293.2799988,54.52999878,66.01000214,42.56000137,60.11000061,33.75,109.9700012,132.8999939,19.09841156,20.16507816,13.46031666
2019-06-28 00:00:00,47.86999893,50.91999817,293,294.75,54.90000153,66.08000183,42.52999878,59.86999893,33.74000168,110.0199966,132.8099976,18.99087216,20.13184578,13.81845838
2019-07-01 00:00:00,48.04999924,51.59999847,295.6600037,297.3200073,55.09999847,66.70999908,43.13999939,59.63999939,33.90000153,109.6900024,132.2400055,18.80061907,20.08276798,13.684718
2019-07-02 00:00:00,48.11999893,51.97999954,296.4299927,298.230011,55.20999908,66.84999847,43.08000183,59.20000076,33.68999863,110.0800018,133.2599945,18.52437345,20.07966215,13.55503641
2019-07-03 00:00:00,48.52000046,52.09999847,298.7999878,300.480011,55.63999939,67.08000183,43.13000107,58.18000031,33.91999817,110.2900009,134.2100067,18.50685364,19.77927856,13.4297522
2019-07-04 00:00:00,48.52000046,52.09999847,298.7999878,300.480011,55.63999939,67.08000183,43.13000107,58.18000031,33.91999817,110.2900009,134.2100067,18.54694586,19.62906075,13.4886879
2019-07-05 00:00:00,48.08000183,52.11000061,298.4599915,300.1000061,55.08000183,66.77999878,42.83000183,57.79999924,34.52999878,109.5899963,132.4299927,19.31497921,19.17656568,13.31286515
2019-07-08 00:00:00,47.81999969,52,296.8200073,298.5499878,54.81999969,66.23000336,42.65999985,56.68999863,34.70000076,109.4800034,132.6100006,19.58991379,18.98868881,13.15179634
2019-07-09 00:00:00,47.75,51.59000015,297.1900024,299.0299988,54.59000015,65.69000244,42.54999924,56.47999954,34.61999893,109.4100037,132.5599976,19.53814261,18.97490339,12.94198556
2019-07-10 00:00:00,48.20999908,51.81999969,298.6099854,300.3999939,54.75999832,66.06999969,42.83000183,57.20999908,35.04000092,109.4700012,131.8300018,19.85897009,19.11145553,12.80741609
2019-07-11 00:00:00,48.59999847,52.04000092,299.3099976,300.9299927,54.72999954,66.26000214,42.74000168,57.45999908,35.04999924,108.9300003,130.0700073,20.13808942,19.63776422,12.73327641
2019-07-12 00:00:00,49.91999817,52.11999893,300.6499939,302.4899902,54.75,66.37999725,42.74000168,57.61000061,34.88999939,109.0500031,130.2200012,20.03757095,19.46149079,12.77395148
2019-07-15 00:00:00,50.11999893,52.13000107,300.75,302.4599915,54.83000183,66.37999725,42.93999863,57.41999817,34.75999832,109.2799988,130.9700012,20.19059184,19.43627334,12.79827054
2019-07-16 00:00:00,49.16999817,52.13999939,299.7799988,301.4400024,54.65000153,66.01000214,42.86000061,57.47999954,34.59000015,109.0400009,130.5800018,20.3167053,19.80346752,12.69324657
2019-07-17 00:00:00,49.38999939,52.18000031,297.7399902,299.480011,54.52000046,65.94999695,42.75999832,56.97000122,34.56000137,109.5500031,131.9900055,20.05783968,19.11452544,12.61062198
2019-07-18 00:00:00,49.93999863,52.02999878,298.8299866,300.6499939,54.75999832,66.01000214,43.02999878,57.70000076,34.79999924,109.8199997,132,20.06963391,19.32355087,12.45958685
2019-07-19 00:00:00,50.27000046,51.38999939,297.1700134,298.8999939,54.45000076,66.22000122,42.75,57.72000122,34.36999893,109.6200027,131.6900024,20.23001689,19.16395896,12.61710911
2019-07-22 00:00:00,51.34999847,51.22000122,297.8999939,299.5799866,54.56999969,66.26999664,42.70000076,58.08000183,34.47000122,109.6699982,131.9400024,20.00800834,18.66913599,12.51282573
2019-07-23 00:00:00,51.75,54.33000183,300.0299988,301.7200012,54.90000153,66.65000153,42.70000076,58.08000183,34.15000153,109.4899979,131.2200012,19.44836056,18.58759284,12.47489452
2019-07-24 00:00:00,52.91999817,53.77999878,301.4400024,303.1700134,54.88000107,66.66000366,42.83000183,57.77999878,34.29999924,109.6500015,131.7899933,18.85759902,16.34491102,12.41417138
2019-07-25 00:00:00,52.15999985,53.06999969,300,301.7099915,54.36000061,66.01000214,42.58000183,56.99000168,33.75999832,109.4599991,131.1600037,18.554127,15.7323015,12.24872045
2019-07-26 00:00:00,51.59000015,54.16999817,302.0100098,303.769989,54.56999969,66.09999847,42.61999893,57.13000107,33.79000092,109.4400024,131.4700012,18.53074064,15.46719078,12.22929255
2019-07-29 00:00:00,52.50999832,53.99000168,301.4599915,303.2200012,54.65000153,65.86000061,42.61000061,56.43000031,33.90999985,109.5400009,131.5099945,18.26800487,17.10459534,12.15391652
2019-07-30 00:00:00,51.70000076,53.72000122,300.7200012,302.480011,53.79000092,65.5,42.18999863,56.33000183,33.47999954,109.5899963,131.8300018,17.5076368,17.03115541,12.046427
2019-07-31 00:00:00,50.54999924,52.63000107,297.4299927,299.230011,53.47000122,65.12999725,41.75999832,55.40000153,33.02999878,109.8700027,132.8899994,17.09921378,17.1721834,11.91837091
2019-08-01 00:00:00,49.5,52.02999878,294.8399963,296.519989,53.25999832,64.83999634,41,54.68999863,32.52999878,110.9199982,135.2599945,16.73573928,16.60204782,12.00792332
2019-08-02 00:00:00,48.68000031,52.33000183,292.6199951,294.4200134,52.77000046,64.30000305,40.61000061,53.75,32.20000076,111.1500015,136.5099945,16.39205199,16.2950576,11.97880723
2019-08-05 00:00:00,46.97000122,51.65000153,283.8200073,285.5700073,51.65000153,62.25,39.18000031,51.45000076,30.95000076,112.1100006,138.8699951,16.16235273,16.25956989,12.0427756
2019-08-06 00:00:00,46.95999908,52.27000046,287.7999878,289.3800049,51.93000031,62.83000183,39.79999924,51.83000183,31.48999977,112.2900009,139.9799957,16.17041016,16.26767578,12.03662109
2019-08-07 00:00:00,46.72999954,53.18000031,287.9700012,289.6600037,52.13000107,63.11000061,39.97000122,51.90999985,31.80999947,112.2900009,140.0299988,16.52651205,16.45349359,12.24276224
2019-08-08 00:00:00,47.16999817,53.68999863,293.6199951,295.2799988,52.59999847,63.75,40.49000168,52.33000183,32.47999954,112.3000031,140.3300018,16.97632115,16.78202849,12.33758389
2019-08-09 00:00:00,45.97999954,53.41999817,291.6199951,293.3599854,52.34999847,63.11000061,40.09000015,52.13999939,32.16999817,112.1299973,140.0500031,16.8919333,16.53976503,12.38660817
2019-08-12 00:00:00,45.59999847,53.20000076,288.0700073,289.8099976,51.97000122,62.41999817,39.63999939,51.54999924,31.15999985,112.8399963,142.9700012,16.001251,16.18158065,12.23837229
2019-08-13 00:00:00,46.84000015,53.5,292.5499878,294.2799988,52.38999939,63.15000153,40.11000061,52.43999863,31.73999977,112.4400024,142.4799957,16.25800249,15.99226991,12.27201377
2019-08-14 00:00:00,45.86999893,52.99000168,283.8999939,285.6000061,50.90000153,61.59999847,39,51.18000031,30.32999992,113.1900024,145.6900024,16.32283766,15.94884803,12.35372192
2019-08-15 00:00:00,45.70000076,53.86999893,284.6499939,286.3399963,50.88999939,62.11000061,39.22000122,51.45999908,30.38999939,113.9100037,147.3099976,16.10063274,15.67851877,12.37396943
2019-08-16 00:00:00,46.5,54.40999985,288.8500061,290.5799866,51.54999924,62.81000137,39.74000168,52.20000076,30.57999992,113.6100006,146.1300049,16.05765232,15.71908736,12.45435383
2019-08-19 00:00:00,47.22999954,54.68999863,292.3299866,294.0700073,51.93000031,62.95999908,39.86999893,52.11999893,30.11000061,113.0699997,144.0399933,16.19846758,16.17414556,12.59880812
2019-08-20 00:00:00,46.59999847,53.88000107,290.0899963,291.7900085,51.66999817,63.04999924,39.93999863,52.77000046,30.26000023,113.5699997,145.5299988,16.2198238,15.98932518,12.5197144
2019-08-21 00:00:00,47.15000153,54.09999847,292.4500122,294.1799927,52.27999878,63.29000092,40.25,53.43000031,30.86000061,113.2699966,144.5599976,16.74754667,15.56779938,12.38126544
2019-08-22 00:00:00,46.77999878,54.49000168,292.3599854,294.0700073,52.18000031,62.97999954,39.84000015,52.34999847,30.30999947,113.0199966,143.6000061,16.88808048,15.77191424,12.56900243
2019-08-23 00:00:00,44.95999908,53.74000168,284.8500061,286.4700012,51.56000137,62.13000107,39.27000046,51.66999817,29.46999931,113.7799988,145.9600067,16.77285006,15.63342343,12.57044862
2019-08-26 00:00:00,45.56000137,54.54000092,288,289.6600037,51.90000153,62.79999924,39.52000046,51.77999878,29.20000076,113.6699982,145.3699951,16.78724735,15.64684267,12.5812387
2019-08-27 00:00:00,45.79000092,54.72000122,286.8699951,288.5499878,51.93000031,62.63999939,39.54000092,51.90000153,29.37000084,114.1600037,147.6100006,17.00073286,15.59520857,12.22195029
2019-08-28 00:00:00,45.79000092,55.11000061,288.8900146,290.5,51.84000015,62.75,39.68999863,52.38999939,29.48999977,114.1999969,147.8000031,16.59460485,15.50139994,12.27091802
2019-08-29 00:00:00,46.86999893,55.04999924,292.5799866,294.2799988,52.34999847,63.20000076,40.15000153,52.75,30.14999962,113.9800034,147.2400055,16.32393721,15.34645594,12.15742329
2019-08-30 00:00:00,47.40999985,55.04000092,292.4500122,294.269989,52.59000015,63.45999908,40.40000153,53.25999832,30.61000061,114.0100021,147.2799988,16.58582952,15.01377073,12.16212921
2019-09-02 00:00:00,47.40999985,55.04000092,292.4500122,294.269989,52.59000015,63.45999908,40.40000153,53.25999832,30.61000061,114.0100021,147.2799988,16.71895206,15.19904733,12.40242262
2019-09-03 00:00:00,46.97999954,55.29999924,290.7399902,292.4100037,52.38000107,63.34000015,40.18999863,53.06999969,29.96999931,114.0699997,147.2100067,16.39858598,14.96265388,12.04252304
2019-09-04 00:00:00,48.91999817,55.77000046,294.0400085,295.7600098,53.25,64.08999634,40.84999847,54.25999832,30.84000015,114.25,147.4299927,16.26163672,14.96796004,12.09043622
2019-09-05 00:00:00,50.09999847,55.11999893,297.8200073,299.6300049,53.50999832,64.75,41.15999985,55.13000107,31.23999977,113.3300018,144.7599945,16.30328264,15.13963737,12.4938755
2019-09-06 00:00:00,50.91999817,55.22999954,298.0499878,299.8299866,53.65999985,65.02999878,41.29000092,55.40999985,31.70000076,113.4000015,145.7899933,16.39081615,15.03518474,12.49645683
2019-09-09 00:00:00,51.59000015,54.52000046,298.2000122,299.9700012,53.68000031,65.36000061,41.40000153,55.79000092,31.86000061,112.6999969,143.1999969,16.3487409,14.98532224,12.30761712
2019-09-10 00:00:00,51.81999969,54.40000153,298.1300049,299.9500122,53.74000168,65.51999664,41.40000153,56.24000168,31.81999969,111.8799973,140.6900024,16.25885707,15.06135583,12.51820886
2019-09-11 00:00:00,52.79000092,54.77000046,300.25,302.1199951,54.02999878,66.08000183,41.70999908,56.79999924,32.02999878,111.7699966,140.4400024,16.2836666,15.41882847,12.6760561
2019-09-12 00:00:00,53.00999832,55.11000061,301.2900085,303.0799866,54.38000107,66.51000214,41.97000122,57.43999863,32.31999969,111.5199966,139.5200043,16.45450839,15.41839242,12.77876364
2019-09-13 00:00:00,52.54000092,54.25999832,301.0899963,302.8699951,54.54999924,67.05999756,42.18999863,58.02999878,32.06000137,110.5,136.5399933,16.324114,15.41173905,12.82256689
2019-09-16 00:00:00,52.20000076,53.95999908,300.1600037,301.980011,54.04000092,66.61000061,41.84999847,56.97999954,32.04999924,110.9800034,138.2799988,16.37152066,15.49670658,12.9472484
2019-09-17 00:00:00,51.95000076,54.24000168,300.9200134,302.7099915,54.27000046,66.80999756,41.90000153,57.04000092,32.47000122,111.2699966,139.0299988,16.10738319,15.36167101,12.80139251
2019-09-18 00:00:00,51.74000168,54.22999954,301.1000061,302.9299927,54.24000168,66.55000305,41.68999863,56.95000076,32.16999817,111.3099976,139.6199951,16.31596606,15.40327217,12.82772504
2019-09-19 00:00:00,51.56999969,54.52000046,301.0799866,302.8900146,54.40999985,66.87999725,41.43000031,56.86999893,31.75,111.3600006,140.0399933,16.5982869,15.51335004,12.86959585
2019-09-20 00:00:00,50.72000122,53.90999985,298.2799988,301.2200012,54.22000122,66.70999908,41.5,57.13000107,31.89999962,112,141.8899994,16.53306684,16.43286644,13.10120297
2019-09-23 00:00:00,50.90000153,54.13999939,298.2099915,301.3800049,54.08000183,66.70999908,41.65000153,57.34000015,31.73999977,112.1600037,141.8600006,16.50037415,16.21351957,12.7213769
2019-09-24 00:00:00,49.81999969,54.29999924,295.8699951,297.5100098,53.45999908,66.41000366,40.63000107,57.04999924,31.42000008,112.7200012,143.5700073,16.46336068,15.9908473,12.83246844
2019-09-25 00:00:00,51.02000046,54.16999817,297.6199951,299.1900024,53.15000153,66.45999908,40.66999817,56.5,31.67000008,111.9800034,141.4700012,15.93207675,16.05693629,12.83556027
2019-09-26 00:00:00,50.91999817,54.38999939,297,298.5899963,53.41999817,66.51000214,40.65000153,56.50999832,31.81999969,112.2200012,142.3800049,16.04271447,15.25170235,12.48315995
2019-09-27 00:00:00,50.77999878,54.31000137,295.3999939,297,53.41999817,65.73000336,40.13999939,55.43000031,31.79000092,112.3799973,142.7299957,16.52484903,15.24232344,12.65260829
2019-09-30 00:00:00,51.52999878,54.43999863,296.769989,298.519989,53.61000061,66.05000305,40.25999832,56.34000015,31.57999992,112.4700012,143.0800018,16.42367126,15.19435455,12.53903046
2019-10-01 00:00:00,50.75999832,54.65000153,293.2399902,294.9100037,53.02000046,65.61000061,39.97999954,56.04000092,31.29000092,112.6100006,143.2599945,16.46859324,14.25639415,12.4128949
2019-10-02 00:00:00,49.38999939,53.08000183,288.0599976,289.6300049,51.70000076,64.79000092,39.79000092,55.02000046,30.68000031,113,143.6100006,16.36099956,14.18526934,12.24309208
2019-10-03 00:00:00,50.02999878,53.84000015,290.4200134,292.0400085,52.08000183,65.23000336,40.27000046,55.74000168,31.03000069,113.5899963,144.9199982,16.05719093,14.51914582,12.05827365
2019-10-04 00:00:00,50.91999817,54.54000092,294.3500061,296.019989,52.5,65.76999664,40.45999908,56.11999893,31.76000023,113.8099976,145.9900055,15.82286275,14.81079197,12.31764199
2019-10-07 00:00:00,50.61999893,53.86999893,293.0799866,294.6900024,52.5,65.43000031,40.15000153,55.77999878,31.04999924,113.4300003,144.7799988,15.67703656,14.67794926,12.30974232
2019-10-08 00:00:00,49.72999954,53.58000183,288.5299988,290.1300049,51.90000153,64.98999786,39.81000137,56.04000092,30.76000023,113.6699982,145.1699982,15.38461554,14.69648577,12.11599914
2019-10-09 00:00:00,50.47999954,53.83000183,291.269989,292.8800049,52.34999847,65.51999664,40.11000061,56.36000061,31.05999947,113.3799973,144.3500061,15.31111036,14.10137378,12.03626792
2019-10-10 00:00:00,51.11000061,53.65999985,293.2399902,294.9500122,52.84000015,65.73999786,40.54000092,57,31.36000061,112.6699982,142.1999969,15.46165204,14.04494458,12.07865234
2019-10-11 00:00:00,52.09000015,53.29999924,296.2799988,297.8900146,53.97999954,66.47000122,41.08000183,57.81999969,32.06000137,111.9000015,140.4400024,16.57341731,15.16846895,12.39587176
2019-10-14 00:00:00,51.63999939,53.29999924,295.9500122,297.6900024,53.77999878,66.23000336,40.99000168,57.47999954,31.95999908,112.2099991,141.4600067,17.19969304,15.74850838,12.53066412
2019-10-15 00:00:00,52.65000153,53.50999832,298.8800049,300.6199951,54.47000122,67.06999969,41.27000046,58.15000153,31.86000061,111.6699982,139.75,17.21506854,15.63859706,12.4856541
2019-10-16 00:00:00,52.45000076,53.49000168,298.3999939,300.0700073,54.54000092,67.08000183,41.38000107,58.15000153,32.11999893,111.8899994,139.9199982,17.71176223,15.82318816,12.54370481
2019-10-17 00:00:00,51.86000061,53.79000092,299.2799988,300.9100037,54.79999924,67.05999756,41.50999832,58.40999985,31.95000076,111.8499985,139.5800018,17.06847919,15.9784561,12.58014882
2019-10-18 00:00:00,51.36000061,54.77999878,297.9700012,299.6000061,54.86000061,66.79000092,41.40000153,57.59000015,32.15999985,111.9499969,139.5800018,17.15385001,16.13723024,12.66270699
2019-10-21 00:00:00,52.13000107,54.22999954,299.9899902,301.75,55.11000061,67.40000153,41.70000076,58.61999893,32.29999924,111.5400009,138.5299988,17.10570457,16.46069309,12.70672625
2019-10-22 00:00:00,52.00999832,53.84999847,299.0100098,300.7000122,54.88000107,67.5,41.66999817,59.08000183,32.86999893,111.8000031,139.3399963,16.83724395,16.73347049,12.7122489
2019-10-23 00:00:00,51.72000122,54.63999939,299.8800049,301.5700073,55.20000076,67.73000336,41.68999863,59.02000046,33.29000092,111.8399963,139.4799957,16.94347495,17.00789881,12.51111344
2019-10-24 00:00:00,52.22999954,54.61000061,300.3699951,302.1099854,55.34000015,67.76999664,41.74000168,59.04999924,33.20999908,111.8199997,139.1999969,16.8131299,17.13621079,12.53553882
2019-10-25 00:00:00,56.45999908,53.75,301.6000061,303.3099976,55.33000183,67.86000061,41.93000031,59.15000153,33.47999954,111.5800018,138.5200043,16.53826444,16.94915299,12.40369833
2019-10-28 00:00:00,56.75999832,53.56999969,303.2999878,305.0100098,55.61000061,68.16000366,42.25999832,59.54000092,33.79999924,111.1600037,137.2599945,16.60464535,16.7586297,12.447068
2019-10-29 00:00:00,56.34000015,53.40999985,303.2099915,304.9100037,55.54000092,68.15000153,42.02000046,59.29999924,33.52000046,111.2600021,137.3500061,16.47037544,16.61180724,12.61314466
2019-10-30 00:00:00,56.59999847,53.93999863,304.1400146,305.8699951,55.84000015,68.34999847,42.18000031,59.38999939,33.54999924,111.8000031,139.3600006,16.52084394,16.64951095,12.60936687
2019-10-31 00:00:00,56.52999878,54.43000031,303.3299866,304.9700012,55.66999817,68.19000244,41.84999847,58.93000031,33.09000015,112.5100021,141.2400055,16.75934487,16.51421204,12.55338149
2019-11-01 00:00:00,56.50999832,53.90000153,306.1400146,307.9500122,56.09000015,69.06999969,42.5,60.09000015,33.70999908,112.1299973,140.5599976,16.95090691,16.84738992,12.64201225
2019-11-04 00:00:00,57.61000061,53.13999939,307.3699951,309.1099854,56.36999893,69.47000122,42.81000137,60.65000153,33.72000122,111.5599976,138.7100067,16.81889939,16.92240031,12.54948647
2019-11-05 00:00:00,57.54999924,52.41999817,307.0299988,308.7399902,56.25,69.54000092,43.02000046,61.38000107,33.70999908,110.9599991,137.1499939,17.35206971,16.88797275,12.54350953
2019-11-06 00:00:00,57.59999847,52.79999924,307.1000061,308.8800049,56.22000122,69.5,42.95000076,60.75999832,33.25999832,111.2799988,137.9799957,17.41460276,16.97666156,12.67453337
2019-11-07 00:00:00,58.04999924,52.29000092,308.1799927,309.980011,56.34000015,69.98000336,43.24000168,61.50999832,33.54999924,110.3899994,135.4799957,18.92517357,17.35664696,13.08819748
2019-11-08 00:00:00,58.27000046,52.20999908,308.9400024,310.6700134,56.27999878,69.73999786,42.84999847,61.09999847,32.65999985,110.2399979,134.9100037,18.59488955,17.25299031,12.9844727
2019-11-11 00:00:00,58.34999847,51.84000015,308.3500061,310.1600037,56.27000046,69.55999756,42.61000061,60.27999878,32.75,110.3600006,135,18.49079224,17.0192067,13.00113835
2019-11-12 00:00:00,58.20000076,51.70999908,309,310.6900024,56.22999954,69.52999878,42.29000092,60.27999878,32.11000061,110.4100037,135.6199951,19.36479401,17.48746338,12.90986267
2019-11-13 00:00:00,57.88999939,52.40999985,309.1000061,310.8599854,56.13000107,69.23000336,42.02000046,59.72999954,31.77000046,110.7099991,136.5,19.26537137,17.89019142,12.82644471
2019-11-14 00:00:00,57.81000137,52.63000107,309.5499878,311.2999878,56.09000015,69.01999664,42,60.34000015,31.68000031,111.2699966,137.9100037,19.02362409,17.37833768,12.62243166
2019-11-15 00:00:00,57.95999908,52.66999817,311.7900085,313.6099854,56.43999863,69.51000214,42.27999878,61.54000092,32.45000076,111.1800003,137.7599945,19.21962238,17.1327733,12.75296659
2019-11-18 00:00:00,58.25,53.02999878,312.019989,313.75,56.52999878,69.55999756,42.27000046,61.13000107,31.89999962,111.3700027,138.0099945,19.04589595,16.72007419,12.39146147
2019-11-19 00:00:00,58.34999847,53.08000183,311.9299927,313.6799927,56.43999863,69.48999786,42.41999817,60.72999954,31.71999931,111.5800018,139.1600037,18.70103017,15.92954786,12.36806358
2019-11-20 00:00:00,57.90000153,53.22000122,310.769989,312.519989,56.08000183,68.98999786,42.25999832,60.02999878,31.62999916,111.9899979,140.6000061,18.61848392,15.79985233,12.3476751
2019-11-21 00:00:00,58.22000122,52.95999908,310.269989,312.0700073,56.00999832,68.80000305,42.31000137,58.95000076,32.06000137,111.7099991,139.7200012,18.42108616,15.56420192,12.35828658
2019-11-22 00:00:00,57.61000061,53.02999878,310.9599915,312.7399902,56.09999847,68.91000366,42.22999954,59.00999832,32.38999939,111.6900024,139.8999939,18.08785558,15.50387621,12.273902
2019-11-25 00:00:00,58.81000137,53.22000122,313.3699951,315.1000061,56.56000137,69.55000305,42.61000061,59.97000122,32.08000183,111.7399979,140.3099976,17.86632475,15.47557913,12.22365096
2019-11-26 00:00:00,58.90000153,53.90000153,314.0799866,315.730011,56.63000107,69.47000122,42.43999863,60.00999832,31.5,111.9499969,141.1300049,17.97874581,15.76042136,12.00732593
2019-11-27 00:00:00,58.50999832,53.95000076,315.480011,317.25,56.72999954,69.66999817,42.56999969,59.81999969,31.59000015,111.6600037,140.7200012,18.44254451,15.99897167,12.08925512
2019-11-28 00:00:00,58.50999832,53.95000076,315.480011,317.25,56.72999954,69.66999817,42.56999969,59.81999969,31.59000015,111.6600037,140.7200012,19.05870202,16.11068027,12.15412476
2019-11-29 00:00:00,58.04999924,53.40000153,314.3099976,316.0599976,56.38999939,68.94999695,42.06000137,58.47000122,31.52000046,111.5699997,140.4199982,19.11107678,16.01198325,12.18976789
2019-12-02 00:00:00,57.65999985,53.75,311.6400146,313.4100037,56.06000137,68.75,42.06999969,58.09999847,31.75,111.0100021,138.3099976,18.87864477,16.14111215,12.060639
2019-12-03 00:00:00,56.06999969,53.79999924,309.5499878,311.25,55.79999924,68.55999756,41.90000153,57.43000031,31.62999916,112,141.2100067,18.77685199,16.04637938,12.07360642
2019-12-04 00:00:00,56.02000046,54.29000092,311.4599915,313.1799927,56.29999924,69.18000031,42.27000046,57.54000092,32.20000076,111.5699997,139.8000031,19.48372738,16.4812317,12.02298054
2019-12-05 00:00:00,56.08000183,54.18999863,312.019989,313.8399963,56.31000137,69.06999969,42.49000168,57.34999847,32.47000122,111.3099976,139.1199951,19.98164371,16.52025661,12.03618696
2019-12-06 00:00:00,56.81000137,54.41999817,314.8699951,316.6400146,56.75999832,69.76000214,42.65000153,58.13000107,32.72999954,110.9700012,138.3500061,20.0665819,16.5796021,11.92152341
2019-12-09 00:00:00,56.52999878,54.06999969,313.8800049,315.7000122,56.50999832,69.40000153,42.49000168,57.70000076,32.79000092,111.0599976,138.6499939,20.40574998,16.87120604,12.10154265
2019-12-10 00:00:00,56.59000015,53.77000046,313.5299988,315.3699951,56.56000137,69.37999725,42.58000183,58.22999954,32.74000168,110.9300003,138.6600037,20.52057276,17.19468877,12.22558147
2019-12-11 00:00:00,57.06999969,53.95000076,314.4200134,316.1700134,56.86000061,69.80000305,43.15000153,58.93999863,33.09000015,111.3899994,139.75,20.27470728,17.07067323,12.08078413
2019-12-12 00:00:00,57.54999924,54.13999939,317.1300049,318.9700012,57.29999924,70.41000366,43.74000168,61.02999878,33.70999908,110.5100021,137.4499969,20.53935477,17.21292971,12.14409151
2019-12-13 00:00:00,57.79000092,54.41999817,317.3200073,319.0799866,57.88999939,70.51000214,43.68999863,61.18000031,33.70999908,111.1600037,139.0399933,21.19660389,18.05686536,12.23554757
2019-12-16 00:00:00,57.70000076,54.41999817,319.5,319.3200073,58.63999939,70.94999695,44.06000137,60.31000137,33.31999969,110.6399994,137.7899933,21.36523819,17.97350663,12.12477267
2019-12-17 00:00:00,57.29999924,54.41999817,319.5700073,319.3500061,58.22000122,70.90000153,44.38999939,61.36999893,33.47000122,110.6500015,137.6000061,20.94393734,17.30728409,12.43629232
2019-12-18 00:00:00,57.16999817,53.90999985,319.5899963,319.3699951,58.11000061,70.75,44.63000107,61.36000061,33.93000031,110.3499985,136.4700012,20.99544716,17.11128943,12.79410061
2019-12-19 00:00:00,57.95999908,54.31999969,320.8999939,320.7399902,58.18000031,70.72000122,44.65999985,61.52999878,33.97000122,110.2799988,136.4700012,21.42389654,17.27522507,12.69467297
2019-12-20 00:00:00,58.95000076,54.97000122,320.730011,322.3800049,58.24000168,70.73999786,44.70000076,61.91999817,33.77999878,110.2799988,136.6499939,21.24446766,16.94871133,12.50976313
2019-12-23 00:00:00,59.22999954,54.90999985,321.2200012,322.6099854,58.11999893,69.61000061,44.22000122,61.68000031,33.86000061,110.1800003,136.4499969,21.32889462,17.16715908,12.16007102
2019-12-24 00:00:00,59.40999985,54.70999908,321.230011,322.6499939,58.09000015,69.47000122,44.18000031,61.20999908,33.88000107,110.3700027,136.8399963,21.06148968,16.69902992,12.10356045
2019-12-25 00:00:00,59.40999985,54.70999908,321.230011,322.6499939,58.09000015,69.47000122,44.18000031,61.20999908,33.88000107,110.3700027,136.8399963,21.04514328,16.68606935,12.09416654
2019-12-26 00:00:00,59.81999969,55.02000046,322.9400024,324.3200073,58.38000107,69.73000336,44.54999924,61.59999847,34.34999847,110.5299988,137.1699982,21.1079396,16.73585869,12.13025417
2019-12-27 00:00:00,60.08000183,55.34999847,322.8599854,324.2600098,58.65000153,69.80000305,44.61000061,62.49000168,34.15000153,110.6900024,137.3200073,21.2586128,16.98088582,12.09205499
2019-12-30 00:00:00,59.61999893,55.27000046,321.0799866,322.5100098,58.18999863,69.30999756,44.36000061,61.90000153,33.90000153,110.6200027,136.8200073,21.37910247,17.0194937,12.07074861
2019-12-31 00:00:00,59.84999847,55.34999847,321.8599854,323.2399902,58.59999847,69.58000183,44.47000122,62.18999863,33.97000122,110.2200012,135.4799957,21.30867988,17.0469439,12.09021714
2020-01-01 00:00:00,59.84999847,55.34999847,321.8599854,323.2399902,58.59999847,69.58000183,44.47000122,62.18999863,33.97000122,110.2200012,135.4799957,21.55172452,17.24137962,12.22811693
2020-01-02 00:00:00,60.84000015,54.99000168,324.8699951,326.3200073,59.09000015,70.23000336,45.52999878,62.16999817,34.83000183,110.7300034,137.0099945,22.02199611,17.19888745,11.99152014
2020-01-03 00:00:00,60.09999847,54.68999863,322.4100037,323.8099976,58.34999847,69.31999969,44.72000122,60.90999985,34.47999954,111.4700012,139.1199951,21.33368434,17.04590315,11.70590571
2020-01-06 00:00:00,59.93000031,54.66999817,323.6400146,325.0899963,58.56999969,69.48000336,44.63999939,60.68999863,34.20000076,111.3499985,138.3300018,20.7450421,16.37628796,11.52357004
2020-01-07 00:00:00,58.93000031,54.25,322.730011,324.2000122,58.27999878,69.56999969,44.61999893,61.34000015,34.11000061,111.1900024,137.6499939,20.65059975,16.54155184,11.70815253
2020-01-08 00:00:00,58.97000122,54.34999847,324.4500122,325.8500061,58.43000031,69.73999786,44.81999969,61.38000107,34.00999832,110.9300003,136.7400055,20.18201756,15.99874036,11.65809851
2020-01-09 00:00:00,59.29999924,55.34000015,326.6499939,328.0499878,58.49000168,70.18000031,45.04999924,61.95999908,33.70999908,111.0100021,137.2200012,20.43089797,15.98825884,11.72909153
2020-01-10 00:00:00,58.93999863,55.52999878,325.7099915,327.1400146,58.20999908,70.08999634,45.27000046,62.68999863,33.56999969,111.25,138.4400024,20.52019261,16.18089073,11.6063255
2020-01-13 00:00:00,59.59000015,56.13000107,327.9500122,329.4299927,58.5,70.66000366,45.88999939,64.08999634,33.75999832,111.1200027,138.0200043,21.32961164,16.64622902,11.61061429
2020-01-14 00:00:00,59.43000031,56,327.4500122,328.9200134,58.54000092,70.70999908,45.68000031,63.88000107,33.65999985,111.3399963,138.7299957,21.17075659,16.36512473,11.54650467
2020-01-15 00:00:00,58.93999863,56.70000076,328.1900024,329.6600037,58.56000137,70.47000122,45.38999939,63.16999817,33.00999832,111.6200027,139.6499939,21.0964968,16.43443146,11.51191554
2020-01-16 00:00:00,59.65999985,56.81999969,330.9200134,332.3999939,58.84000015,70.80999756,45.61999893,63.93999863,33.25,111.3899994,139.2100067,21.12676048,16.51017208,11.07198744
2020-01-17 00:00:00,59.59999847,56.93999863,331.9500122,333.5,59.06999969,70.86000061,45.90999985,64.04000092,33.79999924,111.3000031,138.0200043,20.67747984,16.60999329,11.10384591
2020-01-20 00:00:00,59.59999847,56.93999863,331.9500122,333.5,59.06999969,70.86000061,45.90999985,64.04000092,33.79999924,111.3000031,138.0200043,20.23933268,16.46722054,10.9261179
2020-01-21 00:00:00,60.54999924,57.16999817,331.2999878,332.7799988,58.63999939,70.19999695,44.77000046,62.65000153,32.88999939,111.7399979,139.4700012,20.22369684,16.33502459,10.57354697
2020-01-22 00:00:00,62.72999954,57.61000061,331.3399963,332.8500061,58.70000076,70.56999969,45.04000092,63.88999939,33.27999878,111.7600021,139.9600067,20.27661846,16.28392525,10.62108586
2020-01-23 00:00:00,63.31999969,57.83000183,331.7200012,333.2600098,58.45999908,70.51000214,44.63000107,63.25,33.49000168,112.0400009,140.9400024,19.7171241,16.08917327,10.68668126
2020-01-24 00:00:00,68.47000122,57.68000031,328.769989,330.230011,58.25,70.11000061,44.29000092,62.90000153,33.08000183,112.4400024,142.0800018,19.78483291,16.42613449,10.65337157
2020-01-27 00:00:00,65.69000244,57.47999954,323.5,324.8699951,57.04999924,68.47000122,42.79999924,60.70999908,31.87000084,113.1999969,144.2899933,19.59273219,15.83092761,10.63232267
2020-01-28 00:00:00,67.30999756,57.00999832,326.8900146,328.3299866,57.63999939,68.98000336,43.15999985,60.65999985,32.52999878,112.8199997,143.1600037,19.64241383,15.80273985,10.68317454
2020-01-29 00:00:00,66.33000183,57.00999832,326.6199951,328.1000061,57.70999908,68.76000214,43.36000061,60.70000076,32.09999847,113.3600006,144.5599976,19.77128783,15.96811521,10.61501949
2020-01-30 00:00:00,66.47000122,58.86000061,327.6799927,329.0899963,57.68000031,68.38999939,42.77000046,59.34999847,32.04999924,113.4700012,144.5800018,19.66325179,16.17335015,10.56085908
2020-01-31 00:00:00,63.93000031,58.40000153,321.730011,323.2399902,56.79000092,67.08000183,42.00999832,57.65000153,31.29999924,114.0400009,145.8999939,19.80366419,16.2303659,10.52355982
2020-02-03 00:00:00,64.41999817,58.58000183,324.1199951,325.5599976,56.81000137,67.59999847,42.31000137,58.58000183,31.84000015,113.7900009,145.5399933,19.45612514,15.89707786,10.2948738
2020-02-04 00:00:00,65.45999908,58.84000015,329.0599976,330.6099854,57.75999832,68.77999878,43.31999969,60.24000168,32.24000168,113.1299973,143.5800018,19.88614354,16.2468493,10.26800876
2020-02-05 00:00:00,67.33999634,58.84999847,332.8599854,334.2900085,58.33000183,69.41999817,43.56000137,60.79999924,32.38000107,112.6399994,142.0099945,20.27889947,16.29088968,10.21764601
2020-02-06 00:00:00,67.08999634,58.99000168,333.980011,335.5700073,58.43000031,69.81999969,43.54000092,61.65999985,32.00999832,112.7200012,142.6499939,20.58747116,16.03847185,10.13776989
2020-02-07 00:00:00,66.01999664,59.18999863,332.2000122,333.75,57.86999893,69.01000214,42.95000076,60.45000076,31.71999931,113.2600021,144.4299927,20.79184994,16.16281867,9.982156811
2020-02-10 00:00:00,66.38999939,59.75,334.6799927,336.2200012,58.04999924,69.01999664,43.22000122,61.02000046,31.61000061,113.4800034,144.8300018,20.83279692,15.9082125,10.04254257
2020-02-11 00:00:00,67.41000366,59.59000015,335.2600098,336.8399963,58.47999954,69.48999786,43.77000046,61.91999817,32.11000061,113.2099991,144.1000061,20.43663656,15.94109324,10.16664537
2020-02-12 00:00:00,67.45999908,59.40999985,337.4200134,339,58.84000015,69.73000336,44.33000183,62.90000153,32.34999847,112.9199982,143.3699951,21.1062318,16.04021791,10.30046303
2020-02-13 00:00:00,67.44000244,59.61000061,337.0599976,338.5799866,58.45000076,69,43.86000061,61.83000183,31.95000076,113.0199966,143.9199982,23.55685243,17.3113063,10.62520297
2020-02-14 00:00:00,67.26999664,59.95000076,337.6000061,339.0700073,58.45999908,68.84999847,43.77000046,62.09000015,32.04000092,113.3000031,144.5500031,23.3929571,17.37837081,10.64620914
2020-02-17 00:00:00,67.26999664,59.95000076,337.6000061,339.0700073,58.45999908,68.84999847,43.77000046,62.09000015,32.04000092,113.3000031,144.5500031,22.3597134,17.22990174,10.28572922
2020-02-18 00:00:00,66.13999939,59.52999878,336.730011,338.2600098,58.20999908,67.90000153,43.61999893,61.08000183,31.70000076,113.4800034,145.5399933,22.12826815,17.1718483,10.17301922
2020-02-19 00:00:00,67.11000061,59.77000046,338.3399963,339.8800049,58.59000015,67.94999695,43.97999954,61.06999969,32,113.4599991,145.5299988,22.18176969,17.03289466,10.07671249
2020-02-20 00:00:00,65.44999695,59.72000122,336.9500122,338.4899902,58.24000168,67.15000153,43.38000107,59.20999908,31.44000053,113.7900009,146.6699982,22.27537036,17.81512499,10.04524827
2020-02-21 00:00:00,64.33999634,60.13000107,333.480011,335.0100098,58.04999924,66.65000153,43.22000122,58.36999893,31.06999969,114.25,148.0399933,22.26230461,17.21205958,9.984540552
2020-02-24 00:00:00,61.75999832,58.65000153,322.4200134,323.8299866,55.54999924,64.12000275,41.70000076,55.31999969,29.69000053,115.1399994,150.25,22.24150874,17.43568478,9.598694222
2020-02-25 00:00:00,59.72999954,57.81999969,312.6499939,314.1199951,54.29000092,63.79999924,41.36999893,55.29000092,29.21999931,115.4599991,151.0500031,22.50517113,17.32161362,9.617373533
2020-02-26 00:00:00,59.65000153,57.59999847,311.5,312.9100037,54.34000015,64.04000092,41.63000107,55.95999908,28.81999969,115.4000015,150.25,22.28781835,17.24250124,9.648518796
2020-02-27 00:00:00,55.83000183,54.93000031,297.5100098,298.7099915,52.65000153,62.29000092,40.63000107,54.90000153,27.89999962,115.9599991,151.8800049,21.82555085,16.70151555,9.267146959
2020-02-28 00:00:00,55.52000046,53.49000168,296.2600098,295.9100037,52.27000046,62.09999847,40.52000046,54.95999908,27.97999954,117.2600021,155.3099976,21.80805719,16.67826596,8.687133894
2020-03-02 00:00:00,58.18000031,55.91999817,309.0899963,310.3999939,53.13999939,62.68999863,41.29999924,56.20999908,28.88999939,117.0400009,153.9400024,21.51584158,16.64916313,8.875284652
2020-03-03 00:00:00,55.97000122,56.06000137,300.2399902,301.5,52.68999863,62.04999924,41.09999847,55.52999878,28.39999962,118.4000015,156.3300018,21.5254196,16.29088696,9.358322992
2020-03-04 00:00:00,58.68000031,58.91999817,312.8599854,314.75,54.50999832,63.45999908,41.68000031,57.58000183,28.90999985,118.1399994,154.6699982,20.98771684,16.30810985,9.102797163
2020-03-05 00:00:00,56.95999908,56.74000168,302.4599915,303.7600098,52.66999817,62.25999832,40.88000107,56.31999969,27.47999954,119.1900024,158.5200043,20.69009856,16.47997894,9.128363336
2020-03-06 00:00:00,55.77000046,55.25999832,297.4599915,298.7000122,51.95000076,61.52999878,40.11000061,55.54000092,26.40999985,120.4000015,166.7700043,20.28077088,16.03294658,9.182034837
2020-03-09 00:00:00,50.84999847,51.86000061,274.230011,274.7999878,47.47000122,57.65999985,37.11999893,52.47999954,22.67000008,121.4800034,171.2899933,18.33900952,14.90699488,8.06916419
2020-03-10 00:00:00,53.97999954,53.65999985,288.4200134,289.5499878,49.15000153,59.95999908,38.99000168,54.72000122,24.54999924,119.25,162.5099945,18.67154778,15.69037628,8.106694412
2020-03-11 00:00:00,51.65999985,52.20999908,274.3599854,275.4700012,46.33000183,57.34000015,37.29999924,52.04000092,22.48999977,118.0599976,156.5299988,18.59000015,15.10437512,8.04275701
2020-03-12 00:00:00,45.54000092,47.15999985,248.1100006,248.9600067,41.08000183,51.16999817,33.54999924,46.65999985,19.32999992,118.1200027,157.5,15.81767424,14.61276226,7.434563255
2020-03-13 00:00:00,54.43000031,48.47000122,269.3200073,271.5499878,43.63999939,53.83000183,35.90000153,49.72999954,21.95999908,117.3499985,153.9400024,15.46138995,13.90268072,7.077042716
2020-03-16 00:00:00,44.61000061,45.25999832,239.8500061,240.1199951,38.5,48.77999878,31.55999947,41.86999893,18.01000023,120.4499969,163.9100037,14.01185328,13.09426289,6.31153391
2020-03-17 00:00:00,50.08000183,47.18000031,252.8000031,255.3899994,40.11000061,51.83000183,33.54000092,44.88999939,19.28000069,117.4300003,152.9799957,12.05196157,10.9540984,5.397316122
2020-03-18 00:00:00,47.61000061,44.84999847,240,241.1699982,37.15000153,49.52000046,30.80999947,40.66999817,16.93000031,115.8000031,144.3500061,10.08521477,11.06706861,5.224432169
2020-03-19 00:00:00,45.93999863,41.83000183,240.5099945,242.0599976,38.06000137,49.77000046,30.97999954,39,17.42000008,116.1800003,148.2799988,9.329334381,8.428370625,4.481568105
2020-03-20 00:00:00,45.83000183,38.29999924,228.8000031,231.1600037,37.54000092,49.68000031,31.12000084,40.58000183,16.85000038,119.1399994,159.4299927,10.86219383,8.321934743,4.425338227
2020-03-23 00:00:00,49.58000183,37.56000137,222.9499969,224.6499939,37.09999847,48.54999924,30.45999908,38.97000122,15.64000034,120.5500031,166,9.449532845,7.380631435,4.300525403
2020-03-24 00:00:00,52.40000153,39.45000076,243.1499939,245.8800049,40.45999908,52.45999908,32.38000107,43.81999969,17.43000031,119.7300034,162.9100037,11.49698505,8.986549079,5.50788492
2020-03-25 00:00:00,51.25999832,41.61000061,246.7899933,247.4700012,41.99000168,53.72000122,33.43999863,46.18000031,18.62000084,119.8000031,162.5399933,12.44059829,8.844027221,5.483296877
2020-03-26 00:00:00,55.54000092,44.29000092,261.2000122,262.3699951,44.04999924,56.04000092,34.79000092,47.84000015,19.39999962,120.0899963,163.3399963,12.14742854,8.888362348,5.570040405
2020-03-27 00:00:00,52.36999893,42.81000137,253.4199982,254.2400055,42.59000015,54.74000168,32.90999985,45.31000137,17.95999908,120.9800034,167.6999969,11.77970453,9.040663966,5.27067049
2020-03-30 00:00:00,55.49000168,45,261.6499939,262.3599854,43.29999924,56.06999969,33.38999939,46.27999878,18.09000015,121.2600021,166.3200073,11.67486683,8.667421131,5.292606294
2020-03-31 00:00:00,54.11999893,44.25,257.75,258.3999939,43.27999878,55.15999985,33.54999924,46.91999817,18.26000023,121.4800034,164.9700012,11.32005406,8.969441742,5.257948607
2020-04-01 00:00:00,51.88000107,42.11999893,246.1499939,246.8000031,41.38000107,52.59999847,32.36000061,43.68999863,17.37999916,121.8300018,167.0399933,10.54721463,8.67353297,5.112296972
2020-04-02 00:00:00,54.34999847,43.95000076,251.8300018,252.5899963,42.16999817,53.70999908,33.31000137,45.88000107,17.79999924,121.8499985,168.1000061,11.21842419,8.81624506,5.200593996
2020-04-03 00:00:00,54.13000107,43.83000183,248.1900024,249.0200043,41.29000092,52.49000168,32.66999817,45.15000153,17.11000061,121.9400024,168.5,10.36218052,8.056719303,5.137707925
2020-04-06 00:00:00,58.43000031,46.66999817,264.8599854,265.7999878,43.33000183,55.65000153,34.27999878,48.29000092,18.21999931,121.3899994,168.0599976,11.14478462,8.370808625,5.560172153
2020-04-07 00:00:00,58.40000153,46.50999832,265.1300049,265.9100037,43.59000015,55.88999939,34.47999954,48.81999969,18.70000076,120.8499985,166.3000031,11.33470452,8.788680179,5.906042042
2020-04-08 00:00:00,58.97999954,47.81999969,274.0299988,275,44.25,56.02000046,34.88000107,49.08000183,19.36000061,120.6999969,165.0899963,11.88214198,9.068924564,6.527157952
2020-04-09 00:00:00,57.13999939,49,278.2000122,279.1199951,45.36000061,56.88999939,34.81999969,48.93999863,19.54000092,120.9599991,165.3899994,12.30635685,10.02602486,6.717064865
2020-04-10 00:00:00,57.13999939,49,278.2000122,279.1199951,45.36000061,56.88999939,34.81999969,48.93999863,19.54000092,120.9599991,165.3899994,12.36766672,10.0759742,6.750529065
2020-04-13 00:00:00,58.70000076,46.93000031,275.6600037,276.4400024,44.74000168,56.75,34.95000076,48.66999817,19.44000053,120.6999969,163.8800049,12.37383168,10.08099681,6.753894029
2020-04-14 00:00:00,60.65999985,48.91999817,283.7900085,284.8299866,45.5,58,35.65000153,49.86000061,19.60000038,120.8600006,163.8399963,11.84765815,9.65596663,6.149260201
2020-04-15 00:00:00,58.86999893,47.61000061,277.7600098,278.5700073,43.63999939,56.77000046,34.86000061,48.34000015,18.93000031,121.9400024,168.1799927,11.37626288,9.444444652,5.719697095
2020-04-16 00:00:00,60.79000092,47.09999847,279.1000061,280.0499878,43.77000046,56.75999832,35.06000137,48.95000076,18.54000092,122.0699997,170.0899963,11.6069415,9.515939093,5.98502485
2020-04-17 00:00:00,60.36000061,48.06000137,286.6400146,287.5799866,45.25,57.75,35.63000107,50.77000046,19.12999916,121.75,167.8099976,12.13816489,10.10264959,6.168985038
2020-04-20 00:00:00,59.18000031,46.52999878,281.5899963,282.4599915,44.59999847,56.74000168,35.36999893,49.65999985,18.60000038,122.0699997,169.1600037,12.0254737,10.26473456,5.994005585
2020-04-21 00:00:00,56.36000061,45.38000107,273.0400085,273.8599854,43.68999863,55.75999832,34.38999939,48.20999908,17.98999977,122.4100037,171.2899933,11.01184512,9.481385293,5.829434396
2020-04-22 00:00:00,60.09999847,45.68000031,279.1000061,280.0599976,44.38999939,56.86999893,35.27999878,49.63999939,18.38999939,122.0299988,169.5399933,10.99495753,9.642110405,5.57741973
2020-04-23 00:00:00,59.04000092,45.06999969,279.0799866,279.980011,44.11999893,56.99000168,35.13999939,49.75999832,18.04000092,122.1100006,170.4400024,11.47357131,9.69892655,5.157561323
2020-04-24 00:00:00,59.25999832,45.43000031,282.9700012,283.8999939,44.74000168,57.43999863,35.09000015,49.81999969,17.10000038,122.1399994,170.8399963,11.42581877,9.498869876,5.163234861
2020-04-27 00:00:00,59.47000122,46.77999878,287.0499878,288.1900024,45.33000183,58.20000076,35.75,51.18000031,17.79000092,121.4899979,167.6600037,11.5009336,9.658310905,5.255802989
2020-04-28 00:00:00,58.75,46.74000168,285.730011,286.6400146,45.54999924,58.74000168,35.84000015,51.25,18.87999916,122.0199966,169.5899963,12.00029819,10.21143386,5.279634297
2020-04-29 00:00:00,61.79999924,47.11999893,293.2099915,294.1300049,46.93000031,60.02000046,36.81000137,52.68000031,19.97999954,121.9599991,168.7100067,12.65948769,10.81901207,5.285149574
2020-04-30 00:00:00,59.97999954,45.88999939,290.480011,291.1600037,46.06999969,58.63999939,36.16999817,51.61999893,19.13999939,121.6699982,166.7400055,12.42158614,10.21413559,5.23801825
2020-05-01 00:00:00,57.47000122,45.59999847,282.7900085,283.5299988,45.11000061,57.20999908,34.95999908,49.84000015,18.35000038,121.7099991,167.9499969,12.40532473,10.44261615,5.13323782
2020-05-04 00:00:00,57.99000168,45.13999939,283.5700073,284.6300049,45.09000015,57.36999893,35.40000153,50.16999817,18.65999985,121.7300034,167.1600037,11.76924809,9.963384628,5.193414237
2020-05-05 00:00:00,58.75,45.40000153,286.1900024,287.1400146,44.93000031,57.88000107,35.56000137,50.45000076,18.75,121.6399994,166.0899963,11.66148143,9.732421005,5.102675974
2020-05-06 00:00:00,59.18000031,44.75,284.25,285.25,44.63999939,57.41999817,35.47000122,50.16999817,18.35000038,121.1900024,163.4100037,11.38644565,9.494926813,5.189232609
2020-05-07 00:00:00,59.16999817,44.59999847,287.6799927,288.6300049,45.41999817,58.27999878,35.70000076,51.06999969,18.18000031,121.9300003,166.1399994,11.30256899,9.712567468,5.30000509
2020-05-08 00:00:00,59.66999817,46.11000061,292.4400024,293.4599915,46.18999863,59.13999939,36.5,51.79000092,19.02000046,121.5299988,163.9799957,11.34872941,9.752234211,5.321650648
2020-05-11 00:00:00,60.13000107,45.54000092,292.5,293.4500122,45.93999863,59.45000076,36.31999969,50.84000015,18.54999924,121.1900024,162.6999969,10.98942,9.573833692,5.308448642
2020-05-12 00:00:00,58.38999939,44.81999969,286.6700134,287.4700012,45.36000061,58.72000122,36.20999908,50.38000107,18.07999992,121.5899963,164.3699951,11.34681816,9.558460951,5.30340414
2020-05-13 00:00:00,57.74000168,43.93999863,281.6000061,282.5400085,44.79000092,58.84000015,36.09999847,50.47000122,17.65999985,121.8399963,165.5200043,10.80882367,9.203431495,5.30637262
2020-05-14 00:00:00,59.08000183,43.70000076,284.9700012,285.9200134,44.38999939,58.38000107,36.20999908,50.86000061,18.07999992,122.0299988,167.1399994,9.425994027,8.630293232,5.104726635
2020-05-15 00:00:00,58.27999878,43.25999832,286.2799988,287.1600037,44.47000122,58.25,35.75999832,49.90000153,17.86000061,121.9499969,166.7100067,9.848299921,9.212136447,5.138243437
2020-05-18 00:00:00,59.91999817,44.97000122,295,296.0400085,46.47999954,60.11000061,37.11000061,51.90999985,19.09000015,121.1999969,163.0500031,9.849895078,9.064320624,5.076019549
2020-05-19 00:00:00,60.29000092,44.54000092,291.9700012,292.9899902,45.79000092,59.54999924,36.74000168,51.95000076,18.61000061,121.5400009,163.6600037,9.821025181,9.259823742,5.185013294
2020-05-20 00:00:00,63.09999847,45.88999939,296.9299927,297.9899902,46.86000061,60.59000015,37.20000076,52.59000015,19.10000038,121.5699997,164.1499939,10.04988191,8.995869906,5.270060027
2020-05-21 00:00:00,61.97999954,45.16999817,294.8800049,295.8099976,46.43999863,59.77999878,36.81999969,51.99000168,19.51000023,121.6500015,164.5599976,10.34018582,9.312285687,5.127263736
2020-05-22 00:00:00,62.25999832,45.02999878,295.4400024,296.4100037,46.38000107,59.40999985,36.11999893,51.22999954,19.45000076,121.8799973,165.5500031,10.35325806,8.923114979,5.054394581
2020-05-25 00:00:00,62.25999832,45.02999878,295.4400024,296.4100037,46.38000107,59.40999985,36.11999893,51.22999954,19.45000076,121.8799973,165.5500031,10.32158975,8.895821154,5.038934311
2020-05-26 00:00:00,62.34000015,46.09000015,299.0799866,300.1700134,47.63000107,61.49000168,36.91999817,53,20.44000053,121.5599976,163.3300018,10.21254769,8.784987259,5.246589613
2020-05-27 00:00:00,63.56000137,46.72999954,303.5299988,304.5499878,48.20999908,62.00999832,36.95999908,53.02000046,21.09000015,121.6600037,163.0299988,10.97816701,9.374614525,5.322560747
2020-05-28 00:00:00,61.70000076,47.09000015,302.9700012,303.9500122,48.70999908,62.54999924,36.72000122,52.61999893,20.51000023,121.5500031,162.4299927,11.67611123,10.0939491,5.482375757
2020-05-29 00:00:00,62.93000031,46.68000031,304.3200073,305.1799927,48.75999832,62.18999863,37.36000061,53.56000137,20.51000023,121.9400024,163.5899963,11.3973805,10.22683872,5.667886519
2020-06-01 00:00:00,61.86000061,46.99000168,305.5499878,306.6799927,49.86000061,63.56999969,38.20999908,54.93999863,21.09000015,121.7699966,162.2799988,11.66885644,10.24883687,5.927038193
2020-06-02 00:00:00,62.11999893,46.90000153,308.0799866,309.230011,50.40999985,64.27999878,39.09999847,56.27999878,22.17000008,121.5699997,161.6900024,11.98756256,10.73885813,5.993781281
2020-06-03 00:00:00,61.93000031,47.90000153,312.1799927,313.3900146,51.81000137,65.29000092,39.86000061,58.63000107,23.04999924,120.8499985,159.5399933,12.98407213,11.70076268,6.039103317
2020-06-04 00:00:00,62.97000122,47.91999817,311.3599854,312.3399963,51.79999924,64.63999939,39.36000061,57.47000122,23.14999962,120.3700027,157.2299957,12.75118833,11.45594928,6.036065483
2020-06-05 00:00:00,64.33999634,49.09000015,319.3399963,320.480011,52.72999954,66.06999969,40.27000046,59.97000122,24.20000076,119.7699966,156.1100006,13.51692234,11.94078867,6.228880258
2020-06-08 00:00:00,63.66999817,49.84999847,323.2000122,324.3999939,53.36999893,66.86000061,40.59000015,60.22999954,25.22999954,119.9000015,156.7100067,14.4055182,11.84764792,6.261055613
2020-06-09 00:00:00,63.04000092,49,320.7900085,322.0100098,52.41999817,66.30999756,40.36999893,59.36000061,24.52000046,120.3300018,158.4900055,14.33992908,11.69099014,6.278494704
2020-06-10 00:00:00,63.86999893,48.61999893,319,320.1099854,52.18999863,66.45999908,40.56999969,60.02000046,23.79000092,121.2300034,160.8399963,13.77907726,11.64357451,6.228549683
2020-06-11 00:00:00,59.70000076,45.54000092,300.6099854,301.5899963,49.13000107,63.16999817,38.5,56.72000122,21.94000053,121.6600037,163.8800049,13.21910696,11.63027199,6.101126289
2020-06-12 00:00:00,59.33000183,45.59999847,304.2099915,305.3599854,50.06000137,64.19000244,39.38000107,57.47999954,22.84000015,121.3899994,162.3000031,13.20588595,11.33190785,6.036976433
2020-06-15 00:00:00,60.09999847,46.29999924,307.0499878,306.8900146,50.54000092,63.59999847,39.22000122,55.5,22.18000031,121.2900009,162.3899994,13.53447391,11.43300291,6.129290402
2020-06-16 00:00:00,60.40000153,46.77000046,312.9599915,312.7900085,51.09000015,64.63999939,39.36999893,56.77999878,22.37000084,121.0400009,159.8999939,14.15428257,11.96795142,5.996613464
2020-06-17 00:00:00,60.49000168,46.58000183,311.6600037,311.3800049,51.25,65.01000214,39.72999954,57.41999817,22.45000076,121.2300034,160.5599976,13.8436178,11.52795809,5.977925867
2020-06-18 00:00:00,60.08000183,46.99000168,311.7799988,311.6199951,50.88000107,64.88999939,39.74000168,57.24000168,21.97999954,121.5,162.2599945,13.80799365,11.33510751,6.050411763
2020-06-19 00:00:00,59.61999893,46.02000046,308.6400146,309.7200012,50.61000061,64.51999664,39.81000137,56.75,22.26000023,121.5400009,162.3899994,13.39613102,11.32084913,5.859253967
2020-06-22 00:00:00,60.09000015,45.74000168,310.6199951,311.9400024,50.97999954,64.94999695,40.06999969,57.72000122,22.14999962,121.4300003,162.4100037,13.65701832,11.19974287,5.74187479
2020-06-23 00:00:00,59.91999817,45.63999939,312.0499878,313.2099915,51.29000092,65.15000153,40.47000122,57.70999908,22.63999939,121.3899994,161.3000031,13.87673475,11.56394562,5.813226718
2020-06-24 00:00:00,59.09000015,44.65000153,304.0899963,305.2999878,49.84999847,63.90999985,39.86000061,57.5,21.75,121.6200027,163.0299988,13.27638688,11.27240396,5.786500697
2020-06-25 00:00:00,58.50999832,44.93000031,307.3500061,308.5,50.63000107,64.38999939,40.02999878,57.40000153,22.10000038,121.6399994,163.5,13.15773184,11.20889798,5.647894329
2020-06-26 00:00:00,57.5,43.56999969,300.0499878,301.1400146,49.77999878,63.83000183,39.54999924,57.06999969,21.21999931,121.9700012,165.25,13.19582546,11.0959248,5.715705943
2020-06-29 00:00:00,58.27000046,44.36000061,304.4599915,305.6600037,50.34999847,64.01000214,39.81000137,57.20000076,21.70999908,122.0899963,164.7299957,13.50233841,11.15732534,5.640373542
2020-06-30 00:00:00,59.83000183,44.68000031,308.3599854,309.6900024,50.33000183,63.65000153,39.61000061,57.13000107,21.56999969,121.8700027,163.9299927,13.17231169,11.00565107,5.724415827
2020-07-01 00:00:00,58.81000137,44.81999969,310.519989,311.8099976,50.70999908,63.77000046,40.13999939,57.45999908,22.04000092,121.5699997,163.4199982,13.50430567,11.08839778,5.767205771
2020-07-02 00:00:00,59.13000107,44.88000107,312.230011,313.4500122,51.18999863,64.37999725,41.09000015,58.38999939,22.27000046,121.7200012,163.5899963,13.73619502,11.46760383,5.796125847
2020-07-03 00:00:00,59.13000107,44.88000107,312.230011,313.4500122,51.18999863,64.37999725,41.09000015,58.38999939,22.27000046,121.7200012,163.5899963,13.63824515,11.24469573,5.983873558
2020-07-06 00:00:00,59.54000092,45.22999954,317.0499878,318.2600098,52.09999847,65.38999939,42.90000153,60.13000107,22.79999924,121.5400009,162.9199982,13.47355814,11.27786718,5.863492894
2020-07-07 00:00:00,58.31000137,45.20999908,313.7799988,314.980011,51.29999924,64.55999756,42.22000122,58.81000137,22.32999992,121.9300003,165.2100067,13.47011671,11.32089586,5.847879982
2020-07-08 00:00:00,58.61000061,45.06999969,316.1799927,317.3299866,51.95999908,64.76000214,43.34999847,59.18000031,22.80999947,121.7399979,164.5500031,13.54622626,11.26343628,5.68816075
2020-07-09 00:00:00,58.41999817,43.90999985,314.3800049,315.7200012,51.20999908,64.16000366,43.38000107,58.81999969,22.39999962,122.1299973,167.1699982,13.37033312,11.30171555,5.758072708
2020-07-10 00:00:00,59.52999878,45.15000153,317.5899963,318.8999939,51.70000076,64.73999786,43.08000183,58.43000031,22.62000084,121.8899994,166.3300018,13.15971909,11.16811409,5.539939213
2020-07-13 00:00:00,58.58000183,45.25,314.8399963,316.0700073,51.40000153,64.37999725,42.86999893,58.52000046,22.23999977,122.0199966,166.8800049,13.00633144,11.099578,5.587671518
2020-07-14 00:00:00,58.97999954,45.86999893,318.9200134,320.1700134,52.25999832,65.01000214,42.88999939,59.04999924,22.82999992,122.0100021,167.1199951,12.55177617,11.04556303,5.359608425
2020-07-15 00:00:00,59.02999878,46.40000153,321.8500061,323.1600037,52.88000107,65.70999908,42.93000031,59.50999832,22.98999977,121.9700012,166.3399963,12.11679365,10.68389481,5.461355643
2020-07-16 00:00:00,59.13999939,46.15000153,320.7900085,322.0400085,52.70999908,64.91000366,42.31999969,58.90999985,22.75,122.0599976,167.1300049,12.12513491,10.38757664,5.288220835
2020-07-17 00:00:00,60,46.81999969,321.7200012,322.9899902,53.02999878,65.15000153,42.50999832,59.43999863,22.79000092,122.0299988,166.7799988,11.25331284,10.04760075,5.143115632
2020-07-20 00:00:00,61.15000153,46.11999893,324.3200073,325.6600037,53.45999908,65.33999634,43.11000061,59.75,23.11000061,122.1100006,167.1900024,10.81121879,9.679812169,4.965617931
2020-07-21 00:00:00,60.70000076,47.20000076,325.0100098,326.25,53.59000015,65.68000031,43.43000031,60.09999847,23.65999985,122.2399979,167.2899933,10.96507887,9.812859267,5.064701557
2020-07-22 00:00:00,61.04999924,48.47999954,326.8599854,328.1700134,53.91999817,65.51999664,43.27999878,59.86999893,24.12000084,122.2799988,167.7899933,10.82113332,9.764481474,4.96499058
2020-07-23 00:00:00,60.40000153,48.27999878,322.9599915,324.2000122,53.40999985,65.12000275,42.99000168,58.99000168,23.45000076,122.4000015,169.75,10.73133474,9.674750185,4.901024765
2020-07-24 00:00:00,50.59000015,48.49000168,320.8800049,322.1300049,53.02000046,64.98999786,42.88000107,58.90999985,23.56999969,122.3399963,169.7400055,10.36282649,9.917250415,4.831317757
2020-07-27 00:00:00,49.56999969,48.47999954,323.2200012,324.5,53.61999893,66.08000183,43.47999954,60.08000183,24.35000038,122.1500015,169.1100006,10.23672485,9.59692955,4.734485245
2020-07-28 00:00:00,49.24000168,48.18000031,321.1700134,322.5,53.34999847,65.75,43.00999832,60.22999954,24.13999939,122.4400024,170.2799988,10.15712582,9.75754346,4.846547346
2020-07-29 00:00:00,48.06999969,48.02000046,325.1199951,326.3800049,54.04999924,66.19000244,43.77000046,61.38999939,24.39999962,122.5999985,169.9900055,9.834964439,9.65403211,4.717164284
2020-07-30 00:00:00,47.99000168,47.68999863,323.9599915,325.2600098,53.29999924,65.37000275,43.25999832,60.86000061,24.02000046,122.7699966,171.1100006,9.542109168,9.697898705,4.73859843
2020-07-31 00:00:00,47.72999954,47.24000168,326.519989,327.8200073,52.16999817,63.99000168,43.00999832,60.25999832,23.37999916,122.8000031,171,10.19257024,10.38933801,4.801133473
2020-08-03 00:00:00,48.29999924,46.29999924,328.7900085,330.1099854,53.20000076,64.98000336,43.34000015,60.97000122,23.06999969,122.6399994,169.9499969,10.12761083,10.36344136,4.854178285
2020-08-04 00:00:00,49.13000107,46.68999863,330.0599976,331.2999878,53.38000107,65.75,43.83000183,61.74000168,22.87999916,123.0599976,171.5700073,10.07062585,10.4629879,4.832592536
2020-08-05 00:00:00,48.91999817,47.22000122,332.1099854,333.4500122,53.72000122,66.04000092,44.27999878,63.24000168,23.29000092,122.6500015,170.0700073,10.70442462,10.62590806,5.103576529
2020-08-06 00:00:00,48.56999969,47.47999954,334.3299866,335.7099915,53.77999878,66.19999695,44.34000015,64.04000092,23.22999954,122.7900009,171.0200043,10.8821212,10.75085315,4.981622432
2020-08-07 00:00:00,48.02999878,47.79999924,334.5700073,335.9500122,53.50999832,66,43.43999863,63.84999847,22.85000038,122.5299988,169.8800049,10.20823786,10.48413619,4.893910688
2020-08-10 00:00:00,49.22000122,47.72000122,335.5700073,336.9599915,53.59999847,66.43000031,43.43000031,65.23999786,22.93000031,122.4000015,169.1199951,10.44181919,10.78117831,4.839130581
2020-08-11 00:00:00,48.18999863,47.93000031,332.7999878,334.1400146,53.81000137,66.87000275,43.27000046,65.80999756,22.84000015,121.9800034,167.1100006,11.10253829,11.11561549,4.943179593
2020-08-12 00:00:00,49.18999863,48.43000031,337.4400024,338.7999878,54.97999954,68.19000244,43.79999924,66.87999725,22.87000084,121.6200027,165.5899963,11.22363722,11.74566686,4.959281564
2020-08-13 00:00:00,48.56000137,48.38000107,336.8299866,338.2200012,54.72000122,67.83999634,43.63000107,66.52999878,22.84000015,121.3700027,163.8200073,10.76461405,11.76931136,5.023486555
2020-08-14 00:00:00,48.88999939,48.45000076,336.8399963,338.1900024,54.15999985,67.77999878,43.68999863,65.86000061,22.87999916,121.4300003,163.1799927,10.86160919,11.6458409,4.966800833
2020-08-17 00:00:00,48.93000031,48.20999908,337.9100037,339.2799988,54.63999939,68.19000244,44.15999985,66.59999847,22.46999931,121.6299973,163.5899963,10.42006642,11.48173356,4.974107176
2020-08-18 00:00:00,48.65000153,48.41999817,338.6400146,340,54.58000183,68.08000183,44.31999969,64.51999664,22.94000053,121.8399963,164.7599945,10.39454723,11.41696171,4.967885751
2020-08-19 00:00:00,48.33000183,47.36999893,337.230011,338.6199951,54.33000183,67.80000305,43.81000137,64.33999634,22.54999924,121.6800003,163.7299957,10.66945844,11.4514436,5.029887552
2020-08-20 00:00:00,49.16999817,47.34999847,338.2799988,339.6600037,54.22000122,67.31999969,43.68999863,62.45000076,22.54999924,122.0299988,165.2100067,11.34084182,11.47194982,5.041102519
2020-08-21 00:00:00,49.27999878,47.27999878,339.480011,340.8500061,53.79999924,67.19999695,43.97000122,62.72999954,22.26000023,122.1200027,166.1999969,12.24203816,11.72644476,5.076611938
2020-08-24 00:00:00,49.13999939,47.97000122,342.9200134,344.3500061,54.59999847,67.94999695,44.40999985,63.56999969,22.53000069,121.9499969,165.9299927,11.70616675,11.5228487,4.857928259
2020-08-25 00:00:00,49.43000031,47.90999985,344.1199951,345.4899902,54.65000153,68.09999847,44.81999969,64.51999664,22.63999939,121.6600037,164.6600037,11.8688149,11.93417181,4.875625503
2020-08-26 00:00:00,49.54999924,48.15999985,347.5700073,349,55.13999939,68.33999634,44.86000061,64.93000031,22.12999916,121.6100006,164.0299988,12.16576955,11.95533461,4.918916552
2020-08-27 00:00:00,49.40000153,48.22999954,348.3299866,349.7600098,54.49000168,67.76999664,44.59999847,63.79000092,22.17000008,121.1800003,161.2400055,11.95071644,11.9903759,4.983871789
2020-08-28 00:00:00,50.43000031,49.83000183,350.5799866,352,54.91999817,68.33000183,45.13999939,64.62999725,22.94000053,121.3799973,161.1199951,12.14361115,11.98521622,5.147835159
2020-08-31 00:00:00,50.95000076,49.52999878,349.3099976,350.769989,54.41999817,67.94999695,44.18999863,63.06999969,22.07999992,121.5100021,162.1900024,12.28796544,12.12768763,5.209028828
2020-09-01 00:00:00,50.79000092,49.11999893,352.6000061,354.0599976,54.36000061,68.20999908,45.08000183,63.97999954,22.90999985,121.8199997,163.8600006,12.37554228,12.33544873,5.285666274
2020-09-02 00:00:00,52.25,51.18999863,357.7000122,359.2399902,55.18000031,68.93000031,44.95999908,63.97999954,22.90999985,121.9899979,165.4199982,12.3810804,12.0594939,5.272678722
2020-09-03 00:00:00,50.38999939,50.47999954,345.3900146,346.8200073,53.75999832,67.56999969,44.16999817,63.29999924,22.79000092,122.1500015,165.8899994,12.12299209,11.77585796,4.75974304
2020-09-04 00:00:00,50.08000183,51.04000092,342.5700073,343.980011,53.99000168,67.83000183,44.09000015,63.74000168,22.90999985,121.4700012,162.7400055,12.33389068,12.00233448,5.086072123
2020-09-07 00:00:00,50.08000183,51.04000092,342.5700073,343.980011,53.99000168,67.83000183,44.09000015,63.74000168,22.90999985,121.4700012,162.7400055,12.30528797,12.14633915,5.059870834
2020-09-08 00:00:00,48.90999985,49.81000137,333.2099915,334.6300049,53.18999863,67.26999664,43.27000046,63.77000046,22.25,121.7300034,163.7400055,12.17505747,12.30667971,4.955577446
2020-09-09 00:00:00,49.61999893,50.18999863,339.7900085,341.1799927,54.45999908,67.88999939,43.83000183,64.61000061,22.77000046,121.6699982,163.3000031,11.67163789,12.19037735,4.73349759
2020-09-10 00:00:00,48.95999908,50,333.8900146,335.2200012,53.70999908,67.37999725,43.16999817,63.81000137,22.20999908,121.8199997,164.1300049,11.86823987,12.34920907,4.640702777
2020-09-11 00:00:00,49.27999878,51.06000137,334.0599976,335.3800049,54.18999863,68.13999939,43.49000168,64.5,22.36000061,122.0100021,164.4799957,11.60431571,12.16788071,4.610986376
2020-09-14 00:00:00,49.40999985,50.70999908,338.4599915,339.8399963,54.36999893,68.88999939,44.20999908,65.83999634,22.92000008,121.9000015,164.4700012,11.66677381,12.47358692,4.629570506
2020-09-15 00:00:00,50,51.04999924,340.1700134,341.5700073,54.75999832,69.26999664,44.70999908,66.59999847,22.79999924,121.8399963,164.0700073,11.74460006,12.78542348,4.702979894
2020-09-16 00:00:00,50.36999893,50.79000092,338.8200073,340.2099915,54.70999908,69.44000244,44.54999924,66.62999725,22.88999939,121.7699966,163.5800018,12.11168551,12.82034796,4.709384102
2020-09-17 00:00:00,50.31999969,50.54999924,335.8399963,337.2900085,54.81999969,69.37000275,44.47000122,66.43000031,22.93000031,121.8099976,164.0800018,11.80655895,12.71375887,4.639679587
2020-09-18 00:00:00,49.88999939,50.45000076,330.6499939,333.3399963,54.38000107,69.05000305,44.11999893,66.04000092,22.15999985,121.6999969,163.5700073,11.4833657,13.15721223,4.710126271
2020-09-21 00:00:00,49.72000122,49.09000015,326.9700012,329.6300049,52.38999939,67.68000031,43.33000183,65.47000122,21.70999908,121.9199982,164.3999939,11.17390629,12.82929981,4.53939943
2020-09-22 00:00:00,49.95000076,49.65999985,330.2999878,332.9700012,52.27000046,67.69999695,42.95000076,64.44999695,21.61000061,121.9199982,164.2700043,11.15384653,12.75641068,4.692307849
2020-09-23 00:00:00,48.81999969,48.20999908,322.6400146,323.75,51.50999832,67.51999664,42.27999878,63.43000031,20.81999969,121.9199982,164.4900055,11.06183439,12.74404883,4.454045067
2020-09-24 00:00:00,49.15999985,48.70000076,323.5,324.6000061,51.54000092,67.20999908,42.15999985,62.79999924,21.37000084,121.9800034,165.1199951,10.91158818,12.52670671,4.387526715
2020-09-25 00:00:00,49.93999863,48.72000122,328.730011,329.8800049,51.68999863,67.52999878,42.15000153,63,21.25,122.0800018,165.1199951,10.98382398,12.62948402,4.611675226
2020-09-28 00:00:00,51.43000031,49.27999878,334.1900024,335.3599854,52.65000153,68.45999908,42.56999969,64.34999847,20.89999962,122.0599976,164.6499939,11.49014354,13.09876363,4.659891546
2020-09-29 00:00:00,51.18999863,48.91999817,332.3699951,333.5100098,52.59999847,68.25,42.54999924,64.52999878,20.62999916,122.1500015,164.8399963,11.30292619,12.83487176,4.582963238
2020-09-30 00:00:00,51.77999878,49.36999893,334.8900146,336.0599976,52.43000031,68.05000305,43.24000168,65.33999634,21.05999947,121.8199997,163.2599945,11.48981592,13.04666668,4.702718611
2020-10-01 00:00:00,52.24000168,49.18000031,337.0400085,338.2399902,52.84000015,68.33000183,43.61999893,66.01000214,20.95000076,121.8099976,163.3600006,11.44495846,12.78838474,4.792414886
2020-10-02 00:00:00,51.00999832,49.36000061,333.8399963,335.0499878,52.81999969,67.91000366,43.13999939,65.19000244,20.80999947,121.6900024,162.75,11.46877631,12.93781058,4.832349569
2020-10-05 00:00:00,51.68999863,49.38000107,339.7600098,340.8999939,53.77000046,68.80000305,43.70000076,66.62999725,21.52000046,120.9199982,159.5700073,11.50867063,12.89229732,4.952607697
2020-10-06 00:00:00,51.36999893,48.93999863,334.9299927,336.0599976,53.02999878,68.44000244,43.83000183,65.80000305,21.22999954,121.1999969,160.4299927,11.69332302,13.09652178,4.917691957
2020-10-07 00:00:00,52.66999817,49.56000137,340.7600098,341.8999939,53.47999954,69.12999725,44.24000168,67.37000275,21.34000015,120.8499985,159.2599945,11.47900082,12.81886174,4.972945359
2020-10-08 00:00:00,53.36999893,50.45999908,343.7799988,344.980011,53.97999954,69.36000061,44.56999969,67.70999908,22.09000015,121.0699997,160.1199951,12.07791892,12.91756034,5.167024136
2020-10-09 00:00:00,52.81999969,50.81000137,346.8500061,348.0100098,54.5,69.52999878,44.88000107,68.33999634,22.31999969,121.0100021,160.0899963,11.87934378,12.7851761,5.305589271
2020-10-12 00:00:00,53.88000107,51.09000015,352.4299927,353.6900024,54.86999893,69.75,45.31999969,67.98999786,22.39999962,121.1399994,160.6000061,11.87187296,13.00563031,5.434216272
2020-10-13 00:00:00,53.83000183,50.22000122,350.1300049,351.3900146,54,69.33000183,45.11999893,67.41999817,22.14999962,121.4100037,161.75,11.8636983,12.66070886,5.74892869
2020-10-14 00:00:00,53.54999924,50.11999893,347.9299927,349.1900024,53.84999847,69.40000153,44.91999817,66.88999939,22.18000031,121.4499969,162.1199951,11.8357743,12.61189064,5.484555521
2020-10-15 00:00:00,53.84999847,49.99000168,347.5,348.7600098,53.02000046,68.80999756,44.56000137,66.55000305,22.01000023,121.3199997,161.8399963,11.81522535,12.64801656,5.400130528
2020-10-16 00:00:00,54.15999985,50.02999878,347.2900085,348.4500122,53.40999985,68.69999695,44.74000168,66.55000305,21.82999992,121.25,161.3899994,11.49573613,12.20534947,5.193079451
2020-10-19 00:00:00,54.58000183,49.61999893,342.0100098,343.2200012,53.15999985,68.62999725,44.59999847,66.44999695,21.95999908,121.0500031,160.7799988,11.68668308,12.34599817,5.145243216
2020-10-20 00:00:00,53.43000031,50.25,343.3800049,344.5700073,53.58000183,68.77999878,45.04999924,67.27999878,22.44000053,120.7900009,159.25,11.64085575,12.43072472,5.153571289
2020-10-21 00:00:00,53.5,49.99000168,342.730011,343.8999939,53,69.26999664,45.13999939,67.69999695,22.57999992,120.6299973,158.6999969,11.65863454,12.24156627,5.032643911
2020-10-22 00:00:00,53.90000153,50.68000031,344.6099854,345.8599854,53.02000046,69.18000031,45.15000153,67.36000061,22.95999908,120.2099991,157.0500031,12.10768199,12.60669708,5.108338714
2020-10-23 00:00:00,48.20000076,50.52000046,345.7799988,346.9599915,53.50999832,69.37999725,45.36000061,68.30000305,22.87000084,120.3799973,158.0099945,12.03180656,12.63339689,5.146212916
2020-10-26 00:00:00,46.72000122,49.79999924,339.3900146,340.5899963,52.24000168,68.61000061,44.77000046,67.16999817,22.68000031,120.6999969,159.4799957,12.01028771,12.53247414,5.045626306
2020-10-27 00:00:00,45.63999939,49.90000153,338.2200012,339.4299927,51.56999969,68.51999664,44.93000031,67.04000092,22.20999908,120.9700012,160.5500031,11.80528476,12.24782024,4.945984793
2020-10-28 00:00:00,44.25,47.95999908,326.6600037,327.8800049,49.58000183,67.47000122,43.81000137,66.02999878,21.17000008,120.9599991,160.6999969,11.57229432,12.06750511,4.913012341
2020-10-29 00:00:00,44.11000061,48.02000046,329.980011,331.1499939,49.75,67.84999847,44.27000046,66.36000061,21.30999947,120.4499969,159.1399994,11.17129769,11.7818221,4.871205389
2020-10-30 00:00:00,44.27999878,48.06000137,326.5400085,327.6199951,49.59000015,67.30000305,43.81000137,64.90000153,21.04999924,120.0599976,157.5700073,11.59993785,11.88444022,4.784812713
2020-11-02 00:00:00,44.45999908,48.61999893,330.2000122,331.3599854,50.29999924,67.95999908,44.36999893,66.01999664,21.23999977,120.1900024,158.5800018,11.62114306,11.76333724,4.795822107
2020-11-03 00:00:00,44.84999847,49.34999847,336.0299988,337.2799988,51.79000092,69.48000336,44.49000168,67.44999695,21.59000015,119.9199982,157.6600037,11.9416868,12.27770829,4.92400722
2020-11-04 00:00:00,45.70000076,49.16999817,343.5400085,344.730011,52.50999832,69.83000183,45.91999817,68.81999969,21.92000008,120.9300003,161.0800018,12.03254232,12.49179966,4.907492723
2020-11-05 00:00:00,45.68000031,49.43999863,350.2399902,351.4700012,53.79000092,71.48999786,46.70000076,70.44999695,23.07999992,120.9100037,161.3600006,11.91649334,12.44813232,5.186721802
2020-11-06 00:00:00,45.38999939,49.45000076,350.1600037,351.4400024,53.97000122,71.51999664,46.86999893,70.22000122,23.61000061,120.5,159.4100037,11.98312889,12.66637747,5.203200703
2020-11-09 00:00:00,45.59999847,52.56999969,354.5599976,355.8299866,55.54999924,73.54000092,47.22000122,70.91000366,24.46999931,119.6100006,156.0599976,13.04880738,13.20697474,5.535857677
2020-11-10 00:00:00,45.43999863,53.97999954,354.0400085,355.3699951,56.36000061,73.51000214,46.68999863,71.55999756,24.90999985,119.2699966,155.1600037,14.06521531,14.0125366,5.926354766
2020-11-11 00:00:00,46.34999847,53.58000183,356.6700134,357.9299927,56.84999847,73.97000122,46.88999939,72.51000214,25.01000023,119.4599991,155.7200012,14.58769917,16.019946,6.232926011
2020-11-12 00:00:00,44.95000076,53.00999832,353.2099915,354.519989,56.08000183,72.88999939,46.54000092,71.80999756,24.21999931,120.1399994,158.3699951,13.9382955,14.94333389,6.307938287
2020-11-13 00:00:00,45.45999908,53.45000076,358.1000061,359.3399963,56.95999908,73.97000122,47.13000107,73.54000092,24.73999977,119.9800034,158.1600037,13.77772021,14.82745128,5.911298053
2020-11-16 00:00:00,46.18999863,53.84999847,362.5700073,363.7999878,57.56000137,75.12000275,47.68000031,74.93000031,25.42000008,119.8899994,157.7799988,14.59545279,15.46800703,5.949233472
2020-11-17 00:00:00,45.52999878,53.68000031,360.6199951,361.9500122,57.54999924,74.95999908,47.61000061,74.87999725,25.97999954,120.1999969,158.8099976,15.54917925,16.3689489,5.949941039
2020-11-18 00:00:00,45.06000137,52.61000061,356.2799988,357.5899963,57.22999954,74.56999969,47.45000076,74.83999634,25.72999954,120.1600037,159.2700043,16.07000864,17.44895327,6.364359856
2020-11-19 00:00:00,45.61999893,53.13000107,357.7799988,359.0400085,57.63000107,74.91000366,47.56999969,74.59999847,25.95000076,120.2900009,160.0899963,16.01378692,16.70312212,6.34320947
2020-11-20 00:00:00,45.38999939,52.66999817,355.3299866,356.6300049,57.59999847,75.56999969,47.90000153,74.66000366,25.59000015,120.5,161.5099945,15.95209061,16.61455284,6.054904823
2020-11-23 00:00:00,46.06000137,52.68000031,357.4599915,358.769989,57.54000092,75.72000122,47.88999939,76.11000061,25.88999939,120.2600021,160.7700043,16.49835677,16.92412082,6.047179962
2020-11-24 00:00:00,47.00999832,53.22000122,363.2200012,364.5100098,58.43000031,76.97000122,48.52999878,77.37999725,26.86000061,120.0699997,159.1699982,16.66133404,17.67434315,6.178022661
2020-11-25 00:00:00,47.04999924,52.93000031,362.6600037,363.9899902,58.43999863,76.51999664,48.31000137,76.73000336,26.96999931,120.1100006,158.6799927,16.38336557,17.23861467,6.280735576
2020-11-26 00:00:00,47.04999924,52.93000031,362.6600037,363.9899902,58.43999863,76.51999664,48.31000137,76.73000336,26.96999931,120.1100006,158.6799927,16.06253672,16.70503819,6.572254606
2020-11-27 00:00:00,47.45000076,52.70000076,363.6700134,364.980011,58.70999908,77.36000061,48.75999832,77.86000061,26.92000008,120.4700012,160.2200012,15.62479212,16.1856821,6.363430296
2020-11-30 00:00:00,48.34999847,51.59999847,362.0599976,363.3200073,57.72000122,75.36000061,47.56000137,76.41999817,26.30999947,120.3899994,160.0200043,14.93174095,15.97163005,6.439313285
2020-12-01 00:00:00,49.56000137,52.04000092,366.019989,367.3200073,59.18000031,76.83999634,48.54999924,77.91000366,27.63999939,119.6699982,157.5,15.8708988,16.67111218,6.48839686
2020-12-02 00:00:00,49.90000153,52.11000061,366.7900085,368.1000061,59.13000107,77.01000214,48.52999878,79.37000275,27.85000038,119.4700012,156.25,15.59710556,16.67091662,6.577092707
2020-12-03 00:00:00,50.99000168,52.77999878,366.6900024,368.0299988,59.31000137,77.41999817,49.00999832,80.76000214,28.22999954,119.7900009,157.5099945,16.25885803,16.71346426,6.885947275
2020-12-04 00:00:00,51.99000168,53.84999847,369.8500061,371.1900024,59.84000015,78.12999725,49.34000015,82.98999786,28.71999931,119.3199997,155.1999969,16.44196912,16.01141019,7.454051466
2020-12-07 00:00:00,50.20000076,52.99000168,369.0899963,370.5,59.49000168,77.38999939,49.34000015,83.15000153,28.56999969,119.6900024,156.6000061,15.99355942,15.75204594,7.178317356
2020-12-08 00:00:00,50.68999863,53.18000031,370.1700134,371.5299988,59.70000076,77.33000183,49.47999954,81.37999725,28.61000061,119.8099976,157.3399963,16.13571004,15.89527727,7.106123958
2020-12-09 00:00:00,50.06999969,53.33000183,366.8500061,368.2799988,59.66999817,77.69000244,48.90000153,82.19999695,28.26000023,119.6399994,156.8200073,16.17236315,15.74466429,7.177321497
2020-12-10 00:00:00,50.25999832,53.04999924,366.730011,368.0799866,59.61000061,78.05000305,49.56000137,83.02999878,29.37999916,119.9100037,158.2100067,16.09389051,15.90675225,7.111253948
2020-12-11 00:00:00,49.72999954,53.34999847,366.2999878,367.6199951,59.20999908,78.08999634,49.22999954,82.43000031,29.11000061,120.1500015,158.7700043,15.75389919,15.83373314,6.945553529
2020-12-14 00:00:00,50.47000122,53.27000046,364.6600037,364.3500061,59.27999878,78.26999664,49.04999924,81.34999847,28.54000092,120.0800018,158.3300018,15.84870495,15.79543199,6.885529796
2020-12-15 00:00:00,50.66999817,53.84000015,369.5899963,369.3099976,60.09000015,79.02999878,49.50999832,82.52999878,29.09000015,119.9599991,157.8000031,16.18364539,16.18364539,6.772069077
2020-12-16 00:00:00,51.11999893,53.06000137,370.1700134,369.8999939,60.38000107,78.97000122,49.77999878,81.90000153,29.45999908,119.8600006,157.3800049,16.13336992,16.05270307,6.776015368
2020-12-17 00:00:00,50.65000153,53.27000046,372.2399902,371.9599915,60.88000107,79.33999634,50.18000031,81.70999908,29.82999992,119.6999969,156.8000031,16.39255606,16.3655502,6.818979251
2020-12-18 00:00:00,47.45999908,53.74000168,369.1799927,370.4899902,60.56000137,78.83000183,50.02999878,81.22000122,29.54000092,119.5999985,156.3300018,15.93138985,16.2842145,6.812229731
2020-12-21 00:00:00,46.36000061,52.81000137,367.8599854,369.269989,59.36000061,77.31999969,49.06000137,80.44999695,28.82999992,119.6800003,156.9499969,15.17100943,15.65347969,6.955612979
2020-12-22 00:00:00,46.16999817,52.75999832,367.2399902,368.5599976,59.25,76.94999695,48.70000076,79.19000244,28.77000046,119.8799973,157.7599945,15.89735222,15.97804944,6.859263647
2020-12-23 00:00:00,46.56999969,53.08000183,367.5700073,368.8800049,60.04000092,77.52999878,49.20000076,80.83000183,29.06999969,119.6299973,156.6699982,16.32051508,16.5081072,7.034704775
2020-12-24 00:00:00,47.06999969,53.43999863,369,370.3099976,60.18999863,77.70999908,48.91999817,82.16000366,29.20000076,119.8000031,157.2899933,16.34141334,16.53048755,6.928219045
2020-12-25 00:00:00,47.06999969,53.43999863,369,370.3099976,60.18999863,77.70999908,48.91999817,82.16000366,29.20000076,119.8000031,157.2899933,16.39793073,16.58765885,6.952180549
2020-12-28 00:00:00,47.06999969,54.15999985,372.1700134,373.5299988,60.59999847,78.44000244,49.02000046,82.93000031,29.14999962,119.8099976,157.3600006,16.42259055,16.612604,6.962635499
2020-12-29 00:00:00,49.38999939,54.13000107,371.4599915,372.8099976,61.04000092,79.11000061,49.54999924,84.55999756,29.46999931,119.7900009,157.1600037,16.64399879,16.61706675,7.32551403
2020-12-30 00:00:00,48.75,54.43999863,371.9899902,373.2999878,60.95999908,79.51999664,50.24000168,86.15000153,29.51000023,119.8700027,157.5,16.98287883,16.90187941,7.424947023
2020-12-31 00:00:00,49.81999969,54.84000015,373.8800049,375.3900146,60.24000168,79.58999634,50.11000061,86.05000305,29.35000038,119.9499969,157.7299957,16.62940905,17.03832895,7.360558105
2021-01-01 00:00:00,49.81999969,54.84000015,373.8800049,375.3900146,60.24000168,79.58999634,50.11000061,86.05000305,29.35000038,119.9499969,157.7299957,16.68106914,17.09125936,7.383424044
2021-01-04 00:00:00,49.66999817,52.75999832,368.7900085,370.2200012,61.02000046,79.23999786,50.34000015,88.31999969,29.32999992,119.9800034,157.5399933,16.6947197,17.18735077,7.321045113
2021-01-05 00:00:00,50.61000061,52.18000031,371.3299866,372.6700134,61.56999969,80.30000305,51.50999832,90.52999878,29.64999962,119.6999969,156.3699951,16.61163368,17.42592945,7.382948303
2021-01-06 00:00:00,51.09999847,50.52000046,373.5499878,374.9200134,62.29999924,81.15000153,51.02000046,90.40000153,29.97999954,119,153.1600037,17.22775087,17.99100566,7.550770557
2021-01-07 00:00:00,52.18999863,49.95999908,379.1000061,380.4700012,62.49000168,81.19000244,51.41999817,92.09999847,30.35000038,118.5800018,151.8099976,17.54935714,18.230621,7.575654168
2021-01-08 00:00:00,51.65000153,51.08000183,381.2600098,382.6400146,62.77999878,82.70999908,52.45999908,96.22000122,30.61000061,118.2399979,151.3200073,17.47767779,17.96618432,7.544711843
2021-01-11 00:00:00,51.54000092,50.20000076,378.6900024,380.1400146,61.79000092,81.79000092,51.84999847,95.40000153,29.84000015,118.0100021,151.0700073,16.62499148,17.65222672,7.298776746
2021-01-12 00:00:00,53.24000168,50.11000061,378.769989,380.2000122,62.08000183,82.19999695,52.41999817,94.62000275,30.56999969,117.9899979,150.9499969,16.31008136,17.85183034,7.127208022
2021-01-13 00:00:00,56.95000076,50.15999985,379.7900085,381.1600037,61.88999939,82.19999695,52.59000015,94.59999847,29.97999954,118.4000015,152.6499939,16.54135323,17.85372505,7.163362885
2021-01-14 00:00:00,59.25,49.22999954,378.4599915,379.8399963,62.33000183,82.88999939,53.11000061,95.26000214,30.77000046,118.1299973,151.2200012,17.19807787,18.07163103,7.425201874
2021-01-15 00:00:00,57.58000183,48.70000076,375.7000122,377.1000061,61.25,81.58000183,52.5,92.23000336,29.62999916,118.4499969,151.8200073,16.36562746,17.89819458,7.443897438
2021-01-18 00:00:00,57.58000183,48.70000076,375.7000122,377.1000061,61.25,81.58000183,52.5,92.23000336,29.62999916,118.4499969,151.8200073,16.53475893,17.67508713,7.466434658
2021-01-19 00:00:00,57.99000168,48.50999832,378.6499939,380.0499878,61.79999924,81.93000031,53.45000076,92.62999725,29.59000015,118.5199966,152.3099976,16.32464639,17.65560758,7.483261367
2021-01-20 00:00:00,58.66999817,48.68000031,383.8900146,385.2799988,62.18999863,82.80999756,54.38000107,93.91000366,29.55999947,118.5699997,152.4600067,16.42766628,17.9285328,7.436111397
2021-01-21 00:00:00,62.45999908,48.95000076,384.2399902,385.6199951,62.41999817,82.76999664,54.38999939,96.04000092,29.04999924,118.4000015,151.3899994,16.32017072,17.46832343,7.46299264
2021-01-22 00:00:00,56.65999985,48.49000168,382.8800049,384.3099976,61.97000122,82.36000061,54,93.81999969,28.47999954,118.5800018,151.8800049,16.31061576,17.16184318,7.207974136
2021-01-25 00:00:00,55.43999863,48.77999878,384.3900146,385.8399963,61.56999969,82.97000122,54.27000046,95.76000214,28.12000084,119.0599976,153.6699982,15.85094057,16.75436205,6.994672391
2021-01-26 00:00:00,55.20999908,49.29000092,383.7900085,385.269989,61.81999969,82.76999664,53.93000031,94.26999664,28.38999939,119.0199966,153.3800049,16.27800165,16.82516137,6.907891458
2021-01-27 00:00:00,53.59000015,48.52999878,374.4100037,375.8699951,60.34999847,80.73999786,52.56000137,90.83000183,27.72999954,119.1600037,153.7700043,15.19815216,16.54482387,6.939481771
2021-01-28 00:00:00,56.06999969,49.15000153,377.6300049,379.0499878,60.86999893,81.23000336,52.81000137,92.12999725,28.21999931,118.8499985,152.9199982,15.58313799,16.5126585,7.10809803
2021-01-29 00:00:00,55.50999832,48.15000153,370.0700073,371.519989,59.70000076,79.26000214,51.68000031,88.09999847,27.15999985,118.6399994,152,15.75631029,16.71706092,6.903679509
2021-02-01 00:00:00,56.68999863,48.47999954,376.230011,377.6000061,60.47999954,80.47000122,52.99000168,91.68000031,27.89999962,118.7099991,152,16.05369381,16.90295065,7.122799301
2021-02-02 00:00:00,58,48.95999908,381.5499878,382.9599915,61.11999893,81.16000366,53.81999969,92.19000244,28.32999992,118.4100037,151.0200043,16.08623079,17.50882263,7.400213315
2021-02-03 00:00:00,57.68000031,48.77000046,381.8500061,383.2600098,61.18000031,81.58000183,54.02000046,93.01999664,28.44000053,118.1200027,149.6799927,15.92678644,17.26540142,7.376041746
2021-02-04 00:00:00,58.79000092,49.00999832,386.1900024,387.6000061,61.22999954,81.58000183,54.09999847,91.61000061,28.26000023,118.0800018,149.2799988,15.83293533,17.30703621,7.24766264
2021-02-05 00:00:00,58.18000031,49.65000153,387.7099915,389.1199951,61.63000107,82.30999756,54.5,92.95999908,28.86000061,117.8300018,148.0299988,16.00109392,17.77899325,7.275711083
2021-02-08 00:00:00,59.15999985,49.91999817,390.5100098,392.0499878,61.79999924,83.05999756,54.77999878,91.83000183,28.87999916,117.8799973,148.6799927,16.01934384,17.55808012,7.432645811
2021-02-09 00:00:00,58.77999878,49.70000076,390.25,391.7200012,62.15999985,83.40000153,55.38999939,92.30999756,29.02000046,117.9700012,148.7899933,16.08247333,17.37456947,7.560137033
2021-02-10 00:00:00,58.86000061,49.59999847,390.0799866,391.5599976,61.88000107,83.38999939,55.50999832,92.95999908,28.94000053,118.2699966,149.7799988,16.05650972,17.24485725,7.434081092
2021-02-11 00:00:00,60.65999985,50.29999924,390.7099915,392.2200012,62.36999893,83.91000366,56.09000015,93.98000336,28.94000053,118.1800003,148.9600067,15.65850063,16.54378689,7.123787832
2021-02-12 00:00:00,61.81000137,50.68999863,392.6400146,394.1799927,62.75,84.26000214,56.18999863,94.09999847,29.10000038,117.7900009,147.1100006,15.79892278,16.73801959,7.278000265
2021-02-15 00:00:00,61.81000137,50.68999863,392.6400146,394.1799927,62.75,84.26000214,56.18999863,94.09999847,29.10000038,117.7900009,147.1100006,15.92453867,17.39492291,7.296434968
2021-02-16 00:00:00,62.47000122,50.27000046,392.2999878,393.8699951,63.34999847,84.48000336,56.34999847,93.62000275,29.36000061,116.9400024,144.8699951,15.86285534,17.39348173,7.444410181
2021-02-17 00:00:00,61.84999847,50.13000107,392.3900146,393.9200134,62.68999863,84.33999634,56.49000168,92.98999786,29.34000015,117.0199966,145.7899933,15.69357229,17.19348894,7.221820879
2021-02-18 00:00:00,61.61000061,50.77000046,390.7200012,392.25,62.50999832,83.51999664,55.75999832,91.61000061,28.86000061,117.0100021,145.1999969,15.6135162,16.91695361,7.099573975
2021-02-19 00:00:00,63.00999832,50.11000061,390.0299988,391.5100098,62.63999939,84.04000092,56.06000137,93.09999847,28.94000053,116.5400009,143.2700043,15.55974557,16.00670415,7.193239647
2021-02-22 00:00:00,60.70999908,50.63000107,387.0299988,388.5299988,62.45000076,83.59999847,54.47000122,90.68000031,27.36000061,116.3499985,142.1799927,15.09751648,15.63070015,7.226041812
2021-02-23 00:00:00,61.11999893,50.54000092,387.5,388.9400024,62.47999954,83.91000366,54.77999878,90.98999786,28.12000084,116.4400024,141.7700043,15.0562145,15.6472061,7.176326537
2021-02-24 00:00:00,63.18999863,50.70999908,391.769989,393.2099915,62.99000168,83.33999634,54.43000031,89.98999786,28.39999962,116.2799988,140.8399963,14.82632107,15.53233635,7.010731818
2021-02-25 00:00:00,60.40000153,50.16999817,382.3299866,383.7799988,61.93999863,82.01999664,53.25,89.01000214,27.05999947,114.7300034,138.5399933,14.65761255,15.56310213,7.07413733
2021-02-26 00:00:00,60.77999878,48.99000168,380.3599854,381.769989,61.24000168,80.70999908,52.49000168,87.97000122,26.53000069,115.7600021,143.1199951,13.98013618,15.2128536,7.074117005
2021-03-01 00:00:00,62.88000107,49.90000153,389.5799866,391.0299988,62.31000137,82.44999695,53.93000031,90.31999969,26.80999947,115.5599976,141.0599976,13.86074894,15.14622162,6.916401941
2021-03-02 00:00:00,61.24000168,50.09999847,386.5400085,388.019989,62.52000046,81.68000031,53.41999817,89.43000031,27.13999939,115.7699966,141.0700073,13.24697092,15.01601962,6.846357738
2021-03-03 00:00:00,59.90000153,49.97999954,381.4200134,382.8399963,62.09999847,81.30999756,53.38000107,89.16999817,27.04999924,115.1500015,139.5399933,13.74565684,15.07138009,6.768166059
2021-03-04 00:00:00,58.33000183,49.93999863,376.7000122,378.1000061,61.36999893,80.58999634,52.22999954,87.55000305,26.81999969,114.5800018,138.6399994,14.06626475,15.37540226,6.77548297
2021-03-05 00:00:00,60.74000168,50.79000092,383.6300049,385.0700073,61.79999924,81.37000275,52.59999847,89.01000214,27.28000069,114.4199982,138.9100037,14.69995674,15.72812006,7.002625895
2021-03-08 00:00:00,59.84999847,51.63999939,381.7200012,383.1900024,61.72000122,80.38999939,51.22999954,86.80999756,26.31999969,113.9700012,137.8300018,14.71260552,15.59924088,6.899131401
2021-03-09 00:00:00,62.66999817,50.86000061,387.1700134,388.5899963,62.68000031,81.26000214,52.34000015,87.45999908,26.68000031,114.5100021,139.7400055,14.90185217,15.39950215,6.801216388
2021-03-10 00:00:00,62.25,51.43999863,389.5799866,390.9700012,63.09999847,81.25,52.25,86.16999817,27.44000053,114.75,140.0200043,15.02944755,15.41837965,6.94521606
2021-03-11 00:00:00,63.31000137,50.88000107,393.5299988,394.9899902,63.68000031,81.43000031,53.81999969,88.75,28.30999947,114.7099991,139.0099945,15.12956209,15.38032831,7.035385686
2021-03-12 00:00:00,62.90000153,50.36000061,394.0599976,395.6099854,63.63999939,81.84999847,52.86999893,88.02999878,27.95000076,113.8799973,136.0599976,15.1650817,15.6687191,7.414661717
2021-03-15 00:00:00,63.79000092,51.02999878,396.4100037,398.0100098,63.54999924,82.44999695,52.84000015,89.27999878,27.87000084,114.0199966,136.8600006,15.57320031,15.51748224,7.647304981
2021-03-16 00:00:00,64.77999878,51.22000122,395.9100037,397.4500122,63.63000107,82.70999908,53.06999969,89.44000244,27.67000008,114,136.3099976,16.15077755,15.7060057,7.866901972
2021-03-17 00:00:00,65.77999878,51.24000168,397.2600098,398.75,63.95999908,83.15000153,53.11000061,89.63999939,28.09000015,113.8099976,135.2899933,15.98754424,15.59828229,7.757434509
2021-03-18 00:00:00,63.72999954,50.56999969,391.480011,392.9299927,63.16999817,82.81999969,52.29000092,87.62999725,27.65999985,113.0999985,133.9199982,16.07222652,15.68090275,7.756596279
2021-03-19 00:00:00,63.75999832,50.81000137,389.480011,392.2000122,63.20999908,83.41999817,52.81000137,88.87999725,27.97999954,113.0299988,134.75,15.874563,14.95550936,7.728405672
2021-03-22 00:00:00,65.62999725,51,392.5899963,395.2999878,63.15999985,83.02999878,52.63000107,89.08999634,27.75,113.4000015,136.2599945,15.57550505,15.52017466,7.74625473
2021-03-23 00:00:00,63.47999954,51.38999939,389.5,392.2200012,62.24000168,81.55000305,51.77000046,86.48000336,27.14999962,113.9599991,137.4900055,15.58146361,15.13786323,7.790731807
2021-03-24 00:00:00,62.04000092,51.52000046,387.519989,390.2099915,62.13000107,80.90000153,50.56000137,86.01000214,26.70999908,114.1100006,138.2299957,15.37806759,14.77392922,7.689033794
2021-03-25 00:00:00,62.02000046,52.02000046,389.7000122,391.1199951,62.45000076,81.70999908,50.63999939,87.33000183,26.92000008,113.9599991,137.1399994,15.33154449,14.37332296,7.693150005
2021-03-26 00:00:00,64.87000275,53.04000092,395.980011,397.4500122,63.27999878,83.05999756,51.90000153,89.13999939,27.13999939,113.5800018,136.6600037,15.28900579,14.16157911,7.754495745
2021-03-29 00:00:00,64.5,53.84999847,395.7799988,397.25,63.04000092,82.44000244,51.61000061,88.22000122,27.02000046,113.1900024,135.5,15.17011273,14.03924978,7.860876596
2021-03-30 00:00:00,63.77000046,53.15000153,394.730011,396.269989,63.09999847,81.98999786,51.81999969,88.59999847,27.31999969,113.0899963,136.2100067,14.90460737,13.99545387,7.893105383
2021-03-31 00:00:00,64,52.70999908,396.3299866,397.8200073,63,81.66000366,52.04999924,89.69999695,27.61000061,112.9300003,135.4499969,15.12131393,13.52670264,7.945563138
2021-04-01 00:00:00,64.55000305,52.50999832,400.6099854,402.0799866,64.01000214,82.40000153,52.52000046,90.69000244,27.36000061,113.3600006,137.5099945,15.38546471,14.06198387,8.25796896
2021-04-02 00:00:00,64.55000305,52.50999832,400.6099854,402.0799866,64.01000214,82.40000153,52.52000046,90.69000244,27.36000061,113.3600006,137.5099945,15.43995556,14.11178734,8.287216293
2021-04-05 00:00:00,66.54000092,52.81000137,406.3599854,407.8500061,65.11000061,83.37000275,52.63000107,91.86000061,27.95000076,113.0400009,136.9100037,15.43568506,14.10788419,8.284924148
2021-04-06 00:00:00,65.55999756,53.18999863,406.1199951,407.6000061,64.51999664,82.58999634,52.88000107,91.95999908,28.11000061,113.5899963,137.8399963,15.88980138,14.83233649,8.320579007
2021-04-07 00:00:00,66.25,53.27999878,406.5899963,408.1099854,64.66000366,82.70999908,52.11000061,91.40000153,27.95999908,113.5199966,136.8800049,15.62932268,14.63347203,8.284924148
2021-04-08 00:00:00,67.05000305,53.11999893,408.519989,410.0100098,65.11000061,83,52.65000153,91.73999786,28.44000053,113.9100037,138.0099945,15.53051143,14.62341961,8.150082545
2021-04-09 00:00:00,68.26000214,53.18000031,411.4899902,412.980011,65.19000244,83.33999634,52.20000076,91.30999756,27.92000008,113.6100006,137.5099945,15.19022165,14.69578406,8.171954685
2021-04-12 00:00:00,65.41000366,53.34999847,411.6400146,413.1499939,64.88999939,82.80999756,51.86000061,90.84999847,27.79999924,113.5400009,137.4499969,15.76897782,15.05594578,8.158732003
2021-04-13 00:00:00,65.22000122,53.09000015,412.8599854,414.3599854,65.29000092,83.48000336,51.86999893,92.48000336,27.87999916,114.0100021,138.4799957,15.48681817,15.43180283,8.224793308
2021-04-14 00:00:00,64.19000244,53.08000183,411.4500122,412.980011,65.31999969,83.73999786,52.15000153,93.25,28.45999908,113.8700027,138.0399933,15.52094167,15.38334467,8.118223035
2021-04-15 00:00:00,65.01999664,53.33000183,415.8699951,417.4200134,65.88999939,84.19999695,52.61000061,93.98000336,28.70999908,114.5999985,140.3500061,15.54297023,15.4327364,8.184861982
2021-04-16 00:00:00,64.75,53.68000031,417.2600098,418.8900146,66.66999817,84.30999756,52.77999878,93.44000244,28.87999916,114.2900009,139.2599945,15.27433194,15.46732892,8.092087409
2021-04-19 00:00:00,63.63000107,54,415.2099915,416.8399963,66.70999908,83.81999969,52.66999817,93.40000153,28.88999939,114.1699982,138.8600006,15.42139416,15.69776323,8.014703059
2021-04-20 00:00:00,62.70000076,54.16999817,412.1700134,413.8099976,65.54000092,82.37999725,52.27000046,93.19999695,28.55999947,114.5100021,139.5,15.39322686,15.56115297,8.032465653
2021-04-21 00:00:00,63.70000076,54.61000061,416.0700073,417.6799927,66.13999939,83.06999969,52.68000031,92.97000122,28.75,114.5699997,139.7799988,15.24908773,15.6114975,8.126342001
2021-04-22 00:00:00,62.56999969,54.43999863,412.269989,413.9700012,65.91000366,82.75,52.59000015,91.41999817,28.79999924,114.6600037,140.3899994,15.26930259,15.18571151,7.801833439
2021-04-23 00:00:00,59.24000168,54.47000122,416.7399902,418.3099976,66.55999756,83.69999695,53.31000137,92.83999634,28.87999916,114.5100021,140.0599976,15.1966008,14.67067108,7.819744492
2021-04-26 00:00:00,58.75999832,53.65999985,417.6099854,419.25,66.76000214,83.68000031,53.38000107,93.58999634,29.11000061,114.3899994,139.8600006,15.25299096,15.00339656,8.042486143
2021-04-27 00:00:00,57.97000122,53.58000183,417.519989,419.1199951,66.77999878,82.97000122,53.45999908,93.12999725,28.86000061,113.9400024,138.6399994,15.22962577,14.78496516,7.906621407
2021-04-28 00:00:00,57.61999893,53.59000015,417.3999939,418.9599915,66.98999786,82.97000122,53.88999939,92.88999939,29.38999939,114.0899963,138.7299957,15.04365648,14.48751391,7.827706653
2021-04-29 00:00:00,58.27999878,54.25999832,420.0599976,421.6099854,67.01000214,83.06999969,53.77000046,92.69999695,29.20999908,113.8899994,138.3200073,14.98953225,14.37543596,7.913468145
2021-04-30 00:00:00,57.52999878,53.97999954,417.2999878,418.8800049,66.01000214,81.98000336,52.97999954,90.55999756,28.37999916,113.9899979,138.6399994,14.25980184,13.59006555,7.855448568
2021-05-03 00:00:00,57.25999832,54.47999954,418.2000122,419.7799988,66.86000061,82.61000061,52.95999908,90.37999725,28.54999924,114.1100006,138.5200043,14.12382648,13.46047651,7.780542377
2021-05-04 00:00:00,56.90000153,54.13999939,415.6199951,417.230011,65.73999786,81.81999969,52.31000137,90.34999847,28.28000069,114.2600021,139.4600067,14.59894645,13.6117796,7.813912292
2021-05-05 00:00:00,56.84999847,54,415.75,417.2900085,66.69000244,82.72000122,52.50999832,90.59999847,28.79999924,114.4000015,139.6900024,15.05471891,13.67979532,7.819009913
2021-05-06 00:00:00,57.18999863,54.54000092,419.0700073,420.6799927,67.19000244,83.33999634,53.02999878,92.25,29.38999939,114.4499969,139.9199982,14.96689483,14.0488511,7.92855953
2021-05-07 00:00:00,57.66999817,54.50999832,422.1199951,423.730011,68.20999908,83.94000244,53.5,93.59999847,30.04000092,114.4899979,139.2299957,15.42738022,14.56567069,8.269631737
2021-05-10 00:00:00,55.97000122,54.90999985,417.9400024,419.6099854,67.69000244,83.88999939,52.5,93.33000183,30.19000053,114.2600021,137.8200073,15.72614098,15.0802459,8.354512393
2021-05-11 00:00:00,55.04000092,54.31999969,414.2099915,415.8699951,66.91000366,82.62999725,52.36000061,92.13999939,30.29999924,114.0699997,137.0399933,15.57266945,15.31830643,8.54942379
2021-05-12 00:00:00,53.61999893,54.04000092,405.4100037,406.980011,66.16000366,80.08000183,51.02000046,88.18000031,29.30999947,113.5199966,135.6000061,15.77831134,15.2976101,8.99194087
2021-05-13 00:00:00,54.00999832,54.50999832,410.2799988,411.8099976,66.69999695,80.66000366,50.95999908,89.22000122,29.45999908,113.9000015,135.8099976,15.35756999,14.96378614,8.789817989
2021-05-14 00:00:00,55.34999847,54.72999954,416.5799866,418.1700134,67.93000031,81.72000122,51.79999924,90.52999878,30.02000046,114.1500015,137.0800018,15.59645902,15.25923828,8.781789988
2021-05-17 00:00:00,55.33000183,54.63999939,415.519989,417.1700134,67.90000153,81.16000366,51.83000183,88.83999634,30.03000069,114.0400009,136.7899933,15.51196527,15.1735224,8.884125566
2021-05-18 00:00:00,54.84000015,54.34000015,411.9400024,413.5799866,67.95999908,81.80999756,52.58000183,90.37000275,30.14999962,114.0400009,136.4400024,15.84651489,15.50694672,8.871218605
2021-05-19 00:00:00,55.36000061,54.16999817,410.8599854,412.4599915,67.22000122,81.34999847,52.43999863,90.08000183,29.62999916,113.6999969,136.1100006,16.88374407,15.03930144,8.938452744
2021-05-20 00:00:00,55.95000076,54.65000153,415.2799988,416.8200073,68.26000214,82.19999695,52.63000107,90.59999847,29.79999924,114.1699982,137.2299957,16.53242279,14.44471069,8.830457904
2021-05-21 00:00:00,56.08000183,54.61999893,414.9400024,416.5799866,68.30000305,82.12000275,52.06999969,89.5,29.47999954,114.2099991,137.6699982,17.02272463,15.17859613,8.823445599
2021-05-24 00:00:00,56.95999908,54.79999924,419.1700134,420.769989,68.73999786,82.62000275,52.56000137,90.43000031,29.62999916,114.3199997,138.1799927,17.82001734,15.67030096,8.980723023
2021-05-25 00:00:00,56.86999893,54.79000092,418.2399902,419.8599854,68.76999664,82.65000153,53.11000061,91.20999908,29.22999954,114.7399979,139.4600067,17.61017005,15.4584451,8.890021539
2021-05-26 00:00:00,56.91999817,55.02999878,419.0700073,420.6300049,68.56999969,82.94000244,53.5,91.56999969,29.62999916,114.6100006,139.2200012,18.04758101,15.47339625,8.670193696
2021-05-27 00:00:00,57.72999954,55.49000168,419.2900085,420.8500061,68.77999878,82.87000275,53.59999847,90.79000092,30.04000092,114.4100037,138.6600037,18.32272265,16.23353702,8.554368203
2021-05-28 00:00:00,57.11999893,55.29000092,420.0400085,421.6499939,68.94999695,83.29000092,53.88000107,92.02999878,30.62999916,114.4000015,138.4400024,18.60689831,16.47633743,8.664280891
2021-05-31 00:00:00,57.11999893,55.29000092,420.0400085,421.6499939,68.94999695,83.29000092,53.88000107,92.02999878,30.62999916,114.4000015,138.4400024,18.57629013,16.44923401,8.650028229
2021-06-01 00:00:00,56.88999939,55.27999878,419.6700134,421.3200073,69.48000336,83.25,55.00999832,93.45999908,31.47999954,114.3000031,138.2100067,18.63707547,16.30388434,8.749466729
2021-06-02 00:00:00,57.47999954,55.5,420.3299866,422.019989,69.58000183,83.77999878,55.13999939,92.93000031,32.06999969,114.4300003,138.5299988,18.12107239,15.57279658,8.975593667
2021-06-03 00:00:00,56.24000168,55.63999939,418.769989,420.4100037,69.08999634,83.55999756,54.52000046,92.72000122,31.76000023,114.1399994,138.0099945,17.71491766,15.30568886,8.928318501
2021-06-04 00:00:00,57.36999893,56.24000168,422.6000061,424.2399902,69.66000366,84.51000214,55.00999832,93.80000305,32.27999878,114.7699966,139.8999939,17.83496935,15.37983907,8.83282501
2021-06-07 00:00:00,57.09000015,56.04000092,422.1900024,423.8800049,69.98000336,84.62999725,54.79000092,93.33999634,32.40999985,114.6800003,139.4700012,18.13031311,15.58073783,8.923513484
2021-06-08 00:00:00,57,55.65000153,422.2799988,423.8999939,69.97000122,84.37999725,54.56000137,92.70999908,32.18999863,115.0100021,140.4499969,18.48622886,15.65091768,8.831994308
2021-06-09 00:00:00,57,55.47999954,421.6499939,423.2200012,69.84999847,83.83999634,54.52000046,91.55000305,32.02000046,115.3700027,141.6900024,18.39483833,15.5082637,8.73047327
2021-06-10 00:00:00,57.38000107,55.90999985,423.6099854,424.0400085,69.94000244,84.23000336,54.90000153,92.68000031,31.71999931,115.7799988,142.5399933,18.0073385,15.49534301,8.777871904
2021-06-11 00:00:00,57.84999847,56.15999985,424.3099976,424.7399902,70.16999817,84.36000061,54.65999985,92.63999939,31.55999947,115.6100006,142.3099976,18.08108194,15.58713961,8.757138433
2021-06-14 00:00:00,58.18999863,55.54999924,425.2600098,425.7600098,70.34999847,84.30000305,54.88000107,92.97000122,31.75,115.25,141.2200012,18.75044102,15.53123879,8.683374417
2021-06-15 00:00:00,57.99000168,55.40999985,424.480011,424.9299927,70.36000061,84.33999634,54.50999832,92.87000275,31.68000031,115.2699966,141.0500031,18.73800577,15.52093852,8.748165345
2021-06-16 00:00:00,57.22000122,54.66999817,422.1099854,422.5799866,69.66999817,84.04000092,53.77000046,91.87999725,31.31999969,114.4800034,140.9299927,18.72843724,15.40519575,8.800957352
2021-06-17 00:00:00,57.18000031,54.95000076,421.9700012,422.4500122,69.02999878,83.66999817,54.08000183,91.72000122,31.04000092,114.8899994,143.0399933,18.46773691,15.4457436,8.856119292
2021-06-18 00:00:00,55.66999817,53.77000046,414.9200134,416.769989,67.68000031,82.15000153,53.65999985,91.09999847,30.90999985,115.5400009,145.7299957,18.34325385,15.58340258,8.85103814
2021-06-21 00:00:00,55.86999893,54.36000061,420.8599854,422.6499939,67.94000244,82.61000061,53.63999939,92.05999756,31.29999924,115.1699982,143.2899933,18.34913166,15.33700011,9.257468534
2021-06-22 00:00:00,55.86999893,54.56000137,423.1099854,424.6600037,67.95999908,82.61000061,53.40999985,91.97000122,31.54000092,115.3799973,143.6399994,18.79929614,15.45719905,9.497125902
2021-06-23 00:00:00,55.25999832,54.11999893,422.6000061,424.4100037,67.54000092,82.16000366,53.72000122,92.34999847,31.60000038,115.1500015,143.2700043,18.7486924,15.65181017,9.513845398
2021-06-24 00:00:00,56.06999969,54.38999939,425.1000061,426.8699951,68.19000244,82.93000031,54.11999893,93.44999695,32.27999878,115.1299973,143.5,18.57671598,15.58768048,9.525804737
2021-06-25 00:00:00,55.90999985,54.31999969,426.6099854,428.4400024,68.33000183,83.33999634,54.56000137,94.01000214,31.82999992,114.8899994,142.0099945,18.64866698,15.6426132,9.560921055
2021-06-28 00:00:00,57.47999954,54.25999832,427.4700012,429.3500061,67.80000305,82.88999939,54.68999863,93.44000244,31.76000023,115.25,143.4700012,18.67496681,15.78479338,9.55980444
2021-06-29 00:00:00,56.75,53.86000061,427.7000122,429.5400085,67.83999634,82.90000153,54.65000153,93.08999634,31.79000092,115.3099976,143.7100067,18.5979382,15.79436841,9.743098969
2021-06-30 00:00:00,56.13999939,54.11000061,428.0599976,429.9200134,67.26000214,82.30999756,54.31000137,93.18000031,31.52000046,115.4899979,144.3500061,18.60465065,16.05758538,9.966777134
2021-07-01 00:00:00,56.00999832,53.95999908,430.4299927,432.3500061,67.66000366,82.15000153,54.02000046,92.59999847,31.01000023,115.3300018,144.1699982,19.13954883,16.1247933,9.625091028
2021-07-02 00:00:00,56.75999832,54.18000031,433.7200012,435.6400146,67.84999847,82.62000275,53.95999908,93,31.45999908,115.75,145.0399933,19.81369686,16.07110968,9.604139173
2021-07-05 00:00:00,56.75999832,54.18000031,433.7200012,435.6400146,67.84999847,82.62000275,53.95999908,93,31.45999908,115.75,145.0399933,20.08298809,16.45919822,9.723375086
2021-07-06 00:00:00,56.09000015,53.88000107,432.9299927,434.5299988,67.41999817,82.22000122,52.99000168,92.31999969,30.22999954,116.3600006,146.7400055,19.81432676,16.62740707,9.879451036
2021-07-07 00:00:00,55.95999908,54.31999969,434.4599915,436.3099976,67.83999634,82.26999664,53.04000092,91.58000183,30.37000084,116.6999969,148.0399933,19.52121842,16.0421894,9.73299787
2021-07-08 00:00:00,55.38999939,54.13000107,430.9200134,432.8099976,66.97000122,80.97000122,52.02999878,89.54000092,29.82999992,117,148.6199951,19.51475407,15.76085513,9.439951758
2021-07-09 00:00:00,55.99000168,54.45999908,435.519989,437.4100037,68.02999878,82.55999756,52.97999954,90.20999908,30.31999969,116.4100037,146.5299988,20.02427186,15.66637247,9.377758169
2021-07-12 00:00:00,56.72999954,54.47999954,437.0799866,439.0299988,68.36000061,82.76999664,53.00999832,90.90000153,30.59000015,116.3499985,146.3399963,20.2098822,16.17902537,9.034679115
2021-07-13 00:00:00,56.86999893,55.02000046,435.5899963,437.4899902,67.93000031,82.48000336,53.04000092,90.66999817,30.47999954,115.9899979,145.2200012,19.91390171,16.4143876,9.165394092
2021-07-14 00:00:00,56.52000046,56.25999832,436.2399902,438.0700073,68.04000092,82.91999817,53.29999924,91.27999878,30.85000038,116.4899979,146.8699951,20.0187757,16.40159002,9.208636823
2021-07-15 00:00:00,55.81000137,56.43999863,434.75,436.5700073,67.30999756,82.26000214,53.34999847,91.66000366,30.67000008,116.9800034,148.4900055,20.12195107,16.79600874,8.993902372
2021-07-16 00:00:00,54.97000122,56.40000153,431.3399963,433.269989,66.86000061,81.62000275,52.99000168,90.70999908,30.34000015,116.9599991,148.2100067,20.08076559,16.48503621,8.892515339
2021-07-19 00:00:00,54.63999939,55.72999954,424.9700012,426.7999878,65.5,80.26000214,52.20999908,88.61000061,29.37000084,117.9599991,151.4600067,19.04919113,15.80091866,8.50606945
2021-07-20 00:00:00,55.24000168,55.83000183,431.0599976,432.9899902,65.88999939,81.11000061,52.25,89.94000244,29.70999908,117.8099976,150,19.49339087,15.61111667,8.502727294
2021-07-21 00:00:00,56.22999954,56.54999924,434.5499878,436.5,67.15000153,81.73000336,52.70000076,89.45999908,30.20000076,117.1299973,148.1000061,19.76823497,16.05998675,8.452624607
2021-07-22 00:00:00,55.95999908,56.47000122,435.4599915,437.4500122,67.26000214,81.90000153,52.77999878,90.19999695,30.12999916,117.4000015,149.5,19.52878691,15.93570954,8.722126737
2021-07-23 00:00:00,53,57.00999832,439.9400024,441.7600098,67.83999634,82.13999939,51.95999908,90.15000153,30.01000023,117.2200012,148.5,20.10988917,16.39093707,8.677554917
2021-07-26 00:00:00,54.31000137,57.06000137,441.019989,442.9400024,68.09999847,81.91999817,50.97000122,90.02999878,30.45999908,117.1399994,148.0599976,20.08639998,16.34427615,8.901301911
2021-07-27 00:00:00,53.18000031,57.25999832,439.0100098,440.9200134,67.94999695,81.40000153,49.86999893,89.12999725,30.20999908,117.6399994,149.6399994,20.32885605,16.45669299,8.933633339
2021-07-28 00:00:00,53.06999969,56.74000168,438.8299866,440.6799927,68.30000305,81.84999847,51.27999878,89.95999908,30.86000061,117.7399979,149.6499939,20.40759734,16.43713963,8.801644022
2021-07-29 00:00:00,53.70000076,57.04999924,440.6499939,442.6400146,68.83000183,82.22000122,51.45999908,90.61000061,31.07999992,117.3799973,148.8200073,20.86027801,16.82729093,8.747409912
2021-07-30 00:00:00,53.72000122,57.02999878,438.5100098,440.3999939,68.51000214,81.48999786,51.11000061,88.75,29.70000076,117.7099991,149.5200043,20.94650209,16.95270236,8.783566543
2021-08-02 00:00:00,53.68000031,56.88000107,437.5899963,439.5100098,68.83000183,81.97000122,51.52000046,88.73000336,29.88999939,118.1500015,150.6699982,20.76095762,16.92559999,8.69903579
2021-08-03 00:00:00,54.06000137,56.91999817,441.1499939,443.019989,69.33000183,82.73999786,51.65000153,90.05000305,30.13999939,118.1800003,150.75,20.47791108,16.75465452,8.682967722
2021-08-04 00:00:00,53.90000153,56.09999847,438.980011,440.9100037,69.26999664,82.30999756,51.77999878,91.29000092,29.70999908,118.1500015,151.0599976,20.40361741,16.97981803,8.698677272
2021-08-05 00:00:00,53.88999939,56.5,441.7600098,443.6499939,69.62999725,82.63999939,51.61999893,91.51000214,29.75,117.7200012,150.2899933,21.55795065,17.1685741,8.709300939
2021-08-06 00:00:00,53.91999817,56.63999939,442.4899902,444.4200134,69.25,82.44000244,51.27000046,90.38999939,29.82999992,117.0299988,147.7799988,23.0362116,18.1058495,8.662952609
2021-08-09 00:00:00,54.04999924,56.65000153,442.1300049,444.1099854,69.19999695,82.37999725,51.45000076,90.30000305,29.72999954,116.7799988,147.25,21.80123702,17.89032809,8.626189201
2021-08-10 00:00:00,53.93999863,56.79999924,442.6799927,444.6300049,69.38999939,82.31999969,51.63999939,89.01000214,29.88999939,116.5599976,146.5700073,22.0754234,18.11458833,8.738765472
2021-08-11 00:00:00,54.13999939,56.72999954,443.7799988,445.6799927,69.87000275,82.87999725,51.83000183,88.38999939,30.05999947,116.6900024,146.4799957,21.86094775,18.40193703,8.910411615
2021-08-12 00:00:00,53.54000092,56.84000015,445.1099854,446.7200012,69.84999847,82.47000122,51.49000168,87.33000183,29.65999985,116.5699997,146.2400055,22.10389023,18.05474597,9.027372987
2021-08-13 00:00:00,53.49000168,57.22999954,445.9200134,447.8500061,70.37999725,82.62000275,51.38999939,86.34999847,29.85000038,117.2399979,148.5500031,21.40795261,17.98268019,8.991340095
2021-08-16 00:00:00,53.47000122,57.47999954,446.9700012,449,70,82.12999725,50.97999954,85.94999695,29.29999924,117.5,148.9100037,21.12851775,18.68847896,9.039234629
2021-08-17 00:00:00,52.68999863,57.27999878,444.0400085,445.9500122,69.44000244,80.98000336,50.06000137,83.95999908,29.13999939,117.4400024,148.8500061,21.01328846,18.54927967,8.859357452
2021-08-18 00:00:00,52.18999863,56.5,439.1799927,441.1400146,69.25,80.68000031,50.11999893,84.37999725,28.60000038,117.3799973,149.3500061,20.61062515,19.64879597,8.79386673
2021-08-19 00:00:00,52.43999863,56.86000061,439.8599854,441.7900085,68.44000244,79.97000122,49.34999847,83,28.10000038,117.6399994,150.4499969,20.12094578,19.43375501,8.548653193
2021-08-20 00:00:00,52.00999832,56.63999939,443.3599854,445.3099976,68.83000183,79.91999817,49.34999847,82.62000275,28.25,117.5299988,150.5500031,20.11913331,19.21949726,8.519280702
2021-08-23 00:00:00,53.22999954,56.43999863,447.2600098,449.1900024,69.43000031,80.83999634,50.06000137,83.94999695,28.45000076,117.5599976,150.4499969,19.81115317,19.07538819,8.515798301
2021-08-24 00:00:00,53.81000137,56.00999832,447.9700012,449.9700012,69.48000336,81.61000061,51.18000031,85.48999786,29.29000092,117.2399979,149.2799988,21.43808042,19.35191638,8.523078067
2021-08-25 00:00:00,53.81000137,56.06999969,448.9100037,450.9100037,69.56999969,81.52999878,51.22999954,85.54000092,29.59000015,116.7799988,148.0399933,21.63141635,18.94121482,8.509821153
2021-08-26 00:00:00,53.13000107,55.54000092,446.2600098,448.25,69.16000366,81.02999878,50.81000137,84.47000122,29.03000069,116.7799988,148.4499969,21.8612338,18.72246723,8.562775455
2021-08-27 00:00:00,53.88999939,55.65000153,450.25,452.1900024,69.94000244,81.79000092,51.45000076,85.69999695,29.75,117.1600037,149.4600067,21.75938616,18.44340918,8.57769253
2021-08-30 00:00:00,53.93999863,56.18000031,452.230011,454.2000122,69.94000244,81.72000122,51.59999847,84.98999786,29.64999962,117.3899994,149.8500061,21.85563796,18.52499288,8.615635619
2021-08-31 00:00:00,54.06000137,56.31000137,451.5599976,453.7099915,69.75,82.12000275,52.22999954,86.69000244,29.59000015,117.1699982,148.8300018,22.97996525,19.53985069,8.586525936
2021-09-01 00:00:00,53.66999817,56.68999863,451.7999878,453.9100037,70.23999786,83.11000061,52.86000061,87.68000031,29.51000023,117.1399994,148.8899994,22.5005602,19.80489407,8.595874161
2021-09-02 00:00:00,53.72999954,56.77000046,453.1900024,455.269989,70.59999847,83.29000092,52.65000153,86.59999847,29.10000038,117.2799988,149.5399933,22.17233858,19.8036167,8.621045933
2021-09-03 00:00:00,53.50999832,56.72999954,453.0799866,455.0700073,70.34999847,84.81999969,52.88999939,87.69999695,29,117,148.1799927,21.97285143,19.7312885,8.620331511
2021-09-06 00:00:00,53.50999832,56.72999954,453.0799866,455.0700073,70.34999847,84.81999969,52.88999939,87.69999695,29,117,148.1799927,22.03620079,19.84643995,8.689747102
2021-09-07 00:00:00,53.65000153,55.66999817,451.4599915,453.6000061,70.08000183,85.08999634,53.33000183,86.43000031,29.04000092,116.5400009,146.9299927,21.61728216,19.67975367,8.663520253
2021-09-08 00:00:00,53.56999969,56.41999817,450.9100037,453,69.34999847,84.62000275,52.54000092,84.98000336,27.78000069,116.8600006,147.9299927,21.38624765,19.56731422,8.612374216
2021-09-09 00:00:00,53.40000153,55.86000061,448.980011,450.980011,69.13999939,84.72000122,52.61000061,83.63999939,28.25,117.1900024,149.7200012,21.83550445,19.96310306,8.467109227
2021-09-10 00:00:00,53.84000015,55.61000061,445.4400024,447.5400085,68.94000244,84.56999969,52.52999878,83.61000061,28.19000053,116.8199997,148.3999939,22.14348984,20.01217894,8.511403906
2021-09-13 00:00:00,54.99000168,56.06999969,446.5799866,448.5799866,69.33999634,85.5,52.70000076,84.23999786,28.51000023,116.9599991,149.3000031,21.37024202,19.76470571,8.512110651
2021-09-14 00:00:00,54.52000046,55.68999863,444.1700134,446.1900024,69.16000366,85.06999969,52.20999908,84.36000061,28.29000092,117.4000015,151.1100006,20.86792916,19.67784832,8.441271079
2021-09-15 00:00:00,55.11999893,55.88000107,447.8800049,449.8999939,69.16999817,85.66000366,52.18999863,85.20999908,28.31999969,117.1999969,150.5800018,20.16296089,19.1410026,8.299958557
2021-09-16 00:00:00,54.83000183,55.34999847,447.1700134,449.0599976,69.13999939,85.22000122,51.65000153,83.62000275,28.02000046,116.8300018,149.8899994,21.29958009,19.61001652,8.309329033
2021-09-17 00:00:00,54.25999832,54.43999863,441.3999939,444.730011,68.04000092,84.45999908,51.45000076,83.08000183,27.34000015,116.4899979,149.1699982,21.24738834,19.48137165,8.30579726
2021-09-20 00:00:00,52.97999954,54.06000137,434.0400085,437.230011,66.33000183,82.51000214,49.59000015,81.05000305,26.59000015,117.0800018,151.0200043,20.21006378,18.34282963,8.169149423
2021-09-21 00:00:00,52.86999893,54.04999924,433.6300049,436.980011,67.01999664,83.20999908,49.99000168,81.09999847,26.93000031,117.0100021,150.8899994,20.05683756,18.11673474,8.197617531
2021-09-22 00:00:00,53.5,54.13000107,437.8599854,441.2900085,67.66000366,83.18000031,50.70999908,81.98999786,27.39999962,117.1200027,151.7899933,21.46954245,18.81999331,8.276426668
2021-09-23 00:00:00,54.02999878,54.04000092,443.1799927,446.5799866,68.56999969,83.94999695,50.95000076,83.95999908,27.67000008,116.0599976,148.3600006,21.07929221,18.49204058,8.170268297
2021-09-24 00:00:00,54.22000122,53.88999939,443.9100037,445.7399902,67.76000214,83.22000122,50.38999939,82.51000214,27.30999947,115.7099991,146.9100037,21.32476995,18.85471938,8.453061962
2021-09-27 00:00:00,54.65999985,53.61000061,442.6400146,444.3399963,67.66000366,83.40000153,50.65999985,83,27.45000076,115.4000015,146.3699951,21.29637207,18.56256307,8.365455523
2021-09-28 00:00:00,54,52.63999939,433.7200012,435.4700012,66.06999969,81.51999664,50.06999969,81,26.54000092,114.9599991,144.0899963,21.12791842,18.36018851,8.179875029
2021-09-29 00:00:00,53.49000168,52.95999908,434.4500122,436.2200012,65.83999634,81.45999908,49.66999817,80.05999756,26.59000015,115.0800018,144.3399963,21.34257723,18.63412834,7.840959527
2021-09-30 00:00:00,53.27999878,52.47000122,429.1400146,430.8200073,65.61000061,81.04000092,50.00999832,80.66000366,26.54000092,115.2200012,144.3200073,20.86466331,19.46831518,8.055854559
2021-10-01 00:00:00,53.86000061,53.02000046,434.2399902,435.9500122,66.01999664,80.87999725,50.04000092,80.48999786,27.11000061,115.6100006,145.3500061,21.12068901,19.39655113,8.230064404
2021-10-04 00:00:00,53.47000122,52.99000168,428.6400146,430.2900085,65.68000031,79.55000305,49.34999847,79.36000061,26.51000023,115.4700012,144.9799957,21.30633727,19.62354376,8.305400262
2021-10-05 00:00:00,53.95000076,53.08000183,433.1000061,434.7999878,66,79.93000031,49.81999969,78.88999939,26.37999916,115.1100006,143.5800018,21.77196693,19.75805999,8.1644876
2021-10-06 00:00:00,53.97999954,53.70999908,434.8999939,436.6499939,65.56999969,79.18000031,49.63000107,77.18000031,26.37999916,115.1399994,144.3899994,21.55900759,19.86917387,8.149359379
2021-10-07 00:00:00,54.18000031,53.88000107,438.6600037,440.269989,66.05999756,79.83000183,50.59999847,78.48000336,26.37999916,114.6800003,142.8800049,22.15516793,19.35518965,8.399934833
2021-10-08 00:00:00,53.81000137,54.11999893,437.8599854,439.6199951,66.09999847,79.54000092,50.79000092,77.94999695,26.55999947,114.4300003,141.8800049,21.87414866,20.02179236,8.321983085
2021-10-11 00:00:00,53.43999863,54.22999954,434.6900024,436.3399963,65.70999908,79.69999695,50.65000153,77.79000092,26.29999924,114.1500015,141.5200043,21.51416214,19.55337774,8.346950246
2021-10-12 00:00:00,52.16999817,54.22999954,433.6199951,435.2399902,65.97000122,79.22000122,50.50999832,76.47000122,26.37000084,114.6699982,143.9400024,21.4188634,19.97825457,8.602881049
2021-10-13 00:00:00,52.25999832,54.24000168,435.1799927,436.7900085,66.94999695,79.58999634,51.16999817,78.27999878,26.62000084,114.8899994,145.3399963,20.93856837,19.9880497,8.568246847
2021-10-14 00:00:00,53.90000153,54.61000061,442.5,444.269989,67.69000244,80.34999847,51.25,79.51000214,26.62999916,115.1600037,145.8800049,21.32400212,20.06643277,8.748308563
2021-10-15 00:00:00,54.45999908,54.47999954,445.8699951,447.6799927,68.19999695,81.04000092,51.79999924,80.37000275,27.31999969,114.5899963,145.0299988,21.05004287,20.47595079,8.707063186
2021-10-18 00:00:00,54.47000122,53.93999863,447.1900024,448.980011,67.88999939,80.66000366,51.72999954,79.63999939,27.06999969,114.4300003,145.7100067,21.24790159,21.02771608,8.642281218
2021-10-19 00:00:00,55.20999908,54.15000153,450.6400146,452.5100098,68.26999664,81.43000031,52.31999969,81.09999847,26.45999908,114.0199966,143.6999969,21.78601455,21.81348745,8.44791863
2021-10-20 00:00:00,55.36999893,54.63000107,452.4100037,454.25,68.55000305,81.41999817,52.33000183,80.65000153,26.70999908,113.9700012,142.7299957,22.06911659,22.15187578,8.48281669
2021-10-21 00:00:00,56,54.34999847,453.5899963,455.4299927,68.54000092,80.41999817,51.90999985,80.22000122,25.86000061,113.6699982,142.5599976,21.25977246,22.47619637,8.584082379
2021-10-22 00:00:00,49.45999908,54.45000076,453.1199951,454.8800049,68.87000275,80.87000275,51.77999878,80.36000061,25.76000023,113.9599991,144.1300049,20.87987849,21.54185614,8.481588686
2021-10-25 00:00:00,49.40999985,54.22999954,455.5499878,457.2600098,68.62000275,81.20999908,51.97000122,81.44000244,26.46999931,114.0999985,143.9100037,21.22213022,21.5799612,8.450316441
2021-10-26 00:00:00,48.27999878,54.47000122,455.9599915,457.7799988,68.87999725,81.15000153,51.61999893,82.02999878,26.21999931,114.2399979,145.1000061,21.33487618,21.74780927,8.341248364
2021-10-27 00:00:00,47.88999939,55.52000046,453.9400024,455.7399902,68.66000366,80.58000183,51.34999847,80.98999786,25.87999916,114.8799973,147.7400055,20.92453423,21.75050268,8.314749126
2021-10-28 00:00:00,48.08000183,56.04000092,458.3200073,460.1199951,69.41999817,81.20999908,51.29999924,81.08999634,25.69000053,114.5800018,147.2400055,20.98382297,21.67046639,8.23972106
2021-10-29 00:00:00,49,56.36999893,459.25,460.9899902,68.91000366,80.83999634,50.65999985,79.48999786,25.07999992,114.6299973,147.6900024,20.94948931,21.66712662,8.335633426
2021-11-01 00:00:00,49.54999924,56.16999817,460.0400085,461.9400024,69.51999664,81.47000122,51.15000153,79.83999634,25.37000084,114.5400009,146.4400024,21.20905221,21.59218347,8.319421768
2021-11-02 00:00:00,49.86000061,56.09999847,461.8999939,463.7600098,69.34999847,81.26999664,50.61000061,80.44999695,24.96999931,114.8199997,147.0899963,21.08396748,21.22052167,8.275184126
2021-11-03 00:00:00,50.38999939,56.29000092,464.7200012,466.6099854,70.01999664,81.54000092,50.97999954,79.5,25.34000015,114.4599991,145.5700073,21.24313273,21.32483709,8.197670453
2021-11-04 00:00:00,50.31000137,56.59999847,466.9100037,468.75,69.80000305,81.83000183,50.86999893,79.56999969,24.93000031,115.0800018,147.1000061,20.84360556,21.77485732,8.258011926
2021-11-05 00:00:00,50.91999817,56.84000015,468.5299988,470.3999939,69.93000031,81.97000122,50.88999939,79.47000122,25.27000046,115.7099991,149.3000031,21.10043692,21.45166058,8.132178633
2021-11-08 00:00:00,51.54999924,56.33000183,468.9299927,470.8900146,70.01999664,81.94000244,51.41999817,79.65000153,25.37999916,115.2099991,149.0200043,20.83052356,21.4781046,8.216184486
2021-11-09 00:00:00,51.20000076,56.49000168,467.3800049,469.25,69.94000244,81.55000305,51.29999924,79.09999847,25.57999992,115.7399979,150.9600067,21.24201947,21.32340652,8.31504338
2021-11-10 00:00:00,50.75999832,56.72000122,463.6199951,465.5400085,69.12999725,80.33000183,51.15999985,77.72000122,25.40999985,114.75,148.1999969,21.69600296,21.2620829,8.271601129
2021-11-11 00:00:00,50.52999878,56.74000168,463.769989,465.730011,69.37999725,80.76000214,52.04000092,78.65000153,25.92000008,114.3799973,147.9799957,22.2114919,21.37990223,8.302483989
2021-11-12 00:00:00,50.31000137,56.61000061,467.269989,469.1600037,69.55999756,81.61000061,52.08000183,79.72000122,25.68000031,114.6200027,147.3300018,21.38637161,21.38637161,8.367417893
2021-11-15 00:00:00,50.31999969,56.61999893,467.4299927,469.2799988,69.33000183,81.59999847,51.97999954,79.86000061,25.56999969,114.1699982,145.4799957,20.98427497,21.3062843,8.385659754
2021-11-16 00:00:00,50.61000061,56.22000122,469.2799988,471.1499939,69.18000031,81.36000061,51.95999908,79.69999695,25.10000038,114.0699997,145.1100006,20.97076901,21.23893742,8.769106736
2021-11-17 00:00:00,50.22999954,55.90999985,468.1400146,470.0400085,69.26999664,80.79000092,51.77000046,78.68000031,24.56999969,114.4800034,146.2599945,21.26459908,21.21090059,8.793126512
2021-11-18 00:00:00,49.68000031,55.40999985,469.730011,471.5899963,69.33999634,80.86000061,51.15000153,78.23000336,24.12999916,114.5500031,146.8099976,22.09929866,21.58661652,8.837021136
2021-11-19 00:00:00,49.52000046,55.13000107,468.8900146,470.8200073,68.41999817,80.83000183,51.06000137,78.43000031,24.09000015,114.8600006,148.3600006,22.46341522,21.41044263,8.707273328
2021-11-22 00:00:00,49.83000183,55.47000122,467.5700073,469.4100037,67.87000275,80.79000092,50.52999878,80.02999878,24.26000023,114.0199966,146.6199951,22.27446738,20.95788245,8.866796422
2021-11-23 00:00:00,49.09999847,55.88000107,468.1900024,470.0599976,67.62999725,80.95999908,50.58000183,79.41000366,24.48999977,113.5500031,144.5,21.91854292,20.87352682,8.762058113
2021-11-24 00:00:00,49.75999832,55.43000031,469.4400024,471.2799988,67.19999695,80.19999695,50.52000046,79.19000244,24.54000092,113.9000015,146.8200073,21.61554846,20.73273522,8.801380498
2021-11-25 00:00:00,49.75999832,55.43000031,469.4400024,471.2799988,67.19999695,80.19999695,50.52000046,79.19000244,24.54000092,113.9000015,146.8200073,21.86229391,21.24908323,8.798240232
2021-11-26 00:00:00,48.77999878,53.72999954,458.9700012,460.6199951,65.55999756,77.77999878,49.04000092,75.76000214,23.94000053,115.3700027,150.5299988,20.66357834,20.63695002,8.734089813
2021-11-29 00:00:00,50,54.58000183,464.6000061,466.5,66.01999664,78.06999969,49.11000061,76.37000275,24,115.1100006,149.3200073,20.86529616,20.99870598,8.644956465
2021-11-30 00:00:00,49.20000076,52.45000076,455.5599976,457.6300049,65.54000092,77.18000031,49.18999863,75.73000336,23.79000092,115.8000031,151.5899963,20.53180251,20.71821317,8.495000002
2021-12-01 00:00:00,48.59999847,52.29999924,450.5,452.2900085,65.16000366,76.94999695,49.15999985,77.33000183,23.59000015,115.9300003,152.3399963,21.06074844,20.90119732,8.668944435
2021-12-02 00:00:00,49.5,53.06999969,457.3999939,459.2600098,65.91000366,78.12999725,49.74000168,79.05999756,24.59000015,115.6800003,152.5299988,21.3276811,20.71680107,8.884320459
2021-12-03 00:00:00,49.25,53.54000092,453.4200134,455.1400146,65.41000366,78.23000336,49.04999924,78.69000244,24.40999985,116.3600006,154.3500061,21.78539094,21.27999115,8.711496377
2021-12-06 00:00:00,50.99000168,54.90999985,458.7900085,460.6199951,66.16999817,78.61000061,49.36999893,79.77999878,24.73999977,115.7799988,152.2299957,21.02086256,20.62374299,8.643969302
2021-12-07 00:00:00,52.56999969,55.20999908,468.2799988,470.1900024,67.51000214,80.26999664,50.09000015,81.02999878,25.20999908,115.3399963,151,21.22297478,20.61281425,8.608569144
2021-12-08 00:00:00,51.75,55,469.519989,471.4299927,67.73999786,80.30000305,50.38999939,81.26000214,25.48999977,114.9700012,148.3899994,20.84934068,20.55792677,8.636448617
2021-12-09 00:00:00,50.47999954,54.86000061,466.3500061,468.25,67.11000061,79.84999847,50.13999939,80.76000214,25.06999969,115.2600021,149.2200012,21.05680239,20.63408113,8.665785675
2021-12-10 00:00:00,50.59000015,56.27999878,470.7399902,472.7399902,67.26999664,79.86000061,50.22999954,80.73999786,25.14999962,115.3399963,148.8600006,21.23776655,20.73525402,8.5691611
2021-12-13 00:00:00,50,57.75999832,466.5700073,467.0700073,66.55999756,79,49.45999908,78.02999878,23.10000038,115.8899994,151.0599976,20.94629426,20.68115129,8.617146373
2021-12-14 00:00:00,49.70000076,57.79999924,463.3599854,463.769989,66.13999939,78.83000183,49.34999847,77.68000031,22.95000076,115.6900024,150.6999969,20.82452451,20.63953508,8.522727352
2021-12-15 00:00:00,50.66999817,58.06000137,470.6000061,471.0599976,67.01999664,79.87999725,49.16999817,78.69999695,23.07999992,115.5199966,149.25,20.66605066,20.50728458,8.45429345
2021-12-16 00:00:00,50.83000183,58.65000153,466.4500122,466.7399902,67.09999847,79.76999664,49.29999924,78.23000336,23.45000076,115.75,149.1399994,20.63742501,20.66395126,8.382296019
2021-12-17 00:00:00,50.61999893,57.72999954,459.8699951,462.1099854,66.12000275,79.01000214,48.95999908,78.56999969,23.37000084,116.0100021,150.8300018,20.54520672,21.42457355,8.340661094
2021-12-20 00:00:00,49.59999847,57.54000092,454.980011,456.9200134,65.51000214,76.94000244,47.81000137,77.01999664,22.67000008,115.9100037,149.6999969,20.42625237,20.32041687,8.440381486
2021-12-21 00:00:00,50.77000046,57.77000046,463.0599976,465.0599976,66.34999847,77.44999695,48.61999893,77.87000275,22.86000061,115.4499969,149.1300049,20.95106725,20.84538721,8.388352901
2021-12-22 00:00:00,50.97000122,58.18000031,467.6900024,469.75,67.16999817,77.93000031,48.88999939,78.41000366,23.11000061,115.5599976,149.8200073,20.83333325,21.36411881,8.426220775
2021-12-23 00:00:00,51.31000137,58.22000122,470.6000061,472.6300049,67.62999725,78.23000336,49.18000031,78.76999664,23.12999916,115.3199997,148.5200043,20.66893586,21.4700574,8.358368118
2021-12-24 00:00:00,51.31000137,58.22000122,470.6000061,472.6300049,67.62999725,78.23000336,49.18000031,78.76999664,23.12999916,115.3199997,148.5200043,20.6193871,21.63829049,8.513205987
2021-12-27 00:00:00,51.93999863,58.65000153,477.2600098,479.3999939,68.37000275,78.37000275,49.34000015,79.08000183,23.45999908,115.3600006,148.8800049,20.61581923,21.63454632,8.511732906
2021-12-28 00:00:00,51.75999832,58.88000107,476.8699951,479.0299988,68.40000153,78.40000153,49.16999817,78.80999756,23.35000038,115.3399963,148.2899933,20.67482112,21.69646378,8.536093247
2021-12-29 00:00:00,51.83000183,58.95000076,477.480011,479.5299988,68.51000214,78.34999847,48.95999908,78.87999725,23.03000069,114.75,146.6699982,21.6544435,22.16490805,8.731630445
2021-12-30 00:00:00,51.74000168,58.77999878,476.1600037,478.1799927,68.23999786,78.13999939,49.59000015,78.15000153,23.51000023,115.1299973,147.8999939,21.94903685,22.27300787,8.66622488
2021-12-31 00:00:00,51.5,59.20999908,474.9599915,476.9899902,68.23999786,78.01000214,49.45999908,77.87000275,23.45999908,115,148.1900024,22.51528622,22.2723155,9.624339972
2022-01-03 00:00:00,53.20999908,59.29999924,477.7099915,479.8399963,68.88999939,78.09999847,49.81000137,77.86000061,23.29999924,113.9300003,144.3000031,22.55516976,22.31176865,9.641388514
2022-01-04 00:00:00,53.13999939,60.29000092,477.5499878,479.6799927,68.98000336,78.93000031,49.61000061,77.69000244,23.22999954,113.8700027,143.6999969,22.1934572,22.32828987,9.775368452
2022-01-05 00:00:00,53.86999893,60.79000092,468.3800049,470.3299866,68.36000061,78.22000122,48.86999893,76.18000031,22.84000015,113.3899994,142.9199982,22.24567642,22.32686502,9.688506274
2022-01-06 00:00:00,54.00999832,60.47000122,467.9400024,469.980011,68.11000061,77.51999664,49.15000153,75.58999634,23.11000061,113.1100006,143.2899933,22.17703676,22.09570289,9.461840868
2022-01-07 00:00:00,53.43999863,60.33000183,466.0899963,468.1000061,68.44999695,77.70999908,49.40000153,77.52999878,23.57999992,112.7399979,142.2599945,21.84327942,21.7891449,9.229935913
2022-01-10 00:00:00,55.20999908,60.43000031,465.5100098,467.2200012,67.51999664,77.34999847,49.5,76.31999969,23.31999969,112.7099991,142.6100006,21.61177472,21.28555925,9.242771578
2022-01-11 00:00:00,55.90999985,60.45000076,469.75,471.8299866,68.36000061,78.23000336,50.45999908,78.22000122,24.01000023,112.9800034,143.5599976,21.2667716,20.83220155,9.098810327
2022-01-12 00:00:00,55.74000168,60.54000092,471.019989,473.0799866,68.98999786,79.20999908,51.22999954,79.76999664,24.65999985,113,143.0099945,21.59509254,21.54055948,9.338786864
2022-01-13 00:00:00,54.93999863,60.90000153,464.5299988,466.5899963,68.48000336,78.44000244,50.59000015,78.37000275,24.67000008,113.3600006,144.2799988,21.82630943,21.79888945,9.391345453
2022-01-14 00:00:00,55.70000076,61.38999939,464.7200012,466.75,68.29000092,78.26000214,50.68999863,77.27999878,24.80999947,112.5800018,142.1000061,21.69500861,21.74986325,9.311574494
2022-01-17 00:00:00,55.70000076,61.38999939,464.7200012,466.75,68.29000092,78.26000214,50.68999863,77.27999878,24.80999947,112.5800018,142.1000061,21.54948457,21.19397277,9.229633301
2022-01-18 00:00:00,54.75999832,60.90000153,456.4899902,458.5,67.30999756,76.91000366,49.93999863,74.98999786,24.63999939,111.7300034,140.1000061,21.09981132,20.79955527,9.144161439
2022-01-19 00:00:00,53.61999893,61,451.75,453.7600098,67.5,76.52999878,50.13999939,75.83000183,25.04000092,112,141.0700073,20.67239704,20.91720174,9.139375534
2022-01-20 00:00:00,52.04000092,60.75,446.75,448.7200012,67,76.19999695,50.45000076,75.47000122,25.04000092,112.2399979,141.9400024,20.54896965,20.63062119,9.185797691
2022-01-21 00:00:00,52.04000092,60.45000076,437.980011,439.980011,66.01999664,75.58000183,49.65999985,74.51999664,24.86000061,112.8899994,143.6300049,20.01577316,20.20614057,8.933670495
2022-01-24 00:00:00,51.93999863,59.95999908,439.8399963,441.519989,65,75.09999847,49,73.09999847,24.55999947,112.7900009,142.4499969,19.22216796,19.3306146,8.472394198
2022-01-25 00:00:00,51,59.81999969,434.4700012,436.4400024,64.54000092,74.73999786,48.99000168,72.02999878,24.98999977,112.6399994,142.2200012,19.85620399,19.20871908,8.349857522
2022-01-26 00:00:00,51.68999863,59.59999847,433.3800049,435.4299927,64.69000244,73.76999664,48.47999954,71.09999847,25.12999916,111.8399963,140.5,20.32020645,19.23934441,8.511788607
2022-01-27 00:00:00,48.04999924,59.65000153,431.2399902,433.1600037,64.58999634,72.55999756,48.04999924,69.20999908,25.22999954,112.3099976,143.0800018,20.01346704,19.17845024,8.754208326
2022-01-28 00:00:00,47.72999954,60.84000015,441.9500122,443.75,64.77999878,72.83999634,48.13000107,70.59999847,25.15999985,112.5699997,143.1300049,19.52016391,18.87752477,8.755958297
2022-01-31 00:00:00,48.81999969,61.00999832,449.9100037,451.769989,65.80000305,74.19999695,49.66999817,72.38999939,25.46999931,112.5699997,142.3899994,19.67617397,18.89877745,8.658588817
2022-02-01 00:00:00,48.95000076,60.56000137,452.9500122,454.8900146,66.59999847,74.55000305,49.95999908,72.98000336,25.97999954,112.3099976,141.7200012,19.71092494,19.52268964,8.873949838
2022-02-02 00:00:00,49.50999832,61.18000031,457.3500061,459.2600098,66.98999786,75.36000061,49.86999893,73.5,25.78000069,112.5400009,142.1999969,20.07168323,19.82822615,9.129640281
2022-02-03 00:00:00,48.27999878,61.61000061,446.6000061,448.6000061,66.05999756,74.16000366,49.45000076,71.98000336,25.37999916,112.0599976,141.0899963,19.69641505,20.13049582,9.237781438
2022-02-04 00:00:00,48.00999832,60.95999908,448.7000122,450.8500061,65.88999939,74.69999695,49.47999954,72.72000122,25.39999962,111.1999969,139.0099945,19.7176978,19.66330415,9.314912409
2022-02-07 00:00:00,48.18000031,61.59999847,447.2600098,449.25,65.93000031,74.93000031,49.47999954,72.95999908,25.61000061,111.2300034,139.1000061,20.05656991,20.48964024,9.135077387
2022-02-08 00:00:00,48.81000137,62,450.9400024,452.8200073,66.16000366,75.54000092,49.93000031,73.18000031,25.92000008,110.8700027,138.1699982,20.06303066,20.25255997,9.138020039
2022-02-09 00:00:00,49.90999985,61.04000092,457.5400085,459.5,67.27999878,76.58000183,50.66999817,74.5,26.10000038,111.0199966,138.4299927,20.86325154,21.10710773,9.456201024
2022-02-10 00:00:00,48.86000061,61.38000107,449.3200073,451.3800049,66.41999817,75.58999634,50.38999939,73.63999939,26.26000023,110,136.2299957,21.08482779,21.40962616,9.473285913
2022-02-11 00:00:00,47.63000107,60.29000092,440.4599915,442.3500061,65.18000031,74.87999725,49.61000061,72.90000153,26.51000023,111.1399994,138.25,21.41182556,21.68286133,9.228767853
2022-02-14 00:00:00,47.58000183,60.68000031,439.019989,440.9100037,64.54000092,74.77999878,49.24000168,72.23999786,26.44000053,110.3700027,136.5299988,21.27717297,21.25003371,9.091649163
2022-02-15 00:00:00,48.43999863,60.90999985,446.1000061,448,66.02999878,75.72000122,50.36000061,72.80000305,26.84000015,110.0400009,134.9799957,21.95036125,22.05862443,8.999377453
2022-02-16 00:00:00,48.22999954,60.90000153,446.6000061,448.5100098,66.25,76.01999664,50.74000168,73.68000031,27.15999985,110.2699966,135.7799988,21.96373772,21.25959816,9.194437675
2022-02-17 00:00:00,47.56999969,62.11999893,437.0599976,439.1000061,65.08999634,75.19000244,50.08000183,73.09999847,26.44000053,110.8600006,136.7899933,21.1109752,20.18720023,8.803032131
2022-02-18 00:00:00,45.04000092,62.54000092,434.230011,436.0700073,64.70999908,74.95999908,49.68999863,72.98000336,26.35000038,111.2200012,138.2299957,20.50988683,20.42817414,8.824971228
2022-02-21 00:00:00,45.04000092,62.54000092,434.230011,436.0700073,64.70999908,74.95999908,49.68999863,72.98000336,26.35000038,111.2200012,138.2299957,19.22109727,18.7861078,8.631822324
2022-02-22 00:00:00,44.68999863,62.27999878,429.5700073,431.3399963,63.70000076,74.52999878,48.91999817,72.76999664,26.62000084,111.2099991,138.5899963,20.42120375,19.03441095,8.633464968
2022-02-23 00:00:00,44.65000153,61.59000015,421.9500122,423.480011,63.20999908,73.75,48.47000122,71.83000183,26.57999992,110.6299973,136.6799927,20.16660599,18.39998956,8.697188568
2022-02-24 00:00:00,46.72000122,60.50999832,428.2999878,430.1400146,61.97000122,73.23999786,47.49000168,70.62999725,26.09000015,110.8899994,136.7700043,17.96163813,16.39033344,7.734611895
2022-02-25 00:00:00,47.70999908,62.84999847,437.75,439.6099854,63.84000015,74.73000336,48.36999893,72.66000366,26.61000061,110.8600006,136.8699951,17.97368134,16.31539526,7.555900264
2022-02-28 00:00:00,47.70000076,62.24000168,436.6300049,438.7200012,62.31999969,74.18000031,47.81999969,72.41000366,26.89999962,112.1200027,139.8699951,17.62597619,16.07467631,7.502407165
2022-03-01 00:00:00,46.81999969,61.97000122,429.980011,431.9200134,60.66999817,73.30000305,47.16999817,71.48999786,26.93000031,113.1100006,141.3000031,16.42952946,15.81207982,7.302013092
2022-03-02 00:00:00,48.86999893,62.43000031,437.8900146,439.7999878,61.61000061,73.86000061,47.31999969,71.52999878,27.28000069,111.4100037,136.4700012,16.24216537,14.93532448,6.840912015
2022-03-03 00:00:00,47.93000031,62.47000122,435.7099915,437.6900024,59.84000015,73.54000092,46.65999985,72.01999664,27.77000046,111.8899994,137.8600006,16.15669123,14.950968,6.430523872
2022-03-04 00:00:00,48.06999969,62.56999969,432.1700134,433.9500122,57.31000137,72.83000183,45.77999878,69.98999786,27.53000069,113,140.2400055,14.39233104,12.81691818,6.141439962
2022-03-07 00:00:00,47.68000031,61.08000183,419.4299927,421.2000122,55.41999817,70.51000214,44.15999985,67.11000061,26.61000061,112.5199966,139.1699982,13.02750817,11.90444712,6.057923423
2022-03-08 00:00:00,47.5,58.65999985,416.25,418.0599976,56.72999954,69.66999817,44.34999847,67.58000183,26.87000084,111.7900009,137.7700043,14.05638117,12.28622123,6.274233572
2022-03-09 00:00:00,47.63000107,58.95999908,427.4100037,429.3099976,59.75999832,71.47000122,45.47000122,70.25,27.57999992,111.0999985,136.4199982,14.8807963,12.71941303,6.824731401
2022-03-10 00:00:00,46.65999985,57.88000107,425.480011,427.3399963,58.43000031,71.18000031,44.77000046,68.12999725,27.51000023,110.5899963,134.4600067,14.97890259,13.13291107,6.909282532
2022-03-11 00:00:00,45.83000183,57.91999817,420.0700073,422.0100098,58.06999969,70.30999756,43.86000061,67.11000061,27.10000038,110.5599976,134.9100037,14.91148795,13.41771851,7.01023379
2022-03-14 00:00:00,44.40000153,58.54000092,417,418.8200073,59.09999847,70.01999664,42.81000137,66.81999969,26.46999931,109.1600037,131.7599945,15.11224588,13.05029869,6.968859501
2022-03-15 00:00:00,44.81000137,59.61999893,426.1700134,428.0400085,59.54000092,70.90000153,42.79000092,67.55999756,26.14999962,109.1100006,131.5299988,14.65134726,13.01185369,6.83122319
2022-03-16 00:00:00,46.63000107,59.45999908,435.6199951,437.519989,61.88000107,72.97000122,46.11999893,70.51999664,26.79999924,108.9599991,132.8200073,14.74252826,13.04648519,7.240799278
2022-03-17 00:00:00,47.13999939,60.09000015,441.0700073,442.9599915,62.27999878,73.55999756,45.77999878,71.12999725,27.52000046,108.75,131.8300018,16.11101687,13.66676798,7.477299019
2022-03-18 00:00:00,47.45000076,60.09999847,444.519989,447.7000122,62.79000092,74.44999695,46.5,71.5,28.14999962,109.0699997,133.4400024,15.47663787,13.95003073,7.883083404
2022-03-21 00:00:00,47.38999939,60.58000183,444.3900146,447.6099854,62.02999878,74.18000031,45.77999878,70.01999664,28.75,107.6500015,130.3500061,15.71404186,13.58198593,7.843860092
2022-03-22 00:00:00,48.38999939,60.79999924,449.5899963,453.0700073,62.84999847,74.55999756,46.49000168,71.22000122,29.05999947,107.0599976,128.6799927,15.6966027,13.8267054,7.887806221
2022-03-23 00:00:00,48.27000046,60.40000153,443.7999878,447.3900146,61.68000031,74.02999878,46.16999817,70.52999878,29.37000084,107.7799988,131.5,15.8401657,13.87672807,7.774151673
2022-03-24 00:00:00,51.61999893,60.97999954,450.4899902,452.3599854,62.04000092,74.84999847,46.45000076,70.95999908,29.87999916,107.1800003,130.4700012,15.76799713,13.73426886,7.765144315
2022-03-25 00:00:00,51.83000183,61.52999878,452.6900024,454.6400146,62.08000183,74.83000183,46.09000015,70.16999817,30.06999969,106.0800018,128.6600037,15.57098022,13.77635877,7.930643313
2022-03-28 00:00:00,51.50999832,61.91999817,455.9100037,457.8299866,62.22000122,74.16000366,46.24000168,70.87999725,29.87999916,106.3199997,129.7599945,15.70611612,13.70332279,8.024349597
2022-03-29 00:00:00,52.25,62.15999985,461.5499878,463.6700134,63.79999924,75.45999908,46.95000076,72.5,30.30999947,106.8499985,130.7400055,16.79879475,15.33119334,8.320775872
2022-03-30 00:00:00,51.43000031,62.20999908,458.7000122,460.7900085,63.52999878,74.91999817,46.88999939,71.55000305,30.23999977,107.2699966,131.7599945,16.00062864,14.48174736,8.118158555
2022-03-31 00:00:00,49.56000137,62,451.6400146,453.6900024,62.27999878,74.05000305,46.13000107,71.23000336,30.38999939,107.4700012,132.0800018,15.60898747,14.45276618,8.290632236
2022-04-01 00:00:00,48.11000061,62.86999893,452.9200134,454.7900085,63.00999832,74.56999969,47.00999832,71.01999664,30.95999908,106.6500015,132.3800049,15.93415976,14.56687212,8.348342776
2022-04-04 00:00:00,49.20000076,62.54000092,456.7999878,458.7999878,63.04999924,75.23000336,47.83000183,72.02999878,31.12999916,106.5800018,131.4600067,15.93416695,14.59758386,8.517441213
2022-04-05 00:00:00,48.13000107,62.47000122,451.0299988,452.8900146,62.40999985,73.88999939,46.99000168,70.86000061,30.28000069,105.3099976,128.4900055,15.55389461,14.58341552,8.406447254
2022-04-06 00:00:00,47.54000092,63.09999847,446.519989,448.4899902,61.70999908,72.88999939,46.47000122,69.98999786,29.89999962,104.9400024,127.4499969,15.50975508,14.38510168,8.434900528
2022-04-07 00:00:00,47.56000137,63.43999863,448.769989,450.7099915,62.02000046,72.63999939,46.13000107,69.55000305,30.01000023,104.6800003,126.4899979,15.55575891,14.53613773,8.366122437
2022-04-08 00:00:00,47.02000046,63.83000183,447.5700073,449.5100098,62.08000183,72.40000153,46.22000122,68.90000153,29.86000061,104.1500015,125.1200027,15.94458606,15.0035941,8.429719681
2022-04-11 00:00:00,46.56999969,63.81000137,439.9200134,441.7399902,61.54000092,71.40000153,45.63999939,68.37999725,29.73999977,103.6500015,123.1399994,15.92535172,15.22161278,8.210287714
2022-04-12 00:00:00,46.5,64.55999756,438.2900085,440.0499878,61.09999847,70.93000031,45.45999908,68.51999664,29.59000015,104.1500015,122.9700012,16.01979704,15.34253733,7.970825844
2022-04-13 00:00:00,47.00999832,64.73000336,443.3099976,445.2000122,61.81999969,71.79000092,45.95000076,70.25,29.73999977,104.3799973,123.2200012,16.20117508,15.78509354,7.996567154
2022-04-14 00:00:00,45.66999817,65.01999664,437.7900085,439.7000122,61.54000092,71.37000275,45.45000076,68.73000336,29.34000015,103.4400024,120.75,16.13792009,16.00671749,8.095200567
2022-04-15 00:00:00,45.66999817,65.01999664,437.7900085,439.7000122,61.54000092,71.37000275,45.45000076,68.73000336,29.34000015,103.4400024,120.75,16.07611957,15.94541941,8.064199815
2022-04-18 00:00:00,46.63999939,64.44000244,437.9700012,439.8599854,61.31000137,70.80999756,45.25999832,68.68000031,29.52000046,103.1399994,120.1500015,16.06079553,15.93021996,8.056512882
2022-04-19 00:00:00,47.93000031,65.06999969,445.0400085,446.9599915,61.58000183,71.13999939,45.02999878,69.16999817,29.39999962,102.4599991,119.25,15.92402258,15.87198329,7.922981822
2022-04-20 00:00:00,48.11000061,65.95999908,444.7099915,446.5599976,62.09000015,71.58000183,44.74000168,69.56999969,29.34000015,103.2600021,121.6500015,16.47536564,16.26714617,7.977408482
2022-04-21 00:00:00,47.5,66.20999908,438.0599976,440.0899963,61.50999832,70.75,43.93000031,68.31999969,28.44000053,102.6900024,120.75,16.67581462,16.98946631,7.971980345
2022-04-22 00:00:00,46.54000092,65.25,426.0400085,427.7799988,60.56000137,69.55000305,43.58000183,67.51000214,27.62000084,102.7399979,119.9899979,16.49124684,16.82992964,8.011150718
2022-04-25 00:00:00,47.06000137,65.94000244,428.5100098,430.4200134,60.06999969,69.45999908,43.13000107,67.02999878,27.03000069,103.4000015,121.1900024,16.08991864,16.47484493,7.826834428
2022-04-26 00:00:00,45.52000046,65.05000305,416.1000061,417.8900146,58.09999847,68.01000214,42.25999832,65.12999725,26.09000015,104.0899963,122.4100037,15.84854726,15.74662734,7.822353711
2022-04-27 00:00:00,45.22000122,65.55999756,417.269989,419.1499939,58.36999893,68.48000336,42.84999847,65.19999695,26.30999947,103.5100021,120.8399963,15.52865408,15.12596613,7.701407046
2022-04-28 00:00:00,46.84000015,66.19000244,427.8099976,429.6799927,59.11999893,69.59999847,43.40999985,66.34999847,26.59000015,103.3600006,121.0199966,15.7525736,15.52682015,7.61290778
2022-04-29 00:00:00,43.59000015,64.61000061,412,413.5599976,58.38999939,68.93000031,43.43999863,66.63999939,26.10000038,102.8099976,119.4499969,15.30561339,15.72938444,7.578023567
2022-05-02 00:00:00,44.95999908,63.43999863,414.480011,416.2200012,58.16999817,68.86000061,43.34999847,66.86000061,25.54999924,101.9199982,117.1800003,15.44071434,15.86822598,7.64491394
2022-05-03 00:00:00,45.06000137,63.08000183,416.3800049,418.1499939,58.63999939,69.47000122,43.68000031,67.06999969,25.90999985,102.0400009,117.9700012,15.49786992,15.62285274,7.511467599
2022-05-04 00:00:00,46.54000092,65.02999878,429.0599976,430.7399902,59.56000137,70.62000275,44.11000061,68.26000214,26.56999969,102.6999969,118.6200027,15.10048962,15.37549853,7.62524724
2022-05-05 00:00:00,44.59999847,64.51000214,413.8099976,415.4500122,57.61000061,68.55999756,42.50999832,65.87999725,25.59000015,101.6699982,115.3700027,14.91463864,15.39412787,7.507791871
2022-05-06 00:00:00,44.29999924,64.73999786,411.3399963,413.2099915,56.72999954,68.44000244,41.93000031,66.12999725,25.31999969,101.0899963,113.6699982,14.46605304,14.81224919,7.369032149
2022-05-09 00:00:00,43.06999969,64.61000061,398.1700134,399.9200134,55.02000046,66.48000336,40.79999924,64.01000214,24.44000053,101.8399963,114.6699982,14.29892163,14.57010808,7.13713416
2022-05-10 00:00:00,44.00999832,64.01000214,399.0899963,400.7099915,55.58000183,66.58000183,40.97000122,64.30000305,24.54000092,102.1800003,115.7099991,14.3870691,15.05336561,7.020791011
2022-05-11 00:00:00,42.83000183,64.30999756,392.75,394.3900146,55.27000046,65.98999786,40.68000031,63.59999847,24.80999947,102.8099976,117.9400024,15.65731247,15.80502296,6.967011681
2022-05-12 00:00:00,42.84000015,64.51000214,392.3399963,393.8099976,55,66.04000092,40.47999954,62.68000031,25.02000046,103.1500015,117.7200012,15.53744944,15.73319684,7.132545689
2022-05-13 00:00:00,43.59999847,65.72000122,401.7200012,403.4100037,56.59999847,67.69000244,41.47999954,65.48999786,25.69000053,102.6100006,115.9800034,15.74591696,16.30739927,6.945292056
2022-05-16 00:00:00,43.08000183,65.95999908,400.0899963,401.7099915,56.81000137,67.45999908,41.38999939,64.73999786,26.05999947,103.0400009,115.8600006,16.76963759,16.20574627,6.975090491
2022-05-17 00:00:00,44.40000153,65.77999878,408.3200073,410.0299988,58.16999817,68.37999725,42.34000015,66.44000244,26.78000069,102.2600021,114.4599991,16.76177244,16.53992545,7.210027117
2022-05-18 00:00:00,42.34999847,61.20000076,391.8599854,393.5599976,56.45999908,67.27999878,41.41999817,64.23000336,26.04999924,102.9899979,116.9000015,17.10362021,16.75405717,7.490636587
2022-05-19 00:00:00,42.00999832,60,389.4599915,391.1000061,57.04999924,68.01000214,42.02000046,65.47000122,26.62999916,103.3600006,117.1800003,16.71625571,15.75328086,7.333423848
2022-05-20 00:00:00,41.65000153,60.97999954,389.6300049,391.2999878,57.29000092,68.76999664,42.18000031,66.12000275,27.12999916,103.8399963,118.5100021,17.49685338,16.45003309,7.477287769
2022-05-23 00:00:00,42,62.86000061,396.9200134,398.6099854,58.50999832,69.44000244,42.47999954,67.12999725,27.84000015,103.2099991,116.5599976,17.85580317,17.50568938,7.689999264
2022-05-24 00:00:00,41.66999817,64.01999664,393.8900146,395.75,58.5,68.95999908,41.72000122,66.12000275,27.77000046,104.0999985,118.8600006,18.22294742,17.92132622,7.666205466
2022-05-25 00:00:00,42.20000076,64.06999969,397.3699951,399.25,58.45000076,69.01999664,41.95000076,66,27.87000084,104.3099976,119.3300018,18.43815039,17.93643202,7.77663486
2022-05-26 00:00:00,43.47999954,64.30000305,405.3099976,407.0599976,59.24000168,69.55999756,42.58000183,66.55999756,28.39999962,104.2600021,118.7900009,18.75329626,18.65260742,8.029934907
2022-05-27 00:00:00,44.54999924,64.68000031,415.2600098,417.25,59.97000122,70.27999878,43.04000092,67.59999847,28.81999969,104.4100037,119.0800018,19.55687898,18.85030787,8.201271832
2022-05-30 00:00:00,44.54999924,64.68000031,415.2600098,417.25,59.97000122,70.27999878,43.04000092,67.59999847,28.81999969,104.4100037,119.0800018,20.07905416,18.66468054,8.322073393
2022-05-31 00:00:00,44.41999817,63.38000107,412.9299927,414.8699951,59.79999924,69.73999786,43.63999939,68.04000092,28.43000031,103.3199997,116.5599976,20.28582139,18.71759081,8.271151614
2022-06-01 00:00:00,44.11000061,63.06999969,409.5899963,411.5100098,58.81000137,69.70999908,43.34999847,67.61000061,28.20999908,102.6100006,116.2200012,20.42643356,18.03074074,8.397533798
2022-06-02 00:00:00,44.84000015,63.72999954,417.3900146,419.2600098,60.27000046,70.66000366,44.13000107,68.59999847,28.51000023,102.7600021,116.2799988,20.22269876,17.85090076,8.313776157
2022-06-03 00:00:00,43.38999939,62.97000122,410.5400085,412.3800049,59.45000076,69.34999847,43.43999863,67.01999664,28.35000038,102.5599976,116.0299988,20.37838361,17.98832628,8.37777993
2022-06-06 00:00:00,43.34000015,62.86999893,411.7900085,413.6199951,59.74000168,69.54000092,43.68000031,66.88999939,28.03000069,101.7900009,113.8899994,20.512359,18.26374474,8.244918966
2022-06-07 00:00:00,43.52999878,63.25,415.7399902,417.4599915,59.88999939,69.58999634,43.90000153,66.5,27.84000015,102.1999969,115.1200027,20.63869808,18.45961224,8.365685873
2022-06-08 00:00:00,41.22999954,62.88999939,411.2200012,412.9400024,59.02999878,68.70999908,44.06000137,66.02999878,27.26000023,101.8199997,114.0999985,20.41664015,18.2264457,8.408332686
2022-06-09 00:00:00,40.00999832,61.79999924,401.4400024,401.9899902,57.56000137,67.76000214,43.11000061,64.77999878,25.54000092,101.7300034,114.4800034,19.78857066,18.0078501,8.389451058
2022-06-10 00:00:00,39.18000031,61.40999985,389.7999878,390.1300049,56.00999832,66.44999695,42.77000046,63.13000107,24.85000038,100.7300034,113.7699966,19.41407944,17.54013355,7.895558691
2022-06-13 00:00:00,37.77000046,61.34000015,375,375.1300049,54,64.37000275,41.38000107,60.25999832,23.79999924,98.94000244,110.1999969,18.7806108,16.7429759,7.782292318
2022-06-14 00:00:00,37.93000031,59.22999954,373.8699951,374.1300049,53.31999969,64.12999725,41.97999954,60.95999908,23.63999939,98.15000153,108.8099976,17.85280581,16.29827578,7.347583342
2022-06-15 00:00:00,38.65000153,59.66999817,379.2000122,379.4599915,54.61999893,64.72000122,42.59999847,61,24.12000084,99.51999664,110.8399963,18.06693382,16.62542315,7.123465264
2022-06-16 00:00:00,37.34000015,59.06999969,366.6499939,366.9899902,53.20999908,63.61999893,41.27000046,59.24000168,23.20000076,100.1699982,111.7200012,17.77453189,16.53274952,6.85415168
2022-06-17 00:00:00,36.97000122,59.43000031,365.8599854,367.6600037,53.22000122,63.02999878,41.45000076,59.70000076,23.11000061,100.1999969,112.0800018,18.23572982,16.25895694,6.770447116
2022-06-20 00:00:00,36.97000122,59.43000031,365.8599854,367.6600037,53.22000122,63.02999878,41.45000076,59.70000076,23.11000061,100.1999969,112.0800018,18.36679824,16.2879995,6.908948737
2022-06-21 00:00:00,37.72999954,60.70000076,375.0700073,377.0100098,53.02999878,63.24000168,41.79999924,59.56999969,23.13999939,99.68000031,110.1800003,18.20609907,16.04979124,7.069259195
2022-06-22 00:00:00,37.38000107,61.15000153,374.3900146,376.3599854,52.68000031,62.54000092,41.11000061,57.81000137,22.80999947,100.9400024,113.2099991,18.35087481,16.1183486,6.881578056
2022-06-23 00:00:00,37.40999985,61.88000107,378.0599976,380.1300049,52.36000061,62.59999847,41.31000137,57.22000122,22.29000092,101.5100021,114.1399994,17.54321578,15.92610371,6.860475445
2022-06-24 00:00:00,38.61000061,63.04000092,390.0799866,392,54.11000061,64.16000366,42.18999863,59.5,22.62000084,101.1500015,112.5599976,17.87619166,16.06159881,6.878287736
2022-06-27 00:00:00,38.63000107,62.90999985,388.5899963,390.5799866,53.97000122,63.91999817,42.22000122,59.5,23.09000015,100.5800018,111.5999985,17.8341125,16.21282954,7.037841915
2022-06-28 00:00:00,37.77999878,62.27999878,380.6499939,382.6099854,53.43999863,63.86000061,41.93999863,59.06000137,22.95000076,100.7099991,112.1200027,17.6404921,16.3646846,7.323625717
2022-06-29 00:00:00,37.29000092,62.72999954,380.3399963,382.3399963,53.13000107,63.68000031,41.83000183,58.15000153,22.93000031,101.5199966,113.8700027,17.11443672,15.82232113,7.15539484
2022-06-30 00:00:00,37.40999985,62.90999985,377.25,379.1499939,52.81999969,63.47999954,41.65000153,58.18999863,22.54000092,102.3000031,114.8700027,15.84413009,15.33459452,7.351870472
2022-07-01 00:00:00,36.34000015,64.37999725,381.2399902,383.0899963,52.86000061,63.5,41.40000153,57.40000153,22.42000008,103.2399979,115.8199997,16.27123587,14.88489738,7.260035734
2022-07-04 00:00:00,36.34000015,64.37999725,381.2399902,383.0899963,52.86000061,63.5,41.40000153,57.40000153,22.42000008,103.2399979,115.8199997,16.33868265,15.37046442,7.273739462
2022-07-05 00:00:00,36.68999863,63.27999878,381.9599915,383.9100037,51.34000015,62.88000107,41.06999969,57,21.95999908,103.6200027,116.7300034,15.8214807,14.53734827,7.195987394
2022-07-06 00:00:00,36.99000168,63.40999985,383.25,385.2799988,51.45000076,62.86000061,40.79000092,56.52000046,21.77000046,102.7399979,114.7699966,15.9401589,14.45846497,7.049995315
2022-07-07 00:00:00,38.13999939,62.90999985,388.9899902,390.9899902,52.25,63.86999893,41.63999939,57.88000107,22.43000031,102.1100006,113.7600021,16.38249631,14.47478204,7.034696376
2022-07-08 00:00:00,37.99000168,63.13999939,388.6700134,390.6799927,52.29000092,64.12999725,41.54000092,58.29999924,22.51000023,101.4899979,112.5,16.74304453,14.81855665,7.024380751
2022-07-11 00:00:00,37.20000076,62.93999863,384.230011,386.230011,51.43999863,62.95999908,40.50999832,56.63000107,21.75,102.2900009,114.4400024,16.65504942,14.32382317,7.029728651
2022-07-12 00:00:00,37.20999908,62.66999817,380.8299866,382.7600098,51.40999985,62.99000168,40.36000061,56.58000183,21.56999969,102.5299988,115.1200027,16.73271653,14.35252926,6.962047774
2022-07-13 00:00:00,37.20999908,62.38000107,378.8299866,380.7999878,51.43000031,62.79999924,40.24000168,57,21.67000008,102.9700012,116.4400024,16.77138827,14.01574941,7.257307532
2022-07-14 00:00:00,37.70999908,62.18000031,377.9100037,379.8800049,50.58000183,62.18999863,39.97000122,55.95999908,21,102.4000015,115.4899979,16.37204933,13.73828487,6.952189064
2022-07-15 00:00:00,38.61999893,62.5,385.1300049,387.1300049,51.54999924,62.95000076,40.11000061,56.84999847,21.43000031,102.75,116.1399994,17.02540766,13.99445887,7.210343024
2022-07-18 00:00:00,38.70999908,61.65000153,381.9500122,384,51.86000061,63.09000015,40.29999924,57.27999878,21.54999924,102.4499969,114.9300003,16.78634213,13.83803275,7.287555048
2022-07-19 00:00:00,40.22000122,62.52999878,392.269989,394.3200073,53.54999924,64.19999695,40.86999893,58.68999863,21.87000084,101.9800034,114.3099976,17.15774083,13.97949636,7.300403655
2022-07-20 00:00:00,40.56000137,61.5,394.769989,396.7600098,52.91999817,64.19999695,40.70000076,58.25999832,21.70000076,101.8799973,114.6100006,17.11699846,14.30817823,7.454176748
2022-07-21 00:00:00,40.61000061,61.36000061,398.7900085,400.8099976,53.59000015,65.01000214,41.20000076,59.22000122,21.79000092,103.0400009,116.5899963,17.16748474,14.53370047,7.39853945
2022-07-22 00:00:00,39.20000076,61.59000015,395.0899963,397.2399902,53.34999847,64.97000122,40.77999878,58.47000122,21.71999931,104.2200012,118.5500031,17.25048087,14.9712101,7.557582021
2022-07-25 00:00:00,39.15999985,62.18999863,395.5700073,397.6499939,53.86000061,65.22000122,40.97000122,58.77999878,22.34000015,103.8499985,117.3899994,17.47698446,15.55907121,7.359992082
2022-07-26 00:00:00,38.95999908,63.20999908,390.8900146,392.9299927,52.99000168,64.63999939,40.58000183,58.63000107,22.29999924,103.8899994,117.4800034,17.21477501,15.69582428,7.341595227
2022-07-27 00:00:00,40.18000031,63.00999832,401.0400085,403.0899963,54.27000046,65.94000244,41.38000107,59.84000015,22.81999969,104.0999985,116.8199997,17.188665,15.45535425,7.426755117
2022-07-28 00:00:00,39.70999908,64.05999756,406.0700073,408.2099915,54.56999969,66.41999817,41.50999832,60.52000046,23.42000008,105.1299973,117.75,17.5148386,16.34718269,7.62625264
2022-07-29 00:00:00,36.31000137,64.16999817,411.9899902,414.2799988,55.45999908,66.87000275,41.31999969,60.54999924,23.56999969,105.1699982,117.4300003,18.3332121,16.7993577,7.693618889
2022-08-01 00:00:00,36.95999908,64.51999664,410.769989,412.9500122,55.36999893,67.30000305,41.06999969,59.86000061,23.20000076,105.5999985,120.0400009,18.76209055,17.00998871,7.689780302
2022-08-02 00:00:00,36.00999832,63.63999939,408.0599976,410.3200073,54.47000122,66.25,40.83000183,59.43000031,22.95000076,104.1399994,117.5,19.50860856,17.44991117,7.842656708
2022-08-03 00:00:00,36.52000046,63.91999817,414.4500122,416.7200012,55.02999878,66.41999817,41.04999924,60.45999908,22.97999954,104.5699997,119.3499985,19.72022485,17.77734555,7.868661146
2022-08-04 00:00:00,35.65999985,63.66999817,414.1700134,416.3200073,55.45000076,66.52999878,41.38999939,60.72999954,23.44000053,105.0999985,119.3099976,20.17381884,18.01320527,7.950572407
2022-08-05 00:00:00,35.38999939,63.38000107,413.4700012,415.5899963,54.88999939,66.16000366,41.38000107,60.72999954,23.70999908,103.5800018,116.4700012,20.79103085,18.5295503,8.170510368
2022-08-08 00:00:00,35.38000107,62.97000122,412.9899902,415.230011,55.09000015,66.33999634,41.47000122,61.06000137,24.45999908,104.1900024,118.3499985,20.30824253,18.18576588,8.019585085
2022-08-09 00:00:00,34.52000046,63.04999924,411.3500061,413.4899902,54.83000183,65.79000092,41.38000107,60.77999878,24.54000092,103.8799973,117.8899994,20.42320725,18.53798812,8.084689733
2022-08-10 00:00:00,35.36999893,63.65000153,419.9899902,422.1499939,56.09999847,67.31999969,41.90000153,61.58000183,25.11000061,103.9400024,117.1200027,20.91257,18.35283279,8.077661276
2022-08-11 00:00:00,35.59000015,63.22000122,419.9899902,422.2999878,56.00999832,67.33999634,42.09999847,61.31999969,25,103.25,114.3899994,21.25061181,18.88129072,8.023937906
2022-08-12 00:00:00,36.11000061,63.70000076,427.1000061,429.25,56.34000015,68.01000214,42.54000092,62.18999863,25.82999992,103.6600037,115.5500031,21.95309329,20.12366885,8.04946754
2022-08-15 00:00:00,36.34000015,64.5,428.8599854,431.1400146,55.77000046,67.83000183,42.38000107,61.56000137,25.79999924,103.9899979,115.4499969,22.16993653,20.25371664,8.125742602
2022-08-16 00:00:00,36.18999863,65.02999878,429.7000122,432.0400085,55.84999847,67.73999786,42.40000153,61.61000061,25.73999977,103.8700027,115.9300003,23.19749216,20.97902098,8.017844224
2022-08-17 00:00:00,35.77999878,64.87999725,426.6499939,428.7900085,55.27999878,67.25,42.29999924,60.66999817,25.54000092,103.1699982,114.7200012,23.88182626,21.2686173,8.081590648
2022-08-18 00:00:00,36.20000076,65.22000122,427.8900146,430.0499878,55.00999832,67.06999969,42.02999878,60.04000092,25.37000084,103.3700027,114.8899994,24.27096965,21.48854087,8.070247972
2022-08-19 00:00:00,35.38000107,65.16999817,422.1400146,424.3599854,54.25999832,66.01999664,41.56000137,58.91999817,24.81999969,102.4800034,113.0400009,24.64112331,21.35961778,8.054604471
2022-08-22 00:00:00,33.84000015,64.19999695,413.3500061,415.4599915,53.00999832,65.30999756,41.27000046,57.79999924,24.73999977,102.0299988,112.6600037,24.640729,20.79984798,7.96539633
2022-08-23 00:00:00,33.95000076,64.26999664,412.3500061,414.5400085,53.04999924,65.5,41.52999878,58.08000183,25.52000046,101.7799988,112.0400009,24.59199595,20.52078514,8.06005609
2022-08-24 00:00:00,33.86000061,64.36000061,413.6700134,415.8299866,53.15999985,65.54000092,41.56000137,58.41999817,25.45000076,101.4400024,111.2200012,24.78967336,20.99135109,8.093621278
2022-08-25 00:00:00,34.88999939,64.66999817,419.5100098,421.6900024,53.66999817,66.55000305,42.33000183,59.61999893,25.71999931,102.0899963,112.7699966,24.05518498,20.89499402,8.136312568
2022-08-26 00:00:00,33.36000061,63.11000061,405.3099976,407.2799988,52.06999969,65.08999634,41.77000046,57.88999939,25.47999954,101.9700012,113.6200027,24.06185431,20.52647621,8.13491684
2022-08-29 00:00:00,32.93999863,62.72999954,402.6300049,404.8299866,52.13000107,64.58000183,41.56999969,57.27999878,25.54000092,101.3899994,112.6800003,23.79838604,20.301719,8.045842552
2022-08-30 00:00:00,32.25999832,62.15000153,398.2099915,400.1900024,51.77000046,64.26000214,41.06999969,57.22999954,24.86000061,101.3600006,112.9599991,23.62084776,20.65505397,8.111973524
2022-08-31 00:00:00,31.92000008,61.70999908,395.1799927,397.1799927,51.31999969,64.16000366,41.13000107,57.90999985,24.30999947,100.9400024,111.8799973,23.31953526,20.68442777,7.975281057
2022-09-01 00:00:00,31.76000023,62,396.4200134,398.5400085,50.5,63.43000031,40.93999863,56.68000031,24.29999924,99.95999908,109.5999985,23.25500448,19.9958243,7.933378086
2022-09-02 00:00:00,31.21999931,61.15000153,392.2399902,394.2799988,50.15999985,62.84999847,40.61000061,55.93000031,24.86000061,100.5199966,110.2200012,23.90631555,20.11826169,7.899478183
2022-09-05 00:00:00,31.21999931,61.15000153,392.2399902,394.2799988,50.15999985,62.84999847,40.61000061,55.93000031,24.86000061,100.5199966,110.2200012,23.69505113,19.91990739,7.848627105
2022-09-06 00:00:00,30.36000061,61.18000031,390.7600098,392.7099915,50.41999817,61.95000076,40.25999832,54.95999908,24.37999916,99.40000153,107.4899979,24.05820236,20.47260489,7.934580202
2022-09-07 00:00:00,30.64999962,62.31000137,397.7799988,399.8200073,51.11999893,62.04000092,40.59999847,55.29000092,24.57999992,100.0500031,109.1900024,24.00221048,21.06668833,7.966201272
2022-09-08 00:00:00,30.75,62.11999893,400.3800049,402.3399963,50.90999985,62.38000107,40.47999954,54.66999817,24.70000076,99.68000031,108.0699997,23.96120224,21.10428967,7.821950154
2022-09-09 00:00:00,31.45999908,62.31999969,406.6000061,408.7600098,52.40999985,63.75999832,41.02000046,55.84999847,25.37999916,99.69000244,108.3099976,24.48340103,21.68365211,7.926861134
2022-09-12 00:00:00,31.55999947,62.5,410.9700012,413.1700134,53.36000061,63.99000168,41.65000153,56.33000183,25.86000061,99.44999695,107.4199982,25.62076601,22.21628327,8.238151067
2022-09-13 00:00:00,29.29000092,60.47000122,393.1000061,395.1400146,51.43999863,61.88000107,40.33000183,54.5,24.92000008,98.88999939,107.6699982,25.30831898,22.11701594,8.311415609
2022-09-14 00:00:00,29.18000031,60.79000092,394.6000061,396.6499939,51.5,62.54000092,40.52999878,55.09999847,24.90999985,98.94000244,108.0400009,24.22045781,21.14831423,8.169370568
2022-09-15 00:00:00,28.84000015,59.52999878,390.1199951,392.0700073,51,61.95999908,40.18000031,53.95000076,24.60000038,98.59999847,107.9700012,24.2443825,20.24983186,8.139185554
2022-09-16 00:00:00,29.23999977,59.54000092,385.5599976,389.1000061,50.59000015,61.97000122,39.66999817,54.40000153,24.37999916,98.68000031,107.0699997,23.87878484,19.85890308,7.787805128
2022-09-19 00:00:00,29.44000053,59.99000168,388.5499878,392.1300049,50.47999954,61.95000076,39.29999924,54.31000137,25.15999985,98.40000153,107.3199997,23.83810692,19.8250731,7.774538469
2022-09-20 00:00:00,28.95999908,59.90000153,384.0899963,387.519989,49.34999847,61.31000137,39.15999985,53.56999969,25.34000015,97.79000092,106.25,23.97354169,20.00274505,7.872933979
2022-09-21 00:00:00,28.46999931,59.40000153,377.3900146,380.9100037,48.72000122,60.56000137,38.50999832,53.02999878,25.11000061,98.18000031,108.0299988,23.8423115,20.30295165,7.716032073
2022-09-22 00:00:00,28.06999969,59.25999832,374.2200012,377.6900024,48.43999863,60.65000153,38.40000153,52.40000153,25.48999977,96.69999695,105.2699966,23.52491003,19.7654268,7.496454585
2022-09-23 00:00:00,27.52000046,58.59999847,367.9500122,371.4200134,46.50999832,59.15999985,37.52000046,50.56999969,24.38999939,96.81999969,105.6999969,23.37317091,19.19416059,7.321716189
2022-09-26 00:00:00,26.96999931,57.86999893,364.3099976,365.8699951,45.72999954,58.25,37,49.52000046,23.44000053,95.20999908,103.6800003,22.08065472,18.42034081,6.726771584
2022-09-27 00:00:00,26.88999939,56.38000107,363.3800049,364.9299927,45.50999832,57.79000092,36.97999954,49.20999908,23.42000008,94.55999756,100.9499969,21.97660046,18.18455959,6.60375298
2022-09-28 00:00:00,27.12999916,56.97999954,370.5299988,372.019989,46.77000046,58.74000168,37.27000046,49.36000061,23.77000046,96.69000244,104.3300018,21.56235831,17.76480864,6.5223452
2022-09-29 00:00:00,26.37999916,56.56999969,362.7900085,364.3699951,46.09000015,58.09000015,36.54000092,48.25,23.51000023,96.23999786,103.7900009,21.17353788,17.70601888,6.523270113
2022-09-30 00:00:00,25.77000046,56.02000046,357.1799927,358.6499939,46.15000153,57.43999863,36.49000168,47.36000061,23.71999931,95.98999786,102.4499969,22.2048482,18.63062716,6.913883822
2022-10-03 00:00:00,26.96999931,56.65000153,366.6099854,368.1400146,47.20000076,58.49000168,37.04999924,48.41999817,25.55999947,96.94000244,103.8300018,21.76867736,18.91669097,6.773467674
2022-10-04 00:00:00,27.70000076,56.77999878,377.9700012,379.4100037,49.38999939,60.41999817,38.09000015,50.70000076,25.88999939,97.13999939,103.5400009,22.53227329,19.83474761,7.027167726
2022-10-05 00:00:00,27.63999939,56.24000168,377.0899963,378.519989,48.61999893,59.90000153,38.15999985,49.83000183,25.80999947,96.22000122,102.5500031,22.9026866,19.81082391,7.099832845
2022-10-06 00:00:00,27.18000031,55.02999878,373.2000122,374.7799988,47.56000137,59.47000122,37.88999939,50.20999908,25.87000084,95.69000244,101.9800034,22.25654211,20.14444169,6.983557856
2022-10-07 00:00:00,25.71999931,54.50999832,362.7900085,364.3299866,46.66999817,58.72999954,37.13999939,49.36000061,25.54999924,95.22000122,100.9899979,21.69909196,19.39970258,6.730736858
2022-10-10 00:00:00,25.20000076,54.38999939,360.019989,361.6199951,46.47000122,58.24000168,36.63000107,48.70000076,25.48999977,94.66000366,99.41999817,21.87970707,19.35512548,6.865090275
2022-10-11 00:00:00,25.04000092,54.47999954,357.7399902,359.1400146,45.86000061,57.79999924,36.06000137,48.61999893,25.13999939,94.90000153,99.86000061,21.7319067,19.25079197,6.701225054
2022-10-12 00:00:00,25.32999992,55.13999939,356.5599976,357.980011,45.79999924,57.54999924,36.04999924,49.11999893,24.89999962,95.20999908,100.3499985,21.76011406,19.21558459,6.909713638
2022-10-13 00:00:00,26.42000008,55.86999893,365.9700012,367.5100098,47.09000015,58.02000046,36.18999863,49.09000015,25.09000015,94.80999756,99.38999939,22.26664554,19.99000597,6.829918706
2022-10-14 00:00:00,25.90999985,54.97999954,357.6300049,359.0899963,46.38999939,57,35.65999985,48.61000061,24.39999962,94.27999878,98.56999969,22.08783086,19.32967798,6.951901728
2022-10-17 00:00:00,26.42000008,55.68999863,366.8200073,368.3299866,47.93999863,57.95999908,36.56999969,50.13999939,24.87999916,94.37999725,98.08999634,22.82565919,20.01461742,6.926406927
2022-10-18 00:00:00,25.87000084,56.43999863,371.1300049,372.5499878,48.52000046,57.90999985,36.58000183,50.20000076,25.25,94.62000275,98.31999969,22.93499928,20.21004887,7.096225023
2022-10-19 00:00:00,26,55.95999908,368.5,370.1000061,47.63999939,57.47000122,35.93999863,49.54999924,25.37999916,93.62999725,96.52999878,22.91548462,20.26091858,6.874645386
2022-10-20 00:00:00,26.07999992,55.08000183,365.4100037,366.9500122,47.59999847,57.40999985,36.22000122,49.54000092,25.70999908,92.93000031,94.87999725,22.70230293,20.17982483,7.118993759
2022-10-21 00:00:00,26.96999931,55.95999908,374.2900085,375.8099976,48.45000076,58.38000107,36.75,50.34000015,26.67000008,93.13999939,93.16999817,22.72344705,20.75969237,7.080738317
2022-10-24 00:00:00,27.18000031,57.56999969,378.8699951,380.4299927,48.79000092,57.65000153,35.31999969,49.75999832,25.36000061,93.01999664,92.40000153,23.88056309,20.89691079,6.920258188
2022-10-25 00:00:00,27.40999985,58.95000076,384.9200134,386.5400085,49.99000168,58.75999832,35.61000061,50.59999847,25.34000015,94.18000031,95.08999634,24.48125756,21.57516832,6.988183451
2022-10-26 00:00:00,27.20999908,59.38999939,382.019989,383.6199951,50.52999878,59.29999924,36.09000015,51.52999878,25.12000084,94.66000366,96.45999908,24.75843372,21.20513999,7.175360885
2022-10-27 00:00:00,26.27000046,59.52999878,379.980011,381.5799866,50.09999847,58.81000137,35.83000183,51.5,25.47999954,95.33000183,97.47000122,24.96392171,22.18239383,7.238955386
2022-10-28 00:00:00,29.06999969,60.75999832,389.019989,390.5299988,50.65000153,59.18000031,35.58000183,51.81999969,25.32999992,94.83999634,96.80000305,24.69349905,21.90608299,7.263474193
2022-10-31 00:00:00,28.43000031,59.84999847,386.2099915,387.7900085,50.04000092,58.88999939,35.45000076,51.81000137,25.89999962,94.41000366,96.11000061,24.64139402,21.84677004,7.247468829
2022-11-01 00:00:00,28.29999924,59.63999939,384.519989,386.25,50.41999817,59.56999969,36.04000092,52.70999908,26.28000069,94.19000244,96.76999664,25.74600348,22.84456078,7.202000084
2022-11-02 00:00:00,27.42000008,58.81000137,374.8699951,376.3500061,49.50999832,58.97999954,35.77000046,51.74000168,25.63999939,94.02999878,96.34999847,25.90881938,23.66836715,7.169447136
2022-11-03 00:00:00,27.38999939,58.77999878,371.0100098,372.5700073,48.99000168,58.72999954,36.06000137,52.02999878,26.19000053,93.62000275,95.83000183,26.75318623,24.02094593,7.137977772
2022-11-04 00:00:00,28.20000076,59.25999832,376.3500061,377.8399963,51.24000168,60.52000046,37.52999878,53.93000031,27,93.41999817,94.22000122,27.03427293,24.18562021,7.093703848
2022-11-07 00:00:00,28.40999985,59.49000168,379.9500122,381.5299988,51.50999832,60.72999954,37.45999908,54.70999908,26.10000038,93.08999634,93.27999878,27.87567136,24.36288351,7.365522921
2022-11-08 00:00:00,28.47999954,59.59999847,382,383.6000061,52.09000015,61.5,37.61999893,55.91999817,26.42000008,93.70999908,94.30000305,27.64308071,24.99395214,7.532739494
2022-11-09 00:00:00,27.52000046,58.77000046,374.1300049,375.769989,51.40000153,60.54000092,36.93000031,55.84000015,25.55999947,94.02999878,94.61000061,27.89972396,25.01155378,8.202403319
2022-11-10 00:00:00,29.76000023,60.88000107,394.6900024,396.3500061,54.40000153,63.79000092,38.16999817,58.38000107,24.77000046,96.13999939,98.25,28.07934992,24.89626572,8.173705504
2022-11-11 00:00:00,30.43000031,61.31999969,398.5100098,400.1700134,55.47999954,65.16000366,38.93999863,60.72999954,25.37999916,95.94000244,97.88999939,28.53734436,25.37952347,8.432551346
2022-11-14 00:00:00,30.35000038,60.72999954,395.1199951,396.8099976,54.84000015,64.40000153,38.81000137,59.56999969,25.53000069,95.70999908,97.65000153,28.73088552,25.78110262,8.53077217
2022-11-15 00:00:00,30.70999908,60.63000107,398.4899902,400.1799927,55.06999969,65.08999634,39.66999817,60.36000061,25.61000061,96.41999817,99.23000336,27.85341779,25.20910597,8.579322779
2022-11-16 00:00:00,29.53000069,60.52000046,395.4500122,397.2399902,54.97000122,64.61000061,39.04000092,58.56999969,24.89999962,97.12999725,101.4000015,28.21603537,25.30532856,8.684598675
2022-11-17 00:00:00,29.88999939,60.70999908,394.2399902,395.8999939,54.90000153,64.56999969,39.25,57.68000031,24.62000084,96.47000122,100.3300018,29.19238544,26.094418,8.841122446
2022-11-18 00:00:00,29.87000084,61.13999939,396.0299988,397.7799988,55.13000107,64.55000305,38.97000122,58.04999924,24.57999992,96.12999725,99.63999939,30.06546841,25.85511682,8.835808271
2022-11-21 00:00:00,28.94000053,62.08000183,394.5899963,396.2600098,54.72999954,63.72999954,38.61000061,56.45999908,24.82999992,96.06999969,100.0599976,29.65648468,26.9820522,8.867229488
2022-11-22 00:00:00,29.81999969,62.34999847,399.8999939,401.7200012,55.47000122,64.87999725,38.70999908,56.86000061,24.75,96.62000275,101.4800034,29.50986201,24.364856,8.823389602
2022-11-23 00:00:00,29.67000008,62.63000107,402.4200134,404.1199951,56.09999847,65.58000183,38.91999817,57.95000076,24.95000076,97.13999939,103.25,30.27167305,25.45437341,9.051765497
2022-11-24 00:00:00,29.67000008,62.63000107,402.4200134,404.1199951,56.09999847,65.58000183,38.91999817,57.95000076,24.95000076,97.13999939,103.25,31.02890459,25.83729799,9.175862837
2022-11-25 00:00:00,29.34000015,62.68999863,402.3299866,404.0899963,56.47999954,65.84999847,38.77999878,57.86999893,24.84000015,97.11000061,102.9000015,30.76811347,26.40727849,9.012392292
2022-11-28 00:00:00,28.72999954,62.70000076,395.9100037,397.6900024,55.56999969,65.12000275,38.68999863,56.84000015,24.79000092,97.15000153,103.1900024,30.01627339,26.52040219,8.920498919
2022-11-29 00:00:00,28.89999962,62.47999954,395.230011,397.0100098,55.70000076,65.52999878,39.45000076,58.36000061,25.31999969,96.73999786,101.9800034,30.37914133,26.0136348,8.970218897
2022-11-30 00:00:00,30.06999969,63.61000061,407.6799927,409.3200073,56.79000092,66.63999939,40.52000046,60.70000076,26.14999962,97.61000061,102.7300034,30.2255572,26.10389031,9.019879717
2022-12-01 00:00:00,29.82999992,63.79000092,407.3800049,409.1499939,57.43999863,67,40.41999817,60.31000137,25.92000008,98.48000336,105.7600021,30.31452107,26.57049656,9.130588818
2022-12-02 00:00:00,29.40999985,64.34999847,406.9100037,408.7099915,57.56000137,66.69000244,40.66999817,59.43999863,25.95999908,98.68000031,107.0899963,31.69018509,26.97037029,9.255740714
2022-12-05 00:00:00,29.17000008,63.47000122,399.5899963,401.3500061,56.88999939,65.44000244,40.25999832,58.06000137,25.10000038,97.68000031,105.5899963,31.41947079,27.29989243,9.235233879
2022-12-06 00:00:00,28.60000038,63.43999863,393.8299866,395.6099854,56.52000046,65.23000336,40.29000092,57.08000183,25.37000084,98.27999878,106.9499969,32.12709519,27.06723011,9.156526941
2022-12-07 00:00:00,28.32999992,63.54000092,393.1600037,394.8500061,56.47000122,65.23999786,40.04999924,57.38999939,25.21999931,99.13999939,109.4700012,31.90980854,26.87461061,9.111888294
2022-12-08 00:00:00,28.44000053,63.81000137,396.2399902,397.9500122,56.68999863,65.81999969,40.50999832,57.61999893,25.01000023,98.58000183,109.1699982,31.63011096,26.74515173,9.037174559
2022-12-09 00:00:00,28.23999977,63.13999939,393.2799988,395.0100098,56.68999863,66.11000061,40.16999817,58.04000092,24.81999969,97.84999847,106.3300018,32.24187964,26.79685632,9.274893649
2022-12-12 00:00:00,28.69000053,63.97000122,398.9500122,400.5499878,56.93000031,66.05999756,40.06000137,58.20000076,24.45000076,97.70999908,106.6699982,31.88299457,26.86494168,9.228321652
2022-12-13 00:00:00,28.72999954,63.99000168,401.9700012,402.0100098,57.75999832,67.11000061,40.27000046,58.25,22.34000015,98.58999634,107.6999969,31.90419126,26.87314571,9.203132093
2022-12-14 00:00:00,28.26000023,63.99000168,399.3999939,399.6000061,57.81999969,66.83999634,40.34000015,58.00999832,22.12000084,98.86000061,108.1600037,31.63305664,26.9375248,9.143930435
2022-12-15 00:00:00,27.14999962,63.11000061,389.6300049,389.7000122,56.25,65.16000366,39.56000137,55.5,21.96999931,98.86000061,108.3199997,31.60744636,26.95016055,9.426346478
2022-12-16 00:00:00,26.92000008,62.75,383.269989,384.9400024,55.54000092,65.27999878,39.50999832,56.31000137,21.86000061,98.61000061,107.1100006,30.71672373,26.20672858,9.019990301
2022-12-19 00:00:00,26.79000092,62.84000015,380.019989,381.7399902,55.06999969,64.06999969,38.95000076,56.65000153,22.21999931,97.80999756,105.3099976,30.09667468,26.14458609,9.047242813
2022-12-20 00:00:00,26.44000053,62.79000092,380.5400085,382.1799927,55.16999817,64.55000305,38.81999969,57.43999863,22.80999947,97.09999847,103.4400024,30.990982,26.67655117,8.981308116
2022-12-21 00:00:00,26.82999992,63.79999924,386.230011,387.8800049,55.93999863,64.79000092,39.18000031,57.31999969,23.03000069,97.22000122,103.6999969,30.96050725,26.81618738,9.129692886
2022-12-22 00:00:00,25.96999931,63.34000015,380.7200012,382.6000061,55.45000076,64.30999756,38.83000183,56.90000153,23.03000069,97.19000244,103.6800003,30.85774961,26.44949967,9.082202625
2022-12-23 00:00:00,26.09000015,63.81999969,382.9100037,384.5899963,55.63000107,64.55999756,38.75,57.04000092,23.54999924,96.75,102.1600037,30.88240727,26.48783469,9.029943645
2022-12-26 00:00:00,26.09000015,63.81999969,382.9100037,384.5899963,55.63000107,64.55999756,38.75,57.04000092,23.54999924,96.75,102.1600037,30.93391453,26.53201246,9.045004249
2022-12-27 00:00:00,25.94000053,64.20999908,381.3999939,383.1099854,55.74000168,64.76000214,39.36000061,57.65000153,23.04999924,95.94000244,100.1399994,30.99585473,26.58513856,9.063115418
2022-12-28 00:00:00,25.54000092,63.56999969,376.6600037,378.4599915,55.22999954,63.90999985,38.79000092,56.61000061,23.19000053,95.70999908,99.55000305,31.27104974,26.76080218,8.900221848
2022-12-29 00:00:00,26.20999908,63.95000076,383.4400024,385.0100098,56.11999893,64.84999847,39.45999908,57.13000107,23.09000015,96.18000031,100.6800003,31.51462586,27.42494159,8.804849668
2022-12-30 00:00:00,26.43000031,63.61000061,382.4299927,384.2099915,55.43999863,64.34999847,38.97999954,56.47999954,22.88999939,95.77999878,99.55999756,31.40673149,27.36786199,8.801118612
2023-01-02 00:00:00,26.43000031,63.61000061,382.4299927,384.2099915,55.43999863,64.34999847,38.97999954,56.47999954,22.88999939,95.77999878,99.55999756,31.57346052,27.51314986,8.847841144
2023-01-03 00:00:00,26.72999954,62.95000076,380.8200073,382.5299988,56.13999939,64.33999634,39.40000153,55.43000031,21.87000084,96.52999878,101.4599991,31.54440886,27.44303256,8.757644677
2023-01-04 00:00:00,27.68000031,62.91999817,383.7600098,385.5100098,57.20999908,64.76000214,40.41999817,57.61999893,22.20999908,97.26999664,102.8499985,31.77966074,26.15388275,8.678061783
2023-01-05 00:00:00,27.55999947,62.20000076,379.3800049,381.1300049,56.68999863,63.88999939,40.29999924,57.00999832,22.81999969,97.12999725,103.2799988,33.09661335,26.22409254,8.801649451
2023-01-06 00:00:00,28.72999954,63.40000153,388.0799866,389.8299866,58.20000076,65.69000244,40.99000168,59.88999939,23.59000015,98.37999725,105.1800003,32.40139599,26.26657285,8.576840115
2023-01-09 00:00:00,29.30999947,62.61000061,387.8599854,389.5599976,58.56999969,65.90000153,41.20999908,61.15000153,23.68000031,98.62999725,105.7399979,32.7747685,26.41367664,8.699550381
2023-01-10 00:00:00,29.44000053,62.13000107,390.5799866,392.3599854,58.84999847,65.72000122,41.5,61.34999847,24.06999969,98.01000214,103.9899979,32.53360037,26.74578757,8.821845193
2023-01-11 00:00:00,29.85000038,62.00999832,395.519989,397.25,59.27000046,66.25,41.66999817,61.50999832,24.61000061,98.63999939,105.6800003,32.27021778,26.55759919,8.921408606
2023-01-12 00:00:00,30.29000092,61.20999908,396.9599915,398.7999878,60,67.48000336,41.86000061,61.95999908,24.93000031,99.51999664,107.7600021,32.34435911,26.7509737,8.937257123
2023-01-13 00:00:00,30.11000061,61.43000031,398.5,400.3699951,60.27999878,67.76999664,42.13999939,62.41999817,24.85000038,98.98999786,106.75,32.4992672,26.87909317,8.980060673
2023-01-16 00:00:00,30.11000061,61.43000031,398.5,400.3699951,60.27999878,67.76999664,42.13999939,62.41999817,24.85000038,98.98999786,106.75,31.85063938,26.9599462,9.072235863
2023-01-17 00:00:00,29.60000038,61.68000031,397.769989,399.6300049,60.43000031,67.98999786,41.91999817,62.25,24.86000061,98.68000031,106.0599976,31.7402184,26.85710788,9.045962244
2023-01-18 00:00:00,28.80999947,59.81000137,391.4899902,393.3299866,60.25,67.69000244,41.66999817,61.31999969,24.67000008,100.0199966,108.6299973,32.37021192,26.65782158,9.311810489
2023-01-19 00:00:00,28.42000008,59.72000122,388.6400146,390.5299988,59.95000076,68.05999756,42,62.16999817,24.78000069,99.83000183,107.9499969,32.96825556,27.28833138,9.285441265
2023-01-20 00:00:00,29.21999931,60.08000183,395.8800049,397.7000122,60.45999908,68.76999664,42.49000168,63.24000168,24.82999992,99.16999817,106.1999969,33.39984213,28.25663824,9.29494679
2023-01-23 00:00:00,30.27000046,60.22999954,400.6300049,402.4200134,60.74000168,68.93000031,42.79999924,63.90000153,24.92000008,98.84999847,105.6999969,32.31849614,27.72815312,9.279936705
2023-01-24 00:00:00,29.92000008,60.54999924,400.2000122,402.1499939,60.56999969,69.19999695,42.84000015,63.70999908,25.23999977,99.41999817,107.2200012,32.99206555,29.09244055,9.284821451
2023-01-25 00:00:00,29.70000076,60.93000031,400.3500061,402.2200012,60.81000137,69.86000061,42.84999847,63.86000061,25.67000008,99.52999878,107.4800034,32.79577799,29.83676043,9.197612925
2023-01-26 00:00:00,30.09000015,60.81000137,404.75,406.6400146,60.88000107,70.09999847,43.18000031,65.08999634,25.75,99.16999817,106.9800034,33.32754112,29.16935629,9.309369028
2023-01-27 00:00:00,28.15999985,60.49000168,405.6799927,407.6499939,60.68000031,70.08999634,42.88999939,65.41000366,25.27000046,99.01999664,106.7099991,33.33498931,29.30002785,9.373525858
2023-01-30 00:00:00,27.95000076,60.63999939,400.5899963,402.4700012,60.31000137,69.5,42.11999893,63.97000122,25.10000038,98.70999908,106.3199997,33.29481005,29.51271803,9.126622047
2023-01-31 00:00:00,28.26000023,61.31999969,406.480011,408.3099976,60.74000168,69.66000366,42.22999954,63.47000122,25.47999954,99.20999908,107.1699982,32.98413817,29.40159132,9.450511497
2023-02-01 00:00:00,29.06999969,61.33000183,410.7999878,412.6700134,61.43999863,70.23999786,42.65999985,65.11000061,25.43000031,99.70999908,108.1800003,32.92631802,29.66445848,9.293222469
2023-02-02 00:00:00,30.19000053,60.27999878,416.7799988,418.6600037,61.54999924,70.01999664,42.36000061,65.09999847,24.96999931,99.66999817,108.3199997,33.08140404,29.92194411,9.35447942
2023-02-03 00:00:00,30.31999969,59.83000183,412.3500061,414.3500061,60.93999863,69,41.68999863,63.40000153,24.37999916,98.59999847,106.6999969,33.61323833,30.37414446,9.252807789
2023-02-06 00:00:00,28.69000053,60.16999817,409.8299866,411.7999878,60.27999878,68.22000122,41.25999832,61.59000015,24.20999908,97.75,105.9100037,32.52189481,29.69128545,9.106130548
2023-02-07 00:00:00,29.04999924,60.06999969,415.1900024,417.1199951,60.72000122,69.04000092,41.34000015,62.75,24.02000046,97.51000214,105.0599976,32.89315432,29.1648626,9.020060599
2023-02-08 00:00:00,28.23999977,59.72000122,410.6499939,412.5700073,60.47000122,68.59999847,41.25999832,62.90999985,24.28000069,97.87000275,105.5599976,33.08982988,29.17209046,9.149428371
2023-02-09 00:00:00,27.72999954,59.61999893,407.0899963,409.0700073,60.56999969,68.70999908,41.41999817,62.72000122,23.93000031,97.43000031,104.5599976,32.95509363,29.4543694,9.21052617
2023-02-10 00:00:00,27.79999924,59.61999893,408.0400085,409.9599915,60.08000183,68.66000366,41.06999969,62.47999954,24.03000069,96.95999908,103.3899994,32.41245741,29.26208771,9.208772945
2023-02-13 00:00:00,28.54999924,60.59999847,412.8299866,414.7799988,60.93000031,68.90000153,41.43999863,62.61000061,24.39999962,97.19000244,104.2600021,32.72188116,29.46777143,9.159716272
2023-02-14 00:00:00,28.63999939,59.59000015,412.6400146,414.5599976,61.22000122,68.66000366,41.31999969,62.59999847,24.29999924,96.75,104.0199966,32.56774836,29.16514778,9.174869406
2023-02-15 00:00:00,28.85000038,59.59000015,413.980011,415.8800049,61.15999985,67.69999695,41.11999893,60.79000092,24.47999954,96.45999908,103.0500031,33.1141964,29.52276701,9.240321715
2023-02-16 00:00:00,28.20000076,59.22000122,408.2799988,410.2799988,60.81000137,67.62999725,41.04000092,61.45000076,24.67000008,96.13999939,101.5899963,33.59098459,29.79845408,9.547545084
2023-02-17 00:00:00,27.61000061,60.11999893,407.2600098,409.1400146,61.15000153,67.51000214,40.70999908,60.88999939,24.62000084,96.41000366,102.3799973,34.54883082,31.01610808,9.664092364
2023-02-20 00:00:00,27.61000061,60.11999893,407.2600098,409.1400146,61.15000153,67.51000214,40.70999908,60.88999939,24.62000084,96.41000366,102.3799973,33.50295432,30.49550779,9.792245893
2023-02-21 00:00:00,26.05999947,59.79999924,399.0899963,401.0299988,60.45000076,66.69000244,40.25999832,60.11000061,24.28000069,95.36000061,100.3899994,33.16799619,30.33878417,9.872144055
2023-02-22 00:00:00,25.46999931,59.97999954,398.5400085,400.3500061,60.08000183,66.26999664,40.09000015,59.52000046,24.25,95.52999878,101.3099976,32.75571749,28.21472154,10.02651907
2023-02-23 00:00:00,25.61000061,60.09000015,400.6600037,402.4599915,60.45999908,66.73000336,40.22999954,60.52000046,24.47999954,95.90000153,102.3000031,33.37831957,28.79934433,9.977346067
2023-02-24 00:00:00,25.13999939,59.84000015,396.3800049,398.1099854,59.41999817,65.62000275,39.45999908,58.61000061,23.87000084,95.31999969,100.9700012,33.10900182,28.18170935,9.794496
2023-02-27 00:00:00,24.89999962,59.81999969,397.730011,399.5,60.29999924,66.11000061,39.65999985,58.72000122,23.93000031,95.61000061,101.25,33.52656283,29.10416417,9.789039202
2023-02-28 00:00:00,24.93000031,59.50999832,396.2600098,397.9700012,59.70000076,65.76999664,39.41999817,58.5,23.77000046,95.76000214,101.7099991,33.65175948,29.91267509,9.854296594
2023-03-01 00:00:00,25.32999992,58.86000061,394.7399902,396.5499878,60.08000183,66.19000244,40.20999908,59.61999893,24.20999908,94.80000305,100.3700027,34.5362872,29.90337062,9.951745476
2023-03-02 00:00:00,26.20000076,59.72000122,397.8099976,399.6700134,60.11999893,66.26999664,40.38999939,59.36000061,23.87000084,94.41000366,99.48000336,34.76649872,30.31542449,10.05702178
2023-03-03 00:00:00,26.39999962,59.43999863,404.1900024,406.0799866,60.88999939,67.38999939,40.68999863,60.59999847,24.25,95.16999817,101.8899994,35.07786645,29.46062719,10.03932123
2023-03-06 00:00:00,25.98999977,60.36000061,404.4700012,406.5400085,60.77999878,67.23999786,40.54999924,60.72999954,24.34000015,95,101.0999985,36.08544946,30.1313503,10.10392585
2023-03-07 00:00:00,25.53000069,60.00999832,398.269989,400.1300049,59.50999832,66.34999847,39.95000076,59.02999878,23.88999939,95.01000214,101.7200012,35.11725674,30.00601218,9.909801216
2023-03-08 00:00:00,25.97999954,60.04000092,398.9200134,400.8299866,59.70999908,66.83000183,40.15999985,59.18999863,24.47999954,94.98000336,101.8199997,32.64456425,28.85968723,9.710575089
2023-03-09 00:00:00,26.44000053,59.45999908,391.5599976,393.4100037,59.13999939,66.45999908,39.34000015,57.74000168,24.09000015,95.56999969,102.0699997,32.41020489,27.96639252,9.669735718
2023-03-10 00:00:00,27.21999931,59.20999908,385.9100037,387.8800049,58.66999817,65.62999725,39.11999893,57.77000046,23.51000023,97.33000183,105.5899963,32.30998505,28.25633379,9.466467946
2023-03-13 00:00:00,26.95000076,59.81000137,385.3599854,387.0700073,58.25,65.37000275,39.08000183,59.02000046,23.04999924,98.51000214,105.8300018,29.41318473,27.05771408,9.228613195
2023-03-14 00:00:00,28.01000023,60.02999878,391.730011,393.5799866,59.33000183,65.38999939,39.09999847,58.24000168,23.19000053,97.58000183,104.0899963,31.40214021,28.54186775,8.970301293
2023-03-15 00:00:00,28.40999985,60.43000031,389.2799988,391.1600037,57.09000015,64.18000031,38.45000076,57.29999924,22.61000061,98.98999786,106.0999985,30.441123,27.94993329,9.126260827
2023-03-16 00:00:00,30.18000031,60.29999924,396.1099854,397.8900146,57.95000076,65.20999908,38.93999863,59.04999924,23.04999924,98.09999847,105.2699966,29.44903774,27.21622136,8.943334823
2023-03-17 00:00:00,29.80999947,60.02000046,389.9899902,393.1700134,57.08000183,64.81999969,38.74000168,58.33000183,22.62999916,99.26000214,106.8499985,29.00463688,26.52198529,9.034429693
2023-03-20 00:00:00,29.15999985,60.59999847,393.7399902,397.0700073,57.97999954,65.41000366,38.77999878,58.81000137,22.60000038,98.86000061,105.9100037,29.73796539,26.87385807,9.031078835
2023-03-21 00:00:00,28.45999908,60.31999969,398.9100037,402.230011,59.09000015,65.69000244,39.18999863,59.13000107,22.88999939,98,105,31.67276223,27.62159497,9.219474586
2023-03-22 00:00:00,28.12999916,60.04999924,392.1099854,395.4899902,58.75,65.80999756,39.31000137,59.49000168,22.76000023,99.29000092,106.4000015,31.23509954,27.50644773,9.29106679
2023-03-23 00:00:00,29.03000069,59.91999817,393.1700134,394.8399963,58.75999832,65.90000153,39.79000092,60.47000122,22.34000015,99.86000061,106.4000015,31.19051986,27.38380287,9.406274886
2023-03-24 00:00:00,29.36000061,60.90000153,395.75,397.4500122,58.29999924,66,39.70999908,59.68999863,22.52000046,99.88999939,106.8499985,31.07230082,26.52813034,9.456787205
2023-03-27 00:00:00,29.18000031,61.34999847,396.4899902,398.1400146,58.97999954,66.19000244,39.52000046,59.49000168,22.87000084,98.66000366,104.3399963,31.77837818,27.06366696,9.343700404
2023-03-28 00:00:00,29.29000092,61.41999817,395.6000061,397.3999939,58.93000031,66.55999756,39.99000168,60.02999878,23.25,98.59999847,104.5299988,32.035122,27.17758911,9.34613924
2023-03-29 00:00:00,31.52000046,61.86000061,401.3500061,403.1499939,59.88000107,66.84999847,40.13000107,60,23.62999916,98.43000031,104.3199997,33.04562469,27.6818759,9.531443239
2023-03-30 00:00:00,32.09000015,61.84999847,403.7000122,405.3900146,60.79000092,67.38999939,40.52000046,60.68000031,24,98.58000183,104.8000031,33.67770465,28.38285529,9.543042451
2023-03-31 00:00:00,32.66999817,62.02999878,409.3900146,411.0799866,60.95000076,67.81999969,40.40000153,61.22000122,23.87000084,99.12000275,106.3700027,34.06500816,27.74749756,9.724011421
2023-04-03 00:00:00,32.88999939,62.40000153,410.9500122,412.5400085,61.38000107,68.38999939,40.56999969,60.86000061,23.78000069,99.38999939,106.5999985,33.91204877,27.82999654,9.706709611
2023-04-04 00:00:00,33.09999847,62.20999908,408.6700134,410.4299927,61.38999939,68.23999786,40.61000061,60.54999924,23.68000031,100.0299988,107.1299973,34.59842113,28.3868554,9.777004464
2023-04-05 00:00:00,32.83000183,62.79999924,407.6000061,409.4599915,61.04999924,67.68000031,40.25,60.61999893,23.5,100.4499969,108.25,34.43319439,27.93400707,9.648793492
2023-04-06 00:00:00,32.81000137,62.84000015,409.1900024,411.0100098,61.56999969,67.38999939,40.49000168,59.95999908,23.45000076,100.4800034,108.5299988,34.58504283,28.35350358,9.559181209
2023-04-07 00:00:00,32.81000137,62.84000015,409.1900024,411.0100098,61.56999969,67.38999939,40.49000168,59.95999908,23.45000076,100.4800034,108.5299988,34.51822999,28.29872909,9.54071438
2023-04-10 00:00:00,32.52000046,62.68999863,409.6099854,411.480011,61.56999969,67.5,40.40000153,61.25999832,23.69000053,99.48999786,106.7799988,34.49775973,28.28194717,9.535056473
2023-04-11 00:00:00,32.34999847,62.58000183,409.7200012,411.4700012,61.81000137,67.76000214,40.70000076,62.02000046,24.63999939,99.44999695,107,34.26440068,27.38673617,9.541984999
2023-04-12 00:00:00,32.02000046,62.68999863,408.0499878,409.9299927,62.29999924,67.98000336,40.38999939,62.15999985,24.92000008,99.73999786,106.8899994,34.68251127,27.721147,9.198945642
2023-04-13 00:00:00,32.13000107,63.15000153,413.4700012,415.269989,63.13999939,69.01000214,40.88000107,64.01000214,25.05999947,99.41000366,106.0500031,34.9794488,27.73370583,9.24456861
2023-04-14 00:00:00,31.88999939,63.04999924,412.4599915,414.25,63.04000092,68.37999725,40.65999985,63.34999847,25.07999992,98.91999817,105.0800018,34.88296323,27.80616817,9.732158861
2023-04-17 00:00:00,32.13999939,63.45999908,413.9400024,415.7799988,62.74000168,68.48000336,40.88000107,62.83000183,25.05999947,98.29000092,103.8300018,35.278509,27.40439539,9.721740265
2023-04-18 00:00:00,31.82999992,63.56000137,414.2099915,416.019989,63.16999817,68.80000305,40.79999924,62.97000122,25.02000046,98.44999695,104.1999969,35.20821668,27.59730165,9.677618785
2023-04-19 00:00:00,31.14999962,63.68000031,414.1400146,415.9899902,63.02999878,68.29000092,40.38000107,62.36000061,24.29999924,98.23999786,104.0999985,35.22614424,27.5844939,9.853380028
2023-04-20 00:00:00,30.86000061,63.95999908,411.8800049,413.6600037,62.93999863,68.44999695,40.33000183,62.15999985,24.43000031,98.80999756,104.9899979,34.67647802,27.46774782,9.818787682
2023-04-21 00:00:00,30.29999924,64.05000305,412.2000122,413.8900146,63.40999985,68.43000031,39.95000076,61.56000137,24.11000061,98.56999969,104.4000015,35.33217182,27.6810149,9.766110873
2023-04-24 00:00:00,29.65999985,63.95000076,412.6300049,414.4100037,63.66999817,68.38999939,39.90000153,61.15999985,24.30999947,99.05000305,105.4100037,35.35724516,28.01190197,9.835290027
2023-04-25 00:00:00,28.87999916,63.84999847,406.0799866,407.8299866,62.59999847,67.48999786,39.22000122,59.43000031,24.03000069,100.0299988,106.9599991,35.5,28.8125,9.9125
2023-04-26 00:00:00,29.04999924,63.54999924,404.3599854,406.1700134,62.65000153,67.40000153,39.49000168,59.75999832,23.87999916,99.63999939,105.8199997,36.43744829,28.80234413,9.894598393
2023-04-27 00:00:00,29.86000061,63.68000031,412.4100037,414.230011,63.38000107,68.33000183,40,60.52999878,24.29999924,98.98999786,104.7699966,37.8509176,29.49503134,9.952234676
2023-04-28 00:00:00,31.05999947,64.15000153,415.9299927,417.6600037,63.47000122,68.23999786,40.24000168,60.66999817,24.59000015,99.73000336,106.4599991,36.99260054,29.43161293,10.06048765
2023-05-01 00:00:00,30.29999924,64.30000305,415.5100098,417.3599854,63.47999954,68.15000153,40.11000061,60.27000046,24.46999931,98.31999969,103.1299973,37.17051935,29.57316658,10.10887435
2023-05-02 00:00:00,29.77000046,64.01000214,410.8399963,412.6900024,62.74000168,67.54000092,39.68999863,60.40000153,24.01000023,99.59999847,105.6999969,36.64627373,29.27956112,10.11362239
2023-05-03 00:00:00,30.64999962,63.65000153,408.019989,409.7200012,62.93999863,67.69000244,39.68000031,60.08000183,24.12000084,100.25,106.2900009,37.30505304,29.50717406,9.981285095
2023-05-04 00:00:00,31.23999977,63.72000122,405.1300049,406.8599854,62.61999893,67.98000336,40.02000046,60.56000137,24.12999916,100.2300034,105.2399979,37.26700231,29.91415362,10.04260872
2023-05-05 00:00:00,30.98999977,64.01999664,412.6300049,414.2999878,63.56000137,68.98000336,40.45000076,61.59000015,24.87999916,99.69000244,104.8899994,38.19051049,30.5146583,10.01635794
2023-05-08 00:00:00,30.77000046,63.91999817,412.7399902,414.519989,63.56999969,68.94999695,40.45999908,61.54999924,24.93000031,99.08000183,103.4199982,38.33377613,30.6291292,10.05393272
2023-05-09 00:00:00,30.10000038,63.38999939,410.9299927,412.8299866,63.06999969,69.06999969,40.20999908,60.97999954,25.21999931,98.95999908,103.0500031,38.97332178,30.64892296,10.0901804
2023-05-10 00:00:00,29.96999931,63.5,412.8500061,414.5700073,62.99000168,68.94999695,40.22000122,61.06000137,25.42000008,99.69999695,104.0500031,39.76770383,30.61481962,10.32697833
2023-05-11 00:00:00,28.86000061,63.86000061,412.1300049,413.9500122,62.72000122,68.73000336,40.06000137,60.06000137,25.36000061,100.0699997,105.1500015,41.16400709,29.67344069,10.35413675
2023-05-12 00:00:00,28.95000076,64.11000061,411.5899963,413.4100037,62.54999924,68.59999847,39.61000061,59.27000046,25.48999977,99.47000122,104.2699966,41.58953249,29.20648372,10.39425609
2023-05-15 00:00:00,29.79999924,63.93999863,413.0100098,414.7799988,63.02000046,69.31999969,40.29999924,60.22000122,25.87999916,99.25,103.1900024,41.58625312,29.69557296,10.13509283
2023-05-16 00:00:00,29.21999931,63.22000122,410.25,412.0100098,62.36000061,68.73000336,40.02000046,59.59000015,25.48999977,98.93000031,102.8799973,42.27257699,30.43625543,10.27067056
2023-05-17 00:00:00,28.87000084,63.15000153,415.230011,417.0100098,62.63000107,69.16999817,40.15999985,60.72999954,25.69000053,98.61000061,102.5800018,40.57428151,29.46317058,10.48689122
2023-05-18 00:00:00,29.68000031,62.79999924,419.230011,421.0499878,62.50999832,69.08999634,39.90999985,61.20000076,25.60000038,98,101.8199997,41.44291344,30.894943,10.49803922
2023-05-19 00:00:00,29.93000031,62.83000183,418.6199951,420.4400024,62.97000122,69.41999817,39.88999939,62.04999924,25.43000031,97.62999725,101.0999985,40.5883461,30.90672226,10.53807518
2023-05-22 00:00:00,30.28000069,61.50999832,418.7900085,420.5599976,62.88999939,69.73999786,40.15000153,63.11000061,25.20999908,97.44999695,100.7399979,40.43613676,30.2803736,10.55451705
2023-05-23 00:00:00,29.51000023,61.40000153,414.0899963,415.9599915,61.97000122,68.80999756,39.54999924,62.34999847,25.12999916,97.61000061,101.0299988,39.47924751,30.33995714,10.44490328
2023-05-24 00:00:00,29,60.88000107,411.0899963,412.8399963,61,68.01000214,39.27000046,62.34999847,25.19000053,97.36000061,100.5299988,39.92152287,30.85691581,10.46775856
2023-05-25 00:00:00,27.39999962,60.40999985,414.6499939,416.480011,60.84000015,68.05000305,39.20000076,62.04999924,25.12000084,96.75,100.2799988,39.71101348,30.24717382,10.26795676
2023-05-26 00:00:00,29,60.25999832,420.019989,421.9500122,61.50999832,68.54000092,39.84999847,63.09999847,25.5,96.93000031,101.0899963,39.17220919,29.50233994,10.34737601
2023-05-29 00:00:00,29,60.25999832,420.019989,421.9500122,61.50999832,68.54000092,39.84999847,63.09999847,25.5,96.93000031,101.0899963,39.26313665,29.57082147,10.37139459
2023-05-30 00:00:00,29.98999977,59.77999878,420.1799927,422.0299988,60.86999893,68.05000305,39.33000183,63.43999863,24.92000008,97.69000244,102.0999985,37.91246929,29.08269224,10.18820429
2023-05-31 00:00:00,31.44000053,59.65999985,417.8500061,419.4299927,60.22000122,67.44999695,39.04999924,62.77999878,24.63999939,98.05999756,102.9899979,37.42180531,28.54731417,10.17773809
2023-06-01 00:00:00,31.12999916,60,421.8200073,423.75,60.93000031,68.80000305,39.72000122,63.75999832,25.25,98.09999847,103.1200027,37.83871193,29.68596314,10.08202522
2023-06-02 00:00:00,31.30999947,61.15999985,427.9200134,429.7900085,61.65000153,70.05000305,40.34999847,65.16000366,25.84000015,97.31999969,101.9899979,38.14164321,30.37552866,10.20868283
2023-06-05 00:00:00,29.86000061,60.75,427.1000061,429.0499878,61.20999908,69.76999664,40.31000137,65.12999725,26.04999924,97.29000092,101.8000031,37.66361611,30.82698612,9.993910017
2023-06-06 00:00:00,30.95999908,60.31000137,428.0299988,429.9599915,61.43999863,70.75,40.61999893,65.69999695,26.55999947,97.34999847,102.4000015,38.04550409,31.26942575,10.26979947
2023-06-07 00:00:00,31.28000069,60.22000122,426.5499878,427.2099915,61.16999817,69.43000031,40.52999878,64.76000214,26.26000023,96.63999939,100.8799973,37.84489338,30.69848495,10.25354254
2023-06-08 00:00:00,31.81999969,60.36999893,429.1300049,429.6799927,61.88000107,70.15000153,40.75,65.66000366,26.42000008,97.29000092,102.0599976,37.95987272,30.49235678,10.26783442
2023-06-09 00:00:00,31.34000015,60.47000122,429.8999939,430.5400085,61.50999832,70.72000122,40.86000061,66.68000031,26.78000069,96.94000244,101.9199982,37.92969282,30.83357479,10.47462378
2023-06-12 00:00:00,33.06999969,60.20999908,433.7999878,434.4500122,61.77999878,71.08999634,40.95999908,66.63999939,26.75,97.09999847,102.2200012,37.3026377,30.88633239,10.32899344
2023-06-13 00:00:00,33.90999985,60.45000076,436.6600037,437.2900085,62.25999832,72.02999878,41.29999924,67.51000214,26.79000092,96.41000366,101.2099991,36.92022794,30.97544548,10.33766382
2023-06-14 00:00:00,35.58000183,60.86000061,437.1799927,437.7999878,62.47999954,72.15000153,41.68999863,66.87999725,27.38999939,96.54000092,102.0199966,36.93805207,31.58014349,10.28718447
2023-06-15 00:00:00,35.81999969,61.22999954,442.6000061,443.2099915,63.33000183,72.43000031,42.09000015,67.04000092,27.52000046,97.29000092,103,36.93566895,31.80395508,10.32678223
2023-06-16 00:00:00,36.36999893,61.66999817,439.4599915,441.6300049,63.27999878,72.05000305,41.93999863,66.48000336,27.39999962,96.87000275,102.5999985,38.22942646,32.28404742,10.99575477
2023-06-19 00:00:00,36.36999893,61.66999817,439.4599915,441.6300049,63.27999878,72.05000305,41.93999863,66.48000336,27.39999962,96.87000275,102.5999985,39.26097071,32.65332368,10.77752137
2023-06-20 00:00:00,35,61.25999832,437.1799927,439.5400085,61.29999924,70.66999817,40.97000122,65.18000031,27.44000053,97.16000366,103.3099976,39.02401578,32.49868855,10.65803447
2023-06-21 00:00:00,32.90000153,61.43000031,434.9400024,437.2200012,61.18000031,71.01999664,40.90000153,64.62000275,27.72999954,97.25,103.5599976,39.44496202,32.99845529,10.5314219
2023-06-22 00:00:00,32.70999908,61.84999847,436.5100098,438.7999878,60.93999863,70.38999939,40.72000122,64.63999939,27.42000008,96.69999695,102.3099976,38.95473766,32.5687151,10.65188564
2023-06-23 00:00:00,33,61.20000076,433.2099915,435.4599915,60.20000076,68.75,40.15000153,63.31000137,27.14999962,97.09999847,103.3300018,37.79525576,32.05904493,10.77132921
2023-06-26 00:00:00,33.34000015,61.22000122,431.4400024,433.6199951,60.27999878,68.80999756,40.27999878,63.90000153,27.20999908,97.33999634,103.4400024,38.57071892,31.82402551,10.56557647
2023-06-27 00:00:00,34.09999847,61.09000015,436.1700134,438.4200134,60.88999939,69.30999756,40.65999985,64.56999969,27.20999908,97,103.1699982,39.27999347,31.4621307,10.55093676
2023-06-28 00:00:00,33.56999969,60.52000046,436.3900146,438.5599976,60.84000015,69.43000031,40.5,63.27999878,26.82999992,97.38999939,103.6100006,40.14580035,32.11664028,10.68005736
2023-06-29 00:00:00,32.90999985,60.02000046,438.1099854,440.3099976,60.75,69.16999817,40.33000183,62.72000122,27.11000061,96.38999939,101.7399979,37.16908085,31.35351038,10.58180975
2023-06-30 00:00:00,33.43999863,60.22000122,443.2799988,445.7099915,61.70000076,69.72000122,40.68000031,63.38000107,27.17000008,96.59999847,102.9400024,36.89781153,31.15815196,10.48276287
2023-07-03 00:00:00,33.61999893,60.58000183,443.7900085,446.3500061,61.52000046,70.06999969,41.08000183,64.79000092,27.52000046,95.94999695,102.0800018,37.31816955,30.9080758,10.67502741
2023-07-04 00:00:00,33.61999893,60.58000183,443.7900085,446.3500061,61.52000046,70.06999969,41.08000183,64.79000092,27.52000046,95.94999695,102.0800018,35.28635066,29.70146062,10.72552745
2023-07-05 00:00:00,32.50999832,61.02999878,443.1300049,445.5799866,60.72000122,69.52999878,40.88000107,64.05999756,27.28000069,95.48999786,101.1100006,35.03706974,29.63207713,10.80998522
2023-07-06 00:00:00,31.96999931,60.56000137,439.6600037,441.9299927,59.63999939,68.37999725,40.09999847,62.81000137,26.5,94.70999908,99.68000031,33.66703862,29.79215304,10.72263419
2023-07-07 00:00:00,31.85000038,59.75999832,438.5499878,440.7999878,60.02999878,69.16000366,40.58000183,63.13999939,27.01000023,94.58999634,99.08000183,35.04256099,30.26402995,10.70390954
2023-07-10 00:00:00,32.74000168,59.31000137,439.6600037,441.9700012,60.38999939,69.18000031,40.59000015,63.22000122,26.86000061,95.08000183,99.20999908,35.88485903,30.5566957,10.82323297
2023-07-11 00:00:00,33.29999924,59.52000046,442.4599915,444.9400024,61.04000092,69.87999725,40.95000076,64.34999847,26.95000076,95.27999878,99.72000122,36.27849255,31.13260708,11.16657146
2023-07-12 00:00:00,33.97999954,59.84000015,446.019989,448.2799988,62.49000168,70.79000092,41.72999954,66.09999847,27.18000031,96.20999908,100.8300018,38.09289937,32.27225261,11.09803316
2023-07-13 00:00:00,33.86999893,60.34999847,449.5599976,452.1000061,63.47000122,71.88999939,42.18999863,66.97000122,27.60000038,97.01000214,101.8899994,39.31379446,32.5557207,11.20280689
2023-07-14 00:00:00,33.15000153,60.90000153,449.2799988,451.6499939,63.16999817,71.34999847,41.93000031,67.18000031,27.32999992,96.52999878,101.2900009,40.30458279,33.08389206,11.27740606
2023-07-17 00:00:00,34.36999893,60.81000137,450.8399963,453.3299866,63.08000183,71.30000305,41.97999954,67.54000092,27.37000084,96.69000244,101.3399963,39.99057322,32.20190184,11.27066564
2023-07-18 00:00:00,34.5,60.56999969,454.1900024,456.6199951,63.45000076,71.87000275,41.68000031,67.33999634,27.35000038,96.80000305,101.8000031,40.65306219,32.41787596,11.1893959
2023-07-19 00:00:00,34.45999908,61.63999939,455.2000122,457.4599915,63.43999863,71.79000092,41.61999893,67.12000275,27.42000008,97.12999725,102.9499969,41.4515861,33.50018122,11.14500192
2023-07-20 00:00:00,33.36999893,62.38999939,452.1799927,454.6099854,63.20000076,71.12000275,41.36000061,66,27.37000084,96.36000061,101.6999969,41.47203233,32.86707087,11.27055855
2023-07-21 00:00:00,34.02000046,62.43999863,452.1799927,454.6000061,63.41999817,70.95999908,41.34000015,66.02999878,27.72999954,96.44000244,101.7300034,40.86965516,32.30955416,11.55935444
2023-07-24 00:00:00,33.63000107,62.45999908,454.2000122,456.6099854,63.09999847,71.26999664,41.88999939,67.30000305,28.11000061,96.20999908,101.3600006,40.87403791,32.06941025,11.63239129
2023-07-25 00:00:00,34.09999847,62.25,455.4400024,457.8399963,63.22000122,71.56999969,42.20999908,67.90000153,28.31999969,96.02999878,101.1699982,40.74415562,32.2237583,11.71074158
2023-07-26 00:00:00,34.36000061,63.04999924,455.5100098,457.8800049,63.34000015,71.79000092,42.47000122,67.52999878,28.51000023,96.36000061,101.2699966,41.64732292,32.49264822,11.84950147
2023-07-27 00:00:00,34.54999924,62.43999863,452.4899902,454.9200134,62.97000122,71.80000305,42,66.31999969,27.90999985,95.30999756,99.30000305,42.14282227,32.83520508,11.84135742
2023-07-28 00:00:00,36.83000183,62.47999954,456.9200134,459.2200012,63.50999832,72.29000092,43.02000046,67.48999786,28.18000031,95.62000275,99.80999756,41.06802413,31.8565047,11.83424371
2023-07-31 00:00:00,35.77000046,61.93000031,457.7900085,460.1799927,63.49000168,72.25,43.06999969,67.56999969,28.46999931,95.73999786,100.0500031,41.83965855,32.00637474,11.95418816
2023-08-01 00:00:00,35.79999924,61.77000046,456.480011,458.8999939,62.79000092,71.33999634,42.47000122,67.55999756,27.88999939,94.94000244,98.13999939,42.03136754,31.44331312,11.88428896
2023-08-02 00:00:00,34.38999939,61.95999908,450.1300049,452.4899902,61.65000153,69.91000366,41.54999924,65.48000336,27.48999977,94.75,97.08999634,40.75443686,31.15763069,11.77208223
2023-08-03 00:00:00,34.86999893,61.63999939,448.8399963,451.1900024,61.47999954,69.76999664,41.72999954,65.44999695,27.09000015,94.05000305,94.84999847,39.36957557,31.03772678,11.61370678
2023-08-04 00:00:00,35.13999939,60.70999908,446.8099976,449.0899963,61.59000015,70.08000183,41.77999878,64.83000183,27.12999916,95.05000305,96.52999878,39.92929583,31.98158567,11.67359668
2023-08-07 00:00:00,35.22999954,61.18999863,450.7099915,453.0599976,62.18000031,70.44000244,41.70999908,64.65000153,27.06999969,94.81999969,95.58000183,39.64611881,32.25230887,11.74086026
2023-08-08 00:00:00,35.02000046,60.91999817,448.75,451.1600037,61.84999847,69.76000214,41.27999878,63.77000046,26.95999908,95.30000305,96.69000244,39.17683824,32.14673676,11.77222448
2023-08-09 00:00:00,34.27999878,61.06000137,445.75,448.1099854,61.99000168,69.56999969,41.34999847,64.27999878,26.90999985,95.36000061,97.19000244,39.6901257,32.10886574,11.78599238
2023-08-10 00:00:00,34.68000031,60.91999817,445.9100037,448.3099976,62.22999954,69.73999786,41.43000031,63.86000061,26.95000076,94.62999725,95.58999634,40.32257997,32.75414619,11.70245223
2023-08-11 00:00:00,34.88999939,61.16999817,445.6499939,448.0400085,61.70000076,69.34999847,40.83000183,63.11999893,26.60000038,94.12999725,95.37000275,40.54430389,34.39930784,11.65648737
2023-08-14 00:00:00,35.68000031,60.88000107,448.1099854,450.4400024,61.58000183,68.87999725,40.63999939,62.56000137,26.29000092,93.98000336,95.16000366,40.56061315,35.48260211,11.66673036
2023-08-15 00:00:00,34.77000046,60.47000122,442.8900146,445.3399963,60.79000092,68.02999878,40.20999908,62.00999832,26.07999992,93.80000305,94.58000183,40.65607738,35.83570004,11.67038727
2023-08-16 00:00:00,33.52999878,60.47999954,439.6400146,442.0100098,60.41999817,67.23000336,39.93999863,60.75999832,26.03000069,93.44000244,93.83999634,40.77122397,36.0717371,11.73601587
2023-08-17 00:00:00,32.58000183,60.61000061,436.2900085,438.6099854,59.90000153,66.97000122,40.06999969,60.81999969,25.81999969,93.31999969,93.44000244,46.26682919,36.27523059,12.09174353
2023-08-18 00:00:00,32.75,60.95000076,436.5,438.6900024,59.79999924,66.98999786,39.81999969,60.66999817,25.93000031,93.59999847,93.76999664,43.35075712,35.89187685,12.11271155
2023-08-21 00:00:00,33.13999939,60.43000031,439.3399963,441.6499939,60.13999939,67.05999756,39.90999985,61.08000183,25.82999992,93.01999664,92.51999664,43.25887828,35.55000601,12.19403432
2023-08-22 00:00:00,32.88999939,60.06000137,438.1499939,440.3900146,59.91999817,67.15000153,39.84000015,60.77999878,26.26000023,93.05999756,93.23000336,44.34377629,35.73023701,12.17380218
2023-08-23 00:00:00,33.97999954,60.27000046,443.0299988,445.25,60.41999817,68.09999847,40.43000031,61.54999924,26.96999931,94.06999969,95.54000092,44.1148405,35.77567152,12.0695148
2023-08-24 00:00:00,32.59000015,60.11000061,436.8900146,439.269989,59.58000183,67.30999756,40.25999832,61.50999832,26.57999992,93.72000122,94.91000366,44.58549955,35.74472289,12.08451486
2023-08-25 00:00:00,33.25,60.38999939,439.9700012,442.4100037,60.00999832,67.73999786,40.22999954,62.00999832,26.45000076,93.69000244,95.22000122,43.82319589,35.26004267,11.86248578
2023-08-28 00:00:00,33.61999893,60.56000137,442.7600098,445.0799866,60.63999939,68.37000275,40.63000107,62.50999832,26.69000053,93.94999695,95.31999969,43.81216092,35.25116396,11.85949873
2023-08-29 00:00:00,34.31000137,60.5,449.1600037,451.5100098,61.5,69.15000153,41.16999817,63.34999847,27.04000092,94.62000275,96.30999756,44.70647867,35.50034907,12.01841302
2023-08-30 00:00:00,34.52999878,60.47000122,451.0100098,453.4899902,61.47000122,69,41.02000046,62.93999863,26.89999962,94.61000061,96.20999908,45.17653802,35.7621266,12.05550133
2023-08-31 00:00:00,35.13999939,59.83000183,450.3500061,452.6900024,60.91999817,69.30999756,40.52999878,62.45000076,26.11000061,94.80000305,96.63999939,44.3006034,36.165055,12.35586413
2023-09-01 00:00:00,36.61000061,59.31000137,451.1900024,453.6499939,60.70999908,69.80999756,40.97000122,63.20999908,26.46999931,93.98000336,94.84999847,43.91134227,35.8007336,12.38135105
2023-09-04 00:00:00,36.61000061,59.31000137,451.1900024,453.6499939,60.70999908,69.80999756,40.97000122,63.20999908,26.46999931,93.98000336,94.84999847,43.56640124,35.50787616,12.27665931
2023-09-05 00:00:00,36.70999908,58.81999969,449.2399902,451.7000122,59.97999954,69.5,40.72999954,62.75999832,26,93.41000366,93.51999664,43.80206697,35.59706883,12.26962798
2023-09-06 00:00:00,36.97999954,58.77999878,446.2200012,448.5599976,59.75999832,69.30999756,40.54000092,62.02000046,25.79000092,93.16999817,93.75,42.99129066,34.94613686,12.31914177
2023-09-07 00:00:00,38.18000031,58.33000183,444.8500061,447.3200073,59.5,69.20999908,40.11999893,61.74000168,25.32999992,93.48999786,94.01000214,42.05829606,33.74662685,12.39876068
2023-09-08 00:00:00,38.00999832,58.33000183,445.519989,447.8699951,59.59000015,68.75,40.20000076,61.79000092,25.51000023,93.51000214,94.37000275,42.35279709,34.24401414,12.35030018
2023-09-11 00:00:00,38.59000015,58.88000107,448.4500122,450.8999939,60.20999908,69.54000092,40.65999985,62.77999878,26.09000015,93.34999847,93.69000244,41.90392444,34.22257912,12.58991232
2023-09-12 00:00:00,38.86000061,58.29999924,445.9899902,448.4599915,59.81999969,69.37000275,40.54999924,62.00999832,26.05999947,93.48000336,94.23000336,43.40538305,34.21144745,12.50875592
2023-09-13 00:00:00,38.70999908,58.43999863,446.5100098,448.8800049,59.56999969,69.25,40.50999832,62.02999878,26.26000023,93.58999634,94.20999908,43.40874261,34.10240786,12.69159208
2023-09-14 00:00:00,38.66999817,58.45999908,450.3599854,452.8900146,60.27999878,70.33000183,40.75,62.84000015,26.63999939,93.37999725,93.52999878,45.14968488,35.22050107,12.68937201
2023-09-15 00:00:00,37.88000107,57.93999863,443.3699951,447.0499878,60.18999863,70.02999878,40.54000092,63.11999893,26.48999977,93.08999634,92.95999908,45.94892575,35.59336488,12.82353285
2023-09-18 00:00:00,37.99000168,58.29999924,443.6300049,447.8200073,59.50999832,69.83000183,40.15000153,63.25,26.53000069,93.18000031,93.48999786,45.43707881,35.70498962,12.81908308
2023-09-19 00:00:00,36.34000015,58.18000031,442.7099915,446.8200073,59.54999924,69.93000031,39.95000076,62.58000183,26.51000023,92.83999634,92.80000305,46.19137669,36.77972889,12.92863197
2023-09-20 00:00:00,34.68999863,58.43999863,438.6400146,442.5899963,59.65999985,69.20999908,39.83000183,62.13999939,26.62000084,92.76999664,93.08999634,45.6083374,36.99480629,12.61665421
2023-09-21 00:00:00,34.65000153,57.54000092,431.3900146,435.3399963,58.79999924,67.90000153,39.18999863,60.5,25.84000015,92.08000183,90.69999695,45.55541801,36.92516291,12.47688309
2023-09-22 00:00:00,34.18000031,57.59999847,430.4200134,434.2999878,58.66999817,68.30000305,39.65000153,60.79999924,25.80999947,92.44000244,91.43000031,44.99686604,36.02208128,12.54011021
2023-09-25 00:00:00,34.29000092,57,432.230011,436.1000061,58.27000046,68.18000031,39.5,60.61999893,25.55999947,91.76000214,89.18000031,44.56033363,36.17466645,12.85394239
2023-09-26 00:00:00,33.83000183,56.52999878,425.8800049,427.7600098,57.54000092,67.06999969,39.04000092,58.70000076,25.12999916,91.73000336,88.87000275,44.45584092,36.21196932,12.45740597
2023-09-27 00:00:00,34.61000061,55.95000076,426.0499878,427.8699951,57.29000092,67.19999695,39.09000015,58.72000122,25.04000092,91.31999969,88.41000366,43.36418509,36.25828922,12.17112422
2023-09-28 00:00:00,35.18000031,55.81000137,428.519989,430.3699951,57.84999847,67.58999634,39.16999817,59.27000046,25.37999916,91.56999969,88.68000031,44.41531813,36.3453218,12.03825016
2023-09-29 00:00:00,35.54999924,55.97999954,427.480011,429.4299927,57.93000031,66.87999725,39.20999908,58.93999863,25.55999947,91.58999634,88.69000244,45.03569752,36.43131629,12.00951934
2023-10-02 00:00:00,35.45999908,55.47999954,427.3099976,429.2799988,56.93999863,66.16000366,39.06999969,58.45000076,25.09000015,90.61000061,86.93000031,44.62652514,35.72560619,11.71751111
2023-10-03 00:00:00,35.68999863,54.88000107,421.5899963,423.5599976,56.33000183,65.13999939,38.56999969,57.86000061,24.30999947,89.86000061,85.05999756,44.1327638,35.66894609,11.53497443
2023-10-04 00:00:00,35.93000031,55.04000092,424.6600037,426.5599976,56.61000061,64.76000214,38.40999985,57.75,24.37000084,90.43000031,86.26000214,42.45579269,34.90675416,11.37791087
2023-10-05 00:00:00,35.88999939,52.38000107,424.5,426.3599854,56.93999863,65.70999908,38.56999969,57.97999954,24.14999962,90.59999847,85.83000183,41.32783046,34.71295011,11.31205227
2023-10-06 00:00:00,36.18999863,53.13999939,429.5400085,431.3699951,57.68000031,66.19999695,39.09999847,58.61000061,24.40999985,90.06999969,84.79000092,42.41316376,34.91773396,11.5783062
2023-10-09 00:00:00,36.06000137,52.88000107,432.2900085,434.2099915,57.5,66.26999664,38.86000061,58.47000122,24.52000046,91.22000122,86.77999878,42.46764427,35.13510138,11.53653416
2023-10-10 00:00:00,36.43000031,54.02999878,434.5400085,436.480011,58.40000153,67.01000214,39.47999954,58.54999924,25.18000031,91.04000092,86.66000366,43.30515833,35.64865934,11.53987529
2023-10-11 00:00:00,36.88000107,53.70999908,436.3200073,438.3299866,58.79000092,67.04000092,39.59999847,59.56000137,25.34000015,91.54000092,88.47000122,43.32702684,36.01367054,11.62762196
2023-10-12 00:00:00,36.84000015,52.81000137,433.6600037,435.7000122,58.11999893,66.69999695,39.18000031,59.02999878,24.94000053,90.66000366,86.06999969,43.10716569,36.51792751,11.78673073
2023-10-13 00:00:00,35.97000122,52.88999939,431.5,433.4100037,57.59000015,66.04000092,39.02999878,58.75999832,24.95000076,91.23999786,87.61000061,41.78849908,33.50389868,11.57407409
2023-10-16 00:00:00,36.56000137,53.43000031,436.0400085,437.9200134,58.11999893,66.41000366,39.31000137,59.09000015,25.37999916,90.69999695,86.19999695,41.62665725,33.54440117,11.57038765
2023-10-17 00:00:00,36.06000137,54.06999969,436.019989,438.0499878,58.06000137,66.51999664,39.13999939,59.04000092,25.31999969,89.80999756,85.25,41.94651618,34.55855627,11.68640931
2023-10-18 00:00:00,35.63999939,54.04999924,430.2099915,432.3099976,56.99000168,65.54000092,38.5,58.47000122,24.85000038,89.38999939,84.5,40.31177706,33.5525516,11.44805753
2023-10-19 00:00:00,35.66999817,54.34999847,426.4299927,428.3900146,56.52000046,64.98999786,38.36000061,57.70999908,24.87000084,88.94999695,82.76999664,39.70904181,32.3622619,11.3541144
2023-10-20 00:00:00,34.91999817,54.56999969,421.1900024,423.1199951,55.97999954,64.36000061,37.90000153,56.88000107,24.64999962,89.47000122,83.23999786,39.50674392,32.46713978,10.94779816
2023-10-23 00:00:00,33.84999847,54.08000183,420.4599915,422.3800049,56.09999847,64.41000366,37.81999969,57.11000061,24.48999977,89.88999939,84.23999786,40.50602167,32.59944086,11.31249254
2023-10-24 00:00:00,34.59000015,55.63999939,423.6300049,425.5599976,56.31000137,64.98000336,38.29000092,57.86000061,24.76000023,90.05000305,85.34999847,39.81330663,32.46315771,11.12322536
2023-10-25 00:00:00,32.83000183,56.11999893,417.5499878,419.5100098,55.81000137,64.34999847,37.88000107,56.38999939,24.61000061,89.26000214,83.44999695,39.03969837,31.80336799,10.86057653
2023-10-26 00:00:00,32.52000046,55.77999878,412.5499878,414.4500122,55.56999969,63.65999985,37.74000168,55.16999817,25.04000092,89.94000244,84.73000336,38.61003687,31.34796097,10.75997579
2023-10-27 00:00:00,35.54000092,55.24000168,410.6799927,412.5499878,55.18000031,63.90000153,37.77999878,54.63999939,24.86000061,90.08000183,84.37000275,38.65666572,31.79920382,10.70492281
2023-10-30 00:00:00,35.68999863,56.15000153,415.5899963,417.4500122,56.04000092,64.52999878,38.11999893,55.95000076,24.77000046,89.77999878,83.98999786,40.39926872,33.07046585,10.7085318
2023-10-31 00:00:00,36.5,56.49000168,418.2000122,419.9400024,56.13999939,64.83999634,37.93999863,54.95000076,24.79999924,89.58999634,83.58000183,40.51193647,32.66502986,11.21681845
2023-11-01 00:00:00,37.29000092,56.43999863,422.6600037,424.5299988,56.52000046,65.83999634,38.20999908,56.25,25.46999931,90.37000275,85.09999847,40.588164,33.84372357,11.17997332
2023-11-02 00:00:00,37.70000076,57.09000015,430.7600098,432.7099915,57.75999832,67.09999847,38.79999924,58.04999924,26.19000053,90.93000031,87.04000092,41.84584866,34.17106419,11.35380814
2023-11-03 00:00:00,38.13999939,56.74000168,434.6900024,436.5899963,58.24000168,68.31999969,39.50999832,59.66999817,26.55999947,91.62999725,87.62999725,42.00092717,33.77142766,11.48472377
2023-11-06 00:00:00,37.95000076,56.97000122,435.6900024,437.6400146,58.04999924,68.16000366,39.63000107,62.68000031,26.53000069,91.09999847,86.77999878,43.06077933,34.52286619,11.80459296
2023-11-07 00:00:00,38.77000046,57.18000031,436.9299927,438.7999878,57.79000092,67.48999786,39.63999939,61.65000153,26.55999947,91.62000275,88.05999756,43.14761413,33.82674184,11.95046938
2023-11-08 00:00:00,37.91999817,57.09000015,437.25,439.1600037,58.06999969,66.62000275,39.45999908,60.47000122,26.29000092,91.98999786,89.55999756,43.51300077,33.67955427,12.48847706
2023-11-09 00:00:00,37.79999924,56.65999985,433.8399963,435.8500061,58.06000137,66.55999756,39.11000061,59.86999893,26.12999916,91.08000183,87.5,43.85749286,34.5823088,12.24815697
2023-11-10 00:00:00,38.86000061,56.72000122,440.6099854,442.6700134,58.33000183,66.98000336,39.38000107,60.29999924,26.57999992,91.18000031,87.98999786,43.18717762,33.35247381,12.31475956
2023-11-13 00:00:00,38.22999954,56.93000031,440.1900024,442.1600037,58.47999954,66.97000122,39.45000076,59.68999863,26.46999931,91.12999725,87.79000092,43.53249116,33.3219209,12.32605368
2023-11-14 00:00:00,39.40999985,57.09999847,448.730011,450.8299866,60.20999908,68.56999969,40.36999893,61.88999939,27.48999977,92.5,89.77999878,41.44714996,33.95596138,12.42800467
2023-11-15 00:00:00,40.61000061,57.20999908,449.6799927,451.7399902,60.20000076,68.30999756,40.65000153,62.34000015,27.56999969,91.77999878,88.51999664,43.10613906,33.23545794,12.61947839
2023-11-16 00:00:00,43.34999847,57.15000153,450.230011,452.2999878,60.06999969,68.27999878,40.22999954,62.77999878,27.47999954,92.47000122,89.62000275,41.73913021,32.23602467,12.49689434
2023-11-17 00:00:00,43.81000137,57.25999832,450.7900085,452.7799988,60.90000153,69,40.38999939,62.25,27.57999992,92.52999878,90.04000092,42.5212287,33.33416031,12.56393677
2023-11-20 00:00:00,44.74000168,57.40000153,454.2600098,456.4200134,61.18000031,69.31999969,40.81999969,63.50999832,28.02000046,92.66000366,90.58999634,43.83998337,34.43680512,12.57908614
2023-11-21 00:00:00,43.63999939,58.02999878,453.269989,455.3699951,60.91999817,68.98999786,40.58000183,62.88000107,27.73999977,92.77999878,90.55000305,43.28138027,34.58757701,12.53408758
2023-11-22 00:00:00,43.66999817,58.41999817,455.019989,457.1000061,61.02000046,69.25,40.47000122,62.90999985,27.75,92.75,90.87000275,42.77578441,34.43387924,12.51912987
2023-11-23 00:00:00,43.66999817,58.41999817,455.019989,457.1000061,61.02000046,69.25,40.47000122,62.90999985,27.75,92.75,90.87000275,43.83992765,34.65977186,12.49000788
2023-11-24 00:00:00,43.95999908,58.56999969,455.2999878,457.4400024,61.66999817,69.33999634,40.59999847,62.31999969,27.72999954,92.26999664,89.80000305,43.67933958,34.52986529,12.48339231
2023-11-27 00:00:00,44.08000183,58.45999908,454.480011,456.5899963,61.47999954,69.22000122,40.40999985,62.56000137,27.55999947,92.97000122,91.30000305,43.5971422,35.15492102,12.57512945
2023-11-28 00:00:00,44.22999954,58.58000183,454.9299927,456.980011,61.47999954,69.51999664,40.74000168,63.49000168,27.87999916,93.37999725,91.48000336,43.39915625,35.50265766,12.60912895
2023-11-29 00:00:00,44.93999863,58.22999954,454.6099854,456.769989,61.75999832,69.37999725,40.50999832,63.38000107,27.69000053,93.87000275,92.62999725,44.42947122,35.65798763,12.71229506
2023-11-30 00:00:00,44.70000076,58.43999863,456.3999939,458.4200134,61.61999893,69.38999939,40.63000107,63.04000092,27.98999977,93.41000366,91.55999756,43.8025707,35.29598451,12.6963973
2023-12-01 00:00:00,43.74000168,58.63999939,459.1000061,461.1300049,62.20999908,70.12000275,40.79999924,63.31999969,28.38999939,94.04000092,92.98999786,43.95826635,34.73713577,12.68221248
2023-12-04 00:00:00,42.34999847,58.56999969,456.6900024,458.8500061,61.86999893,69.08999634,40.43999863,62.04999924,27.78000069,93.65000153,92.62000275,43.9873374,34.45250993,12.84023433
2023-12-05 00:00:00,41.91999817,58.65999985,456.6000061,458.75,61.81000137,68.65000153,40.29999924,61.54000092,27.87999916,94.30999756,94.61000061,43.20855174,34.68054811,12.88676105
2023-12-06 00:00:00,41.27000046,58.59999847,454.7600098,456.8500061,61.81999969,69.13999939,40.25,61.13999939,27.77000046,94.69999695,95.87000275,42.443323,34.31989768,12.54408003
2023-12-07 00:00:00,42.15000153,58.74000168,458.230011,460.3599854,62.04000092,69.73999786,40.40999985,61.79999924,27.84000015,94.55999756,95.31999969,42.32285866,34.53645736,12.58382919
2023-12-08 00:00:00,42.70000076,58.61000061,460.2000122,462.3500061,62.38000107,69.56999969,40.20999908,62.15999985,28.06999969,93.94999695,94.54000092,42.67855436,34.99893248,12.61472315
2023-12-11 00:00:00,44.54000092,59.04000092,461.9899902,464.1499939,62.47000122,69.86000061,40.38999939,62.70999908,27.95000076,93.95999908,94.33999634,43.00008968,34.5883933,12.55477071
2023-12-12 00:00:00,44.04000092,59.41999817,464.1000061,466.4500122,62.58000183,69.88999939,40.38999939,63.04999924,27.81999969,94.16000366,94.62000275,42.62290828,35.02736793,12.37884759
2023-12-13 00:00:00,44.56999969,59.93000031,470.5,472.8399963,63.45999908,71.12999725,40.77000046,63.81000137,28.61000061,95.55999756,96.83999634,42.80326817,35.07228141,12.36957882
2023-12-14 00:00:00,45.18000031,59.04000092,472.0100098,474.3200073,64.19000244,71.30999756,41.31000137,64.65000153,29.21999931,96.06999969,99.04000092,43.73840223,35.02859053,12.61029259
2023-12-15 00:00:00,46.15999985,58.59999847,469.3299866,473.519989,63.47999954,70.69999695,41.06999969,63.93999863,29,95.98999786,99.15000153,45.53001201,35.69604027,12.82247744
2023-12-18 00:00:00,45.68999863,59.02000046,471.9700012,476.1499939,63.20999908,69.55000305,40.20000076,64.19000244,29.42000008,95.77999878,98.36000061,45.68379743,35.48256111,12.69768794
2023-12-19 00:00:00,46.65999985,58.83000183,474.8399963,478.8999939,63.86999893,70.06999969,40.47999954,64.91000366,29.69000053,95.95999908,98.88999939,46.55870266,35.80465449,12.65182137
2023-12-20 00:00:00,45.75999832,57.61000061,468.2600098,470.1400146,63.11999893,69.5,39.63000107,63.11999893,28.26000023,96.43000031,99.55999756,48.82986377,36.47915508,12.78362014
2023-12-21 00:00:00,47.08000183,57.99000168,472.7000122,474.9100037,64.05999756,70.84999847,40.40000153,64.12000275,28.73999977,96.27999878,98.93000031,49.17452701,35.9011971,12.76767925
2023-12-22 00:00:00,48,58.31999969,473.6499939,475.8200073,64.09999847,71.04000092,40.25999832,63.97000122,28.88999939,96.19000244,98.48000336,49.8520301,36.46936044,12.88795485
2023-12-25 00:00:00,48,58.31999969,473.6499939,475.8200073,64.09999847,71.04000092,40.25999832,63.97000122,28.88999939,96.19000244,98.48000336,49.82062236,36.44638404,12.8798352
2023-12-26 00:00:00,50.5,58.56000137,475.6499939,477.8699951,64.5,71.13999939,40.52000046,64.26999664,29.26000023,96.25,98.76000214,49.93012311,36.52648956,12.90814379
2023-12-27 00:00:00,50.75999832,58.70999908,476.5100098,478.7799988,64.86000061,71.58999634,40.74000168,64.84999847,29.32999992,97,100.5100021,50.65417926,36.33610095,12.95626997
2023-12-28 00:00:00,50.38999939,58.75,476.6900024,479,64.41999817,72.06999969,40.99000168,65.98000336,29.18000031,96.62999725,99.77999878,50.3712262,36.22632024,13.05683627
2023-12-29 00:00:00,50.25,58.93000031,475.3099976,477.6300049,64.48000336,72.02999878,41.09999847,65.52999878,29.05999947,96.38999939,98.87999725,50.61759585,36.03718145,13.01413408
2024-01-01 00:00:00,50.25,58.93000031,475.3099976,477.6300049,64.48000336,72.02999878,41.09999847,65.52999878,29.05999947,96.38999939,98.87999725,50.60174534,36.02589668,13.0100588
2024-01-02 00:00:00,47.79999924,59.81999969,472.6499939,474.8900146,63.66999817,71.40000153,40.61999893,64.73999786,28.65999985,96.02999878,98.30999756,50.9788471,35.32242215,13.03429199
2024-01-03 00:00:00,47.04999924,59.95999908,468.7900085,471.0100098,63.13000107,70.79000092,40.5,63.34999847,28.53000069,96.26000214,98.72000122,49.16687344,34.08229995,13.17848931
2024-01-04 00:00:00,46.86999893,59.75999832,467.2799988,469.5599976,63.49000168,70.48000336,40.43000031,62.72000122,28.31999969,95.68000031,97.22000122,49.36628968,34.85424817,13.25728858
2024-01-05 00:00:00,46.88999939,59.66999817,467.9200134,470.1199951,63.36999893,70.76000214,40.49000168,62.88000107,28.69000053,95.33000183,96.29000092,48.77028074,35.38857822,13.19144135
2024-01-08 00:00:00,48.45000076,60.11000061,474.6000061,476.5899963,64.08999634,71.5,40.56000137,63.20999908,28.73999977,95.65000153,97.23999786,50.17168863,35.48263911,13.22650347
2024-01-09 00:00:00,48.04999924,60,473.8800049,476.1400146,63.45000076,70.87999725,40.09000015,61.77999878,28.22999954,95.61000061,96.62000275,50.2160332,35.55906919,13.30597428
2024-01-10 00:00:00,47.47000122,60.20000076,476.5599976,478.8099976,63.72000122,71.51000214,40.04999924,61.41999817,28.20999908,95.45999908,96.16999817,51.16959301,35.78693275,13.39944125
2024-01-11 00:00:00,47.63999939,59.81000137,476.3500061,478.5499878,63.43999863,71.81999969,40.22000122,61.52999878,28.37999916,95.97000122,96.70999908,49.76995168,35.62279512,13.50989726
2024-01-12 00:00:00,47.11999893,60.38999939,476.6799927,478.9599915,63.61999893,72.18000031,40.40999985,61.36000061,28.5,96.23000336,96.51999664,49.89713895,36.48049467,13.54442184
2024-01-15 00:00:00,47.11999893,60.38999939,476.6799927,478.9599915,63.61999893,72.18000031,40.40999985,61.36000061,28.5,96.23000336,96.51999664,49.86372149,36.42662668,13.80645571
2024-01-16 00:00:00,47.06000137,59.99000168,474.9299927,477.2999878,62.40999985,71.06999969,39.56999969,58.99000168,27.86000061,95.44999695,94.81999969,49.65665996,36.11393452,13.98779154
2024-01-17 00:00:00,46.06000137,59.99000168,472.2900085,474.6199951,61.91999817,70.02999878,39.04000092,57.45999908,27.62000084,95.13999939,94.66999817,48.595224,36.20944519,13.39686279
2024-01-18 00:00:00,46.74000168,60.15999985,476.4899902,478.6900024,62.47000122,70.68000031,39.27000046,58.52999878,27.61000061,94.93000031,93.79000092,48.80584252,37.52345295,13.76705064
2024-01-19 00:00:00,48.15000153,59.83000183,482.4299927,484.6799927,62.49000168,71.05000305,39.63000107,59.25999832,27.75,94.94000244,94.08999634,47.97976503,37.62121973,13.57414279
2024-01-22 00:00:00,48.22000122,59.56999969,483.4500122,485.730011,62.59999847,71.38999939,39.31999969,58.52999878,27.27000046,95.23000336,94.65000153,48.19598354,37.6550965,13.48725547
2024-01-23 00:00:00,48.88999939,59.84999847,484.8599854,487.2399902,62.45000076,71.22000122,39.54000092,58.91999817,27.63999939,94.98999786,93.90000153,47.20637132,36.34191709,13.36772614
2024-01-24 00:00:00,49.09000015,58.90999985,485.3900146,487.6099854,63.06999969,71.41999817,40.04999924,59.11999893,27.65999985,94.72000122,93.34999847,47.40449411,35.41058596,13.50425214
2024-01-25 00:00:00,49.54999924,59.15999985,488.0299988,490.3299866,63.36000061,71.30999756,40.15000153,58.90000153,27.94000053,95.12999725,93.95999908,47.63176875,35.23097448,13.68538937
2024-01-26 00:00:00,43.65000153,59.36999893,487.4100037,489.8200073,63.93000031,71.11000061,40.15999985,59.5,28.19000053,94.95999908,93.77999878,48.03721311,35.39249696,13.62325197
2024-01-29 00:00:00,43.84000015,59.72999954,491.269989,493.6700134,64.13999939,71.81999969,40.16999817,60.15999985,28.05999947,95.52999878,94.86000061,47.67951533,35.87074056,13.63723022
2024-01-30 00:00:00,42.91999817,59.90000153,490.8900146,493.2999878,64.16999817,71.45999908,39.79000092,59.90999985,27.95999908,95.66000366,95.72000122,48.1197051,36.35993569,13.80660495
2024-01-31 00:00:00,43.08000183,59.49000168,482.8800049,485.2000122,63.68999863,71.37999725,39.63999939,59.47000122,27.82999992,96.45999908,96.66000366,48.17946644,37.00741625,14.21897297
2024-02-01 00:00:00,43.36000061,60.97999954,489.2000122,491.6400146,64.31999969,72.16999817,39.90999985,61.29999924,28.34000015,96.81999969,98.23999786,48.11471454,36.32375683,14.27593375
2024-02-02 00:00:00,42.59999847,60.54000092,494.3500061,496.7099915,63.70000076,72.01000214,39.63000107,62.61000061,28.05999947,95.55999756,96.06999969,48.31226124,37.09463857,14.40444728
2024-02-05 00:00:00,42.77000046,60.04000092,492.5499878,495.0499878,63.33000183,71.55000305,39.72999954,62.13000107,27.92000008,94.62999725,94.12999725,47.26923813,36.22502362,14.13659458
2024-02-06 00:00:00,42.74000168,59.93999863,493.980011,496.3900146,63.84000015,71.83999634,40.70999908,62.18000031,28.57999992,95.13999939,95.05000305,47.63098359,36.41263351,13.96339887
2024-02-07 00:00:00,42.77999878,59.99000168,498.1000061,500.4200134,63.63000107,72.16000366,40.68000031,63.27999878,28.5,94.97000122,94.58999634,47.14840508,36.11769533,14.06888237
2024-02-08 00:00:00,42.5,59.83000183,498.3200073,500.75,63.63000107,71.83999634,40.47000122,63.27999878,27.97999954,94.66000366,94.04000092,46.6581643,36.17743998,14.14266415
2024-02-09 00:00:00,43.31000137,59.56000137,501.2000122,503.6499939,63.84999847,72.20999908,40.63000107,63.66999817,28.05999947,94.48999786,93.84999847,47.3269701,37.10434456,14.05926525
2024-02-12 00:00:00,44.02999878,59.70000076,500.980011,503.3800049,63.90000153,72.58000183,40.81000137,64.44999695,28.25,94.58000183,93.95999908,48.52712402,36.5849021,14.07792088
2024-02-13 00:00:00,43.15999985,59.34999847,494.0799866,496.6199951,62.65999985,71.65000153,40.06000137,62.70999908,27.64999962,93.54000092,92.34999847,48.42660993,35.42024533,14.11758798
2024-02-14 00:00:00,44.18999863,59.29000092,498.5700073,501.0499878,63.54000092,72.29000092,40.63999939,63.86999893,27.97999954,93.88999939,92.81999969,48.72582597,35.69450042,14.12671233
2024-02-15 00:00:00,44.04999924,59.40000153,502.0100098,504.3500061,64.23999786,72.91000366,40.88999939,63.79000092,28.21999931,94.15000153,93.30000305,50.65041142,35.69408646,14.17708786
2024-02-16 00:00:00,43.50999832,59.38999939,499.5100098,501.9500122,64.33999634,72.98000336,41.09000015,64.19000244,28.37000084,93.73999786,92.76000214,49.95590367,35.97077048,14.18672069
2024-02-19 00:00:00,43.50999832,59.38999939,499.5100098,501.9500122,64.33999634,72.98000336,41.09000015,64.19000244,28.37000084,93.73999786,92.76000214,53.28205144,36.4461843,14.62891827
2024-02-20 00:00:00,44.52000046,60.70000076,496.7600098,499.1600037,64.66999817,73.26000214,41.16999817,64.30000305,28.56999969,93.90000153,92.83999634,53.43453807,35.68596359,14.65201468
2024-02-21 00:00:00,43.47000122,61.24000168,497.2099915,499.6099854,64.75,73.16000366,41.20999908,64.30000305,28.54999924,93.59999847,92.18000031,55.37105561,36.36685066,15.12759969
2024-02-22 00:00:00,42.97999954,61.15000153,507.5,510.0499878,65.40000153,74.11000061,41.56999969,65.12999725,28.45999908,93.61000061,92.62999725,57.75598257,37.40868893,15.64593138
2024-02-23 00:00:00,42.99000168,61.20000076,507.8500061,510.3399963,65.48000336,74.16000366,41.58000183,65.16000366,28.15999985,94.04000092,93.87000275,57.74637136,38.68753608,15.65230592
2024-02-26 00:00:00,42.99000168,60.70999908,505.9899902,508.4200134,65.41000366,73.94999695,41.43999863,64.19999695,28.21999931,93.90000153,93.58999634,58.29425955,38.39817531,15.8408314
2024-02-27 00:00:00,42.72999954,60.34000015,506.9299927,509.3200073,65.51999664,74.08000183,41.56999969,63.61999893,28.71999931,93.69000244,92.93000031,57.3342104,38.05367947,15.22147179
2024-02-28 00:00:00,41.99000168,60.40000153,506.2600098,508.6799927,65.19000244,73.62000275,40.93000031,64.15000153,28.19000053,94.02999878,93.51999664,58.33565545,37.28409283,15.57308367
2024-02-29 00:00:00,43.04999924,60.02000046,508.0799866,510.4500122,65.22000122,74.01000214,41.02000046,64.11000061,28.09000015,94.22000122,94.18000031,59.64290231,37.48258829,15.52488285
2024-03-01 00:00:00,43.81999969,59.52999878,512.8499756,515.3900146,65.76999664,74.98999786,41.56999969,64.93000031,28.28000069,94.40000153,94.47000122,63.37983627,39.95959797,15.68082802
2024-03-04 00:00:00,45.61000061,59.81000137,512.2999878,514.7800293,65.68000031,74.62000275,41.40000153,65.59999847,28.12999916,94.19000244,94.08999634,63.23824979,40.76619906,16.07859404
2024-03-05 00:00:00,43.15999985,59.52000046,507.1799927,509.5799866,65.41000366,74.61000061,41.11999893,64.30999756,27.97999954,94.76999664,95.43000031,63.7136708,40.74121181,15.83957394
2024-03-06 00:00:00,44.50999832,59.54999924,509.75,512.3400269,66.11000061,75.79000092,41.63000107,65.08000183,28.25,95,95.98999786,65.43005955,41.29081428,15.49993644
2024-03-07 00:00:00,46.15000153,59.43999863,514.8099976,517.4299927,67.13999939,76.15000153,41.83000183,65.87999725,28.28000069,95.16000366,95.90000153,65.58755046,41.83594238,16.02119194
2024-03-08 00:00:00,44,59.52000046,511.7200012,514.289978,66.83999634,76.12000275,41.75999832,66.26999664,27.69000053,95.23000336,95.73000336,66.12841315,42.29142702,16.14763577
2024-03-11 00:00:00,44.86000061,60.24000168,511.2799988,514.039978,66.84999847,75.02999878,41.86999893,66.23000336,27.71999931,95.11000061,95.68000031,65.68967997,42.03625313,16.22316558
2024-03-12 00:00:00,45.24000168,60.5,516.7800293,519.4000244,67.5,75.55999756,42.22999954,67.22000122,27.88999939,94.72000122,94.87999725,66.40659683,41.21567737,16.56318979
2024-03-13 00:00:00,43.22999954,61.11999893,515.9699707,518.5700073,67.62000275,75.20999908,41.99000168,67.08999634,28.18000031,94.51000214,94.41999817,65.64299812,41.45873566,17.01855507
2024-03-14 00:00:00,42.75,60.5,514.9500122,517.4400024,67.12000275,74.80000305,41.75999832,67.05000305,28.09000015,93.80999756,92.97000122,66.31503332,41.47890115,17.2060627
2024-03-15 00:00:00,42.63999939,59.88000107,509.8299866,513.2299805,66.69000244,74.52999878,41.59999847,65.58999634,27.93000031,93.65000153,92.94000244,61.75357436,41.23277875,17.51277836
2024-03-18 00:00:00,42.70999908,60.13000107,512.8599854,516.8499756,66.30000305,75.16000366,41.68999863,65.76000214,27.92000008,93.54000092,92.66000366,61.81091581,41.18605822,16.83090231
2024-03-19 00:00:00,42.04999924,60.22999954,515.710022,519.8400269,66.41000366,75.37000275,41.52000046,65.27999878,27.72999954,93.80999756,92.91999817,60.39047251,41.04515782,16.64715238
2024-03-20 00:00:00,42.20000076,60.75,520.4799805,524.6699829,67.20999908,76.05999756,41.84999847,66.83000183,28.47999954,94.02999878,92.88999939,60.67158315,41.14728962,16.53523231
2024-03-21 00:00:00,42.41999817,60.47000122,522.2000122,524.6199951,67.04000092,76.37999725,41.88000107,67.52999878,28.29999924,94.04000092,93.08999634,62.45600548,41.59467578,16.99622444
2024-03-22 00:00:00,42.56999969,60.49000168,521.210022,523.9199829,66.87999725,76.13999939,41.61000061,67.05000305,28.05999947,94.5,93.98000336,60.58725674,39.82171838,16.61243069
2024-03-25 00:00:00,41.83000183,60.40000153,519.7700195,522.2800293,66.94999695,75.75,41.61000061,67.51999664,28.09000015,94.25,93.51000214,60.09221345,39.49456796,16.62929177
2024-03-26 00:00:00,41.99000168,60.54000092,518.8099976,521.1799927,67.05000305,75.88999939,41.52000046,67.40000153,28.18000031,94.38999939,93.76999664,61.98895268,39.99898782,16.65676649
2024-03-27 00:00:00,43.77000046,61.02999878,523.1699829,525.7199707,67.45999908,76.30999756,41.63000107,67.30000305,28.34000015,94.75,94.69999695,63.90018821,39.96918887,16.59384334
2024-03-28 00:00:00,44.16999817,61.18000031,523.0700073,525.7299805,67.33999634,76.02999878,41.77000046,67.11000061,28.44000053,94.66000366,94.62000275,63.71435875,40.56270562,16.72975044
2024-03-29 00:00:00,44.16999817,61.18000031,523.0700073,525.7299805,67.33999634,76.02999878,41.77000046,67.11000061,28.44000053,94.66000366,94.62000275,63.76262766,40.59343523,16.74242461
2024-04-01 00:00:00,44.52000046,60.68000031,522.1599731,524.8800049,67.22000122,75.29000092,41.93999863,66.59999847,28.07999992,93.52999878,92.55000305,63.818223,40.6288291,16.75702251
2024-04-02 00:00:00,43.93999863,60.15000153,518.8400269,521.4500122,66.63999939,75.06999969,42.08000183,66.66999817,28.28000069,93.33000183,92.04000092,62.72738576,40.45916381,16.25893839
2024-04-03 00:00:00,40.33000183,59.83000183,519.4099731,522.0300293,67.11000061,75.37999725,42.13999939,66.5,28.30999947,93.44000244,92.01999664,63.51322824,39.42850901,16.55116997
2024-04-04 00:00:00,39.72999954,59.29999924,513.0700073,515.6099854,66.58999634,74.80000305,41.99000168,66.11000061,28.22999954,93.76000214,92.68000031,64.3977708,40.04301465,16.54858236
2024-04-05 00:00:00,38.70999908,59.50999832,518.4299927,520.9899902,66.76000214,75.05000305,42.11999893,66.09999847,28.27000046,93.13999939,91.38999939,64.71779785,40.32222171,16.55865531
2024-04-08 00:00:00,37.97999954,59.27000046,518.7199707,521.1300049,67.09999847,75.30000305,42.38000107,66.23999786,28.71999931,92.93000031,91.37999725,64.38905883,40.27472503,16.99366141
2024-04-09 00:00:00,38.33000183,59.72000122,519.3200073,521.7800293,66.95999908,75.61000061,42.75,65.87000275,28.87999916,93.30000305,92.23000336,63.1036658,38.2925956,16.65886142
2024-04-10 00:00:00,37.20000076,58.91999817,514.1199951,516.7199707,66.16999817,74.18000031,42.27999878,63.34999847,28.26000023,92.05999756,90.22000122,63.1346755,39.68103099,16.55700526
2024-04-11 00:00:00,37.63000107,59.04999924,518,520.5900269,66.20999908,74.90000153,42.41999817,64.91999817,28.20999908,91.93000031,89.80999756,61.68505554,38.9292881,16.27382156
2024-04-12 00:00:00,35.68999863,58.27999878,510.8500061,513.3099976,65.06999969,73.62000275,41.59999847,62.61000061,27.64999962,92.30999756,90.29000092,62.14611501,38.60591993,16.39653054
2024-04-15 00:00:00,36.31000137,58.13999939,504.4500122,506.9500122,64.97000122,73.20999908,41.34000015,62.25999832,27.23999977,91.72000122,88.88999939,61.8730115,38.19552472,16.2751567
2024-04-16 00:00:00,36.25999832,58.06000137,503.5299988,505.980011,64.44999695,72.04000092,40.83000183,61.29000092,26.70000076,91.36000061,88.30000305,60.3699367,37.27999184,15.90778951
2024-04-17 00:00:00,35.68000031,58.50999832,500.5499878,503.0400085,64.66999817,71.75,40.90000153,60.88000107,26.80999947,91.94000244,89.27999878,60.1660769,36.29854226,16.1354479
2024-04-18 00:00:00,35.04000092,58.90999985,499.519989,501.8800049,64.51999664,71.73999786,41.00999832,61.79999924,26.75,91.62000275,88.83000183,61.02345276,37.61037292,16.18989563
2024-04-19 00:00:00,34.20000076,60.16999817,495.1600037,497.5299988,64.68000031,71.43000031,40.88999939,61.31999969,27.06999969,91.73999786,89.15000153,60.13607216,38.12141907,16.04457768
2024-04-22 00:00:00,34.40999985,60.54999924,499.7200012,502.1199951,65.40000153,72.30000305,41.24000168,62.68000031,27.29999924,91.75,89,60.57943311,38.73618501,16.1132629
2024-04-23 00:00:00,34.27999878,60.63999939,505.6499939,508.1700134,66.31999969,72.56999969,41.58000183,62.99000168,27.48999977,91.87000275,89.02999878,63.72730479,39.6443117,16.10472974
2024-04-24 00:00:00,34.5,61.54999924,505.4100037,507.9700012,66.01000214,72.69999695,41.70999908,63.15999985,27.30999947,91.58999634,88.40000153,64.75716496,40.72229412,16.36363745
2024-04-25 00:00:00,35.11000061,61.74000168,503.4899902,505.8200073,65.88999939,72.01999664,41.84000015,62.90000153,27.25,91.23999786,87.77999878,65.91078566,41.17866666,16.37179062
2024-04-26 00:00:00,31.87999916,61.74000168,508.2600098,510.769989,66.38999939,72.51000214,42.31999969,63.34000015,27.76000023,91.48999786,88.23999786,67.04861221,43.15628958,16.6620805
2024-04-29 00:00:00,31.36000061,62.04000092,510.0599976,512.5900269,66.59999847,73.30999756,42.74000168,64.01999664,28.02000046,91.86000061,88.98000336,67.3063679,43.28625147,16.83910245
2024-04-30 00:00:00,30.46999931,61.77000046,501.980011,504.4400024,65.62000275,72.41000366,42.16999817,63.04999924,27.37999916,91.43000031,88.22000122,67.57180817,43.45696213,17.13158854
2024-05-01 00:00:00,30.37000084,61.93000031,500.3500061,502.8599854,65.54000092,72.34999847,42.22000122,63.09000015,27.45000076,91.51999664,88.55999756,67.69668911,43.2784184,16.71183949
2024-05-02 00:00:00,30.51000023,61.99000168,505.0299988,507.4599915,66.19000244,73.87999725,43.25,64.45999908,27.84000015,91.94999695,88.94000244,63.82525405,41.06634715,15.82465041
2024-05-03 00:00:00,30.89999962,62.16999817,511.2900085,513.8400269,66.79000092,74.68000031,43.63000107,65.18000031,28.26000023,92.45999908,89.83999634,59.25433642,37.5590979,14.54709635
2024-05-06 00:00:00,30.96999931,62.34999847,516.5700073,519.1900024,67.33000183,75.16999817,43.54999924,65.75,28.45999908,92.54000092,90.19000244,59.25656694,37.56051174,14.54764395
2024-05-07 00:00:00,30.68000031,62.61999893,517.1400146,519.8599854,67.76999664,74.79000092,43.24000168,65.69000244,28.61000061,92.77999878,90.73999786,58.77993722,36.17226906,14.44378799
2024-05-08 00:00:00,30,62.84999847,517.1900024,519.8099976,68.01999664,74.20999908,43.20000076,65.83000183,28.60000038,92.51999664,90.19000244,59.19416058,35.87903714,14.20159798
2024-05-09 00:00:00,30.09000015,62.88000107,520.1699829,522.6599731,68.62000275,74.43000031,43.36999893,65.09999847,28.54000092,92.80000305,90.62999725,60.59243196,36.1680599,14.46722396
2024-05-10 00:00:00,29.85000038,63.25999832,520.8400269,523.3900146,68.93000031,74.19000244,43.45999908,64.87999725,28.43000031,92.5,90.12000275,61.87684774,37.57703304,14.60494018
2024-05-13 00:00:00,30.51000023,63.58000183,520.9099731,523.5700073,68.97000122,74.08000183,43.79999924,65.02999878,28.45999908,92.61000061,90.34999847,62.23858838,38.25732143,14.42632874
2024-05-14 00:00:00,31.04999924,63.09999847,523.2999878,525.960022,69.55000305,74.47000122,44.02000046,65.56999969,28.48999977,92.87999725,90.86000061,59.29201336,37.05750835,13.56681662
2024-05-15 00:00:00,31.27000046,63.13000107,529.7800293,532.4799805,70.30999756,75.34999847,44.40000153,66.91999817,28.44000053,93.58000183,92.09999847,51.66251544,31.84072206,12.39648665
2024-05-16 00:00:00,32.02999878,63.31999969,528.6900024,531.2299805,69.90000153,74.86000061,44.56999969,66.37000275,28.32999992,93.40000153,92.01000214,53.10778694,33.88238736,12.16974138
2024-05-17 00:00:00,31.82999992,63.02999878,529.4500122,532.1300049,70.08999634,75.15000153,44.88999939,65.45999908,28.48999977,93.11000061,91.38999939,52.46210933,33.70753884,12.84941518
2024-05-20 00:00:00,32.09999847,62.56999969,530.0599976,532.75,70.05999756,75.29000092,44.79000092,65.23999786,28.46999931,92.97000122,91.12000275,53.43074851,34.11689887,12.90978371
2024-05-21 00:00:00,31.73999977,62.90999985,531.3599854,534.0499878,70.05000305,74.98999786,44.52999878,64.84999847,28.32999992,93.20999908,91.58999634,53.19486834,34.50993251,12.96505752
2024-05-22 00:00:00,31.42000008,63,529.8300171,532.5300293,69.5,74.08000183,44.40000153,64.54000092,27.79999924,93.08999634,91.69999695,51.22664331,34.70191966,12.73674854
2024-05-23 00:00:00,30.07999992,62.09000015,525.960022,528.6400146,69.18000031,73.55999756,44.06000137,63.88000107,27.55999947,92.76000214,91.11000061,50.43887732,34.60119705,12.7973545
2024-05-24 00:00:00,30.71999931,62,529.4400024,532.1500244,69.72000122,74.26999664,44.20000076,64.09999847,27.48999977,92.87999725,91.37999725,50.96665412,33.76620173,12.6940608
2024-05-27 00:00:00,30.71999931,62,529.4400024,532.1500244,69.72000122,74.26999664,44.20000076,64.09999847,27.48999977,92.87999725,91.37999725,51.13542219,33.87801321,12.73609519
2024-05-28 00:00:00,31.05999947,61.81999969,529.8099976,532.5599976,69.58999634,74.5,44.08000183,64.73000336,27.59000015,92.36000061,90.06999969,50.13155919,33.01658102,12.55524145
2024-05-29 00:00:00,30.12999916,61.70000076,526.0999756,528.75,68.55999756,73.05999756,43.52999878,63.15000153,27.09000015,91.91000366,88.98000336,48.99208832,32.59760043,12.10768016
2024-05-30 00:00:00,30.19000053,61.97000122,522.6099854,525.3200073,69.20999908,73.58999634,43.45000076,62.49000168,27.18000031,92.37000275,89.83999634,46.72861614,32.82431324,12.10118782
2024-05-31 00:00:00,30.85000038,62.93000031,527.3699951,529.960022,69.84999847,74.26000214,43.08000183,62.18000031,27.05999947,92.80000305,90.44999695,47.22986127,32.46257311,12.09389979
2024-06-03 00:00:00,30.29000092,62.93000031,527.7999878,530.289978,69.94000244,74.69000244,43.50999832,63.20999908,26.28000069,93.12999725,91.59999847,47.78896719,33.00624667,12.00458856
2024-06-04 00:00:00,30.03000069,63.93999863,528.3900146,531.0700073,69.72000122,74.63999939,42.83000183,62.99000168,26.09000015,93.63999939,92.66999817,48.03812206,32.34566885,11.46509846
2024-06-05 00:00:00,30.78000069,63.91999817,534.6699829,537.4299927,70.38999939,74.80999756,43.38000107,64.18000031,26.34000015,93.98000336,93.34999847,47.1963231,32.06028985,11.31689913
2024-06-06 00:00:00,30.42000008,64.15000153,534.6599731,537.4099731,70.66999817,74.91000366,43.58000183,64.69000244,26.54999924,93.94000244,93.20999908,48.74803283,32.81855754,11.27218292
2024-06-07 00:00:00,30.73999977,63.90999985,534.0100098,536.7299805,69.75,74.12000275,43.22000122,63.65999985,25.63999939,92.94999695,91.5,47.84688907,32.30304676,11.13015869
2024-06-10 00:00:00,30.90999985,63.59000015,535.6599731,538.3300171,69.54000092,74.58999634,43.45000076,64.18000031,25.60000038,92.75,90.88999939,46.84436893,32.1418564,10.65454804
2024-06-11 00:00:00,30.92000008,63.54999924,536.9500122,538.0499878,68.69999695,73.80000305,43.34999847,63.77999878,24.78000069,93.23999786,91.83000183,46.32398715,32.00682079,10.74105636
2024-06-12 00:00:00,30.76000023,62.88000107,541.3599854,542.5300293,69.77999878,74.45999908,43.68999863,65.37000275,24.39999962,93.76000214,92.51999664,47.45827359,32.48821414,10.70199995
2024-06-13 00:00:00,30.45999908,62.99000168,542.4500122,543.6699829,68.70999908,73.48999786,43.63999939,64.83999634,24.39999962,94.37999725,93.87999725,49.20151473,30.07114685,10.99196389
2024-06-14 00:00:00,30.45000076,62.54999924,542.7800293,543.8599854,67.58999634,73.54000092,43.75999832,64.51999664,24.29000092,94.59999847,94.66999817,48.46938729,30.35714257,11.00765296
2024-06-17 00:00:00,30.97999954,62.61999893,547.0999756,548.3099976,68.12999725,73.43000031,44,65.04000092,24.29000092,94.16000366,93.73000336,48.82998359,30.2492236,11.28797023
2024-06-18 00:00:00,30.62999916,62.63000107,548.4899902,549.6400146,68.47000122,73.68000031,44.34999847,65.62999725,24.46999931,94.56999969,94.58999634,48.76585116,30.96345439,11.10106599
2024-06-19 00:00:00,30.62999916,62.63000107,548.4899902,549.6400146,68.47000122,73.68000031,44.34999847,65.62999725,24.46999931,94.56999969,94.58999634,48.47891869,31.51447401,11.1571404
2024-06-20 00:00:00,30.62000084,62.18000031,547,547.9400024,68.63999939,73.48000336,44.27000046,65.36000061,24.64999962,94.33000183,93.95999908,50.82438477,31.74138674,11.56429681
2024-06-21 00:00:00,31.09000015,62.77000046,544.5100098,547.0100098,67.05999756,72.88999939,43.95000076,65.12000275,24.77000046,94.34999847,93.95999908,49.43914004,32.47410863,11.26781937
2024-06-24 00:00:00,30.56999969,63.97000122,542.7399902,545.6099854,67.66000366,73.30000305,43.91999817,64.98000336,24.95000076,94.43000031,94.33999634,51.56723843,32.92467061,11.69110185
2024-06-25 00:00:00,30.73999977,63.84000015,544.8300171,547.6799927,67.52999878,73.77999878,43.79000092,65.02999878,24.85000038,94.51000214,94.5,50.6069036,32.59642663,11.93511185
2024-06-26 00:00:00,30.54000092,64.05000305,545.5100098,548.5200195,66.93000031,73.51000214,43.66999817,65.23999786,24.71999931,93.94000244,93.15000153,50.16520875,32.21735277,12.0497973
2024-06-27 00:00:00,30.59000015,63.90999985,546.3699951,549.3200073,66.86000061,73.81999969,43.65000153,65.79000092,24.80999947,94.15000153,93.51999664,50.48719883,32.31180725,12.11692772
2024-06-28 00:00:00,30.96999931,63.65000153,544.2199707,547.2299805,66.76999664,74.18000031,43.75999832,66.08999634,24.76000023,93.65000153,91.77999878,51.02556776,32.49955617,12.39282687
2024-07-01 00:00:00,30.84000015,63.27999878,545.3400269,548.4099731,67.16999817,73.80999756,43.86000061,66.12000275,24.63999939,92.66999817,89.91000366,51.85934937,33.076146,12.40829798
2024-07-02 00:00:00,31.06999969,63.15000153,549.0100098,551.9099731,66.98999786,74.47000122,44.02000046,66.16000366,24.62999916,93.01999664,90.61000061,51.2784826,32.62601359,12.46870132
2024-07-03 00:00:00,31.22999954,63.33000183,551.460022,554.3300171,67.83000183,75.26000214,44.66999817,66.84999847,25.17000008,93.63999939,91.80000305,51.96700691,33.56599103,13.04568574
2024-07-04 00:00:00,31.22999954,63.33000183,551.460022,554.3300171,67.83000183,75.26000214,44.66999817,66.84999847,25.17000008,93.63999939,91.80000305,51.50105081,34.10032448,13.30868739
2024-07-05 00:00:00,32.02000046,63.75999832,554.6400146,557.7600098,68.38999939,75.75,44.65999985,68.95999908,25.38999939,94.16000366,92.55999756,53.19148918,35.14209897,13.39354044
2024-07-08 00:00:00,33.99000168,62.95999908,555.2800293,558.4099731,68.05000305,75.26000214,44.65999985,68.20999908,25.51000023,94.19000244,92.76000214,56.09250741,36.75467951,13.67735112
2024-07-09 00:00:00,34.59000015,62.68999863,555.8200073,558.9299927,67.51000214,75.54000092,44.84999847,68.12999725,25.85000038,94.05999756,92.34999847,54.65846552,36.58849216,13.43073197
2024-07-10 00:00:00,34.86999893,62.83000183,561.3200073,564.25,68.34999847,76.66000366,45.02999878,68.80000305,26.12999916,94.15000153,92.63999939,55.81841326,37.59590721,13.42710972
2024-07-11 00:00:00,33.5,63.09999847,556.4799805,559.460022,68.68000031,76.76000214,45.38000107,68.84999847,26.22999954,94.75,93.54000092,55.84474218,37.59398639,13.82944593
2024-07-12 00:00:00,34.49000168,63.70000076,559.9899902,563.039978,69.5,77.36000061,45.59000015,68.65000153,26.51000023,94.94999695,93.94000244,56.73520879,38.06040772,14.08687416
2024-07-15 00:00:00,34.45999908,63.40999985,561.5300293,564.6099854,68.75,76.91000366,45.11999893,67.61000061,26.36000061,94.65000153,92.86000061,58.54512234,39.28941765,14.23755135
2024-07-16 00:00:00,34.34000015,64.26999664,564.8599854,567.960022,69.01000214,77.52999878,45.40999985,68.23000336,26.48999977,95.06999969,94.16999817,58.81895229,39.68820155,14.47452056
2024-07-17 00:00:00,34.45999908,65.20999908,556.9400024,560.0300293,68.63999939,77.05999756,44.75,67.08000183,26.19000053,95.15000153,94.19000244,58.52939579,39.64685236,14.40523932
2024-07-18 00:00:00,34.86999893,65.19000244,552.6599731,555.5999756,68.08000183,76.06999969,44.36000061,65.97000122,25.51000023,94.87999725,93.47000122,58.40346702,39.86784553,14.07406488
2024-07-19 00:00:00,32.97999954,65.29000092,548.9899902,551.9799805,67.66999817,75.55000305,43.93000031,65.23000336,25.54000092,94.58000183,92.91999817,56.85792415,38.72555654,14.03963321
2024-07-22 00:00:00,33.36999893,64.76999664,554.6500244,557.710022,68.62000275,75.91999817,44.27000046,65.79000092,25.62999916,94.48999786,92.65000153,56.25897145,38.28196678,14.04534322
2024-07-23 00:00:00,32.95000076,64.95999908,553.7800293,556.7800293,68.02999878,75.80000305,43.81000137,65.48999786,25.32999992,94.55999756,92.51999664,56.32072447,36.92208229,13.96702237
2024-07-24 00:00:00,31.70000076,65.80999756,541.2299805,544.210022,67.40000153,74.5,43.34999847,64.51000214,24.95999908,94.34999847,91.51999664,56.76686954,36.8339574,13.54663932
2024-07-25 00:00:00,31.10000038,66.06999969,538.4099731,541.3400269,67.16999817,73.70999908,43.24000168,64.05999756,24.77000046,94.55999756,92.26999664,57.14654415,37.53870056,13.75129031
2024-07-26 00:00:00,31.35000038,67.05000305,544.4400024,547.3900146,68.12000275,74.62999725,43.72000122,65.05000305,24.89999962,95.01000214,92.98999786,59.1411674,38.89174595,13.70532271
2024-07-29 00:00:00,30.82999992,66.83000183,544.7600098,547.7700195,67.61000061,74.69000244,43.56999969,65.05000305,24.73999977,95.16999817,93.48999786,57.97194695,39.24848795,13.56324797
2024-07-30 00:00:00,30.12999916,67.68000031,542,544.8200073,67.86000061,74.70999908,43.45000076,64.51999664,24.59000015,95.37000275,93.84999847,58.77208557,39.41716461,13.683479
2024-07-31 00:00:00,30.73999977,66.73999786,550.8099976,553.3200073,68.45999908,76.61000061,44.29000092,66.55000305,24.79999924,96.06999969,94.80999756,58.53658905,39.79461098,13.73555927
2024-08-01 00:00:00,29.04999924,67.95999908,543.0100098,546.0499878,67.04000092,73.95999908,43.56000137,65.31999969,24.28000069,96.19000244,95.30999756,56.36101732,37.46690205,13.21302755
2024-08-02 00:00:00,21.47999954,69.33000183,532.9000244,535.7700195,66.52999878,71.61000061,43.09000015,63.54999924,23.84000015,97.68000031,98.27999878,52.82519108,35.70473759,12.62713001
2024-08-05 00:00:00,20.11000061,68.09999847,517.3800049,520.1799927,65.05999756,69.63999939,41.90000153,60.11000061,23.39999962,97.77999878,98.80000305,51.98276008,35.74214377,12.53212912
2024-08-06 00:00:00,19.82999992,68.05000305,522.1500244,525.1199951,65.23000336,69.61000061,42.18999863,59.43999863,23.93000031,96.91000366,96.58999634,50.89904919,35.36077161,12.48177689
2024-08-07 00:00:00,18.98999977,68.45999908,518.6599731,521.4899902,65.33000183,70.30000305,42.52000046,59.95999908,24.26000023,96.55999756,95.91000366,50.42176974,35.64406867,12.58324417
2024-08-08 00:00:00,20.48999977,68.73000336,530.6500244,533.5700073,66.23999786,71.83999634,43.43999863,61.47000122,24.77000046,96.26999664,95.31999969,50.65810995,35.37825451,12.68037796
2024-08-09 00:00:00,19.70999908,68.68000031,532.9899902,535.8499756,66.66000366,72.01000214,43.54999924,62.22000122,25.26000023,96.66000366,96.26000214,50.92610035,35.69288635,12.74745941
2024-08-12 00:00:00,19.36000061,68.16999817,533.2700195,536.1099854,66.5,72.22000122,43.74000168,62.25999832,25.37000084,96.93000031,96.61000061,52.34033453,35.95608852,13.23490067
2024-08-13 00:00:00,20.46999931,68.45999908,542.039978,545.0300293,67.38999939,73.84999847,44.06999969,63.59000015,25.70999908,97.36000061,97.27999878,51.14877035,35.50401537,12.15820958
2024-08-14 00:00:00,19.92000008,68.58000183,543.75,546.8099976,67.76000214,73.88999939,43.79000092,63.70999908,25.84000015,97.48999786,97.88999939,52.56047313,38.60010266,13.0468347
2024-08-15 00:00:00,20.69000053,68.65000153,553.0700073,556.1699829,68.44999695,74.94999695,44.27000046,64.33999634,26.22999954,96.87999725,97.09999847,55.35599716,39.5766515,12.95702367
2024-08-16 00:00:00,20.87000084,69.18000031,554.3099976,557.4299927,68.81999969,75.52999878,44.72999954,65.54000092,26.30999947,97.06999969,97.44000244,55.74558907,39.09263916,12.9365773
2024-08-19 00:00:00,21.52000046,68.98000336,559.6099854,562.6099854,69.58999634,76.62000275,45.18999863,66.27999878,26.70000076,97.19999695,97.88999939,56.64383546,39.61831691,13.30968294
2024-08-20 00:00:00,20.98999977,69.37999725,558.7000122,561.7700195,69.40000153,76.30999756,44.75,66.31999969,26.37999916,97.58999634,98.66999817,56.05351769,39.55572685,13.35411731
2024-08-21 00:00:00,21.40999985,69.56999969,560.6199951,563.960022,69.98999786,77.04000092,44.95999908,66.38999939,26.32999992,97.79000092,98.73000336,56.31306152,39.88841858,13.81755676
2024-08-22 00:00:00,20.10000038,69.33000183,556.2199707,559.1900024,69.58000183,76.31999969,44.43000031,65.12999725,25.78000069,97.33999634,97.75,56.69468526,39.14944779,13.43389078
2024-08-23 00:00:00,20.54000092,69.79000092,562.1300049,565.2299805,70.76999664,78.12999725,45.06999969,67.20999908,26.29000092,97.79000092,98.38999939,57.04069064,39.48970891,13.41209351
2024-08-26 00:00:00,20.12999916,70.83999634,560.789978,563.6300049,70.55000305,77.40000153,44.77999878,66.08999634,26.43000031,97.66999817,98.13999939,57.54112632,39.83616437,13.52976196
2024-08-27 00:00:00,20.06999969,71.5,561.5599976,564.6599731,70.84999847,77.88999939,44.83000183,66.18000031,26.22999954,97.62999725,97.97000122,59.16496155,40.89439929,13.45557654
2024-08-28 00:00:00,19.61000061,71.75,558.2999878,561.3599854,70.55000305,77.48999786,44.54000092,65.51000214,26.04000092,97.58000183,97.84999847,60.18905511,41.03196598,13.52265115
2024-08-29 00:00:00,20.12999916,72.05000305,558.3499756,561.4500122,70.76999664,77.62999725,44.59999847,65.41000366,25.79999924,97.41000366,97.52999878,60.82275511,41.56001705,13.51030396
2024-08-30 00:00:00,22.04000092,72.47000122,563.6799927,566.75,70.93000031,77.81999969,44.72000122,65.5,25.93000031,97.06999969,96.48999786,59.90625846,41.47356355,13.45586729
2024-09-02 00:00:00,22.04000092,72.47000122,563.6799927,566.75,70.93000031,77.81999969,44.72000122,65.5,25.93000031,97.06999969,96.48999786,60.06301832,40.43586807,13.4961274
2024-09-03 00:00:00,20.10000038,73.01000214,552.0800171,555.2600098,69.59999847,76.51000214,44.04000092,63.24000168,25.45000076,97.41999817,97.75,58.61325815,38.50601937,13.14198613
2024-09-04 00:00:00,19.43000031,72.55999756,550.9500122,554.0999756,69.41999817,76.19999695,44.02000046,63.25999832,25.54000092,97.98999786,99.01000214,57.96417227,37.37508845,12.9698114
2024-09-05 00:00:00,19.39999962,71.16999817,549.6099854,552.5599976,69.26000214,76.48999786,44.13999939,62.84000015,25.68000031,98.22000122,99.56999969,56.85104117,38.05404952,13.05273616
2024-09-06 00:00:00,18.88999939,71.13999939,540.3599854,543.3699951,68.34999847,74.29000092,43.5,60.5,25.27000046,98.36000061,99.55999756,53.43471323,37.42406549,12.74263075
2024-09-09 00:00:00,19.06999969,71.84999847,546.4099731,549.4699707,68.80000305,75.63999939,43.79999924,61.65000153,25.37999916,98.5,99.98999786,54.10942416,37.56139638,13.04142189
2024-09-10 00:00:00,18.97999954,71.55000305,548.789978,551.5,68.47000122,75.37999725,43.70000076,61.27999878,25.02000046,98.91999817,100.6900024,53.59266639,37.31879574,13.07138205
2024-09-11 00:00:00,19.63999939,71.08000183,554.4199829,557.4500122,68.83999634,75.86000061,43.97000122,61.65999985,25.35000038,98.84999847,100.6100006,53.1059119,37.01717504,12.59630373
2024-09-12 00:00:00,19.36000061,71.23000336,559.0900269,562.1699829,69.31999969,76.55000305,44.25999832,62.50999832,25.62000084,98.69000244,100.1399994,53.00560917,37.03220911,12.85695711
2024-09-13 00:00:00,19.65999985,71.41000366,562.0100098,565.0499878,69.75,76.5,44.45999908,63.29999924,25.88999939,98.87999725,100.4100037,53.64553469,37.09880918,13.26364505
2024-09-16 00:00:00,20.90999985,72.09999847,562.8400269,565.9899902,70.26000214,77.19999695,44.63000107,63.52000046,26.07999992,99.13999939,101.3300018,52.61767954,37.04915264,12.96720342
2024-09-17 00:00:00,21.46999931,71.80000305,563.0700073,566.2000122,70,76.55000305,44.68000031,63.22000122,26.11000061,98.95999908,100.8399963,52.18241394,37.12217295,13.07863033
2024-09-18 00:00:00,20.77000046,71.75,561.4000244,564.5100098,69.83000183,76.33000183,44.52000046,63.25999832,26.04000092,98.52999878,99.58999634,51.81380954,36.80294731,12.79873517
2024-09-19 00:00:00,21.13999939,70.62000275,570.9799805,574.1900024,71.04000092,78.02999878,45.45000076,63.90999985,26.20000076,98.44999695,99.26000214,53.39863608,38.01930084,13.08233581
2024-09-20 00:00:00,21.84000015,71.63999939,568.25,572.9899902,69.80999756,77.23000336,45.29000092,63.31999969,25.54999924,98.41999817,98.87999725,51.86542726,36.59135777,12.84350017
2024-09-23 00:00:00,22.55999947,71.73000336,569.6699829,574.5800171,70.02999878,77.73000336,45.65999985,63.68999863,25.54000092,98.36000061,98.66999817,51.72482659,36.01432585,12.86130823
2024-09-24 00:00:00,22.80999947,71.33000183,571.2999878,576.25,70.69999695,77.83999634,47.25,65.04000092,26.18000031,98.47000122,98.65000153,51.39706546,35.64419864,12.64234311
2024-09-25 00:00:00,23.54000092,71.44999695,570.039978,572.6599731,70.29000092,77.18000031,46.77000046,63.36000061,25.95999908,98.06999969,97.83000183,50.82242246,35.24672627,12.50083892
2024-09-26 00:00:00,23.92000008,71.40000153,572.2999878,575.1099854,71.72000122,79.55999756,48.25999832,67.08000183,26.20999908,98,98.05999756,50.86632576,35.81948071,12.33042347
2024-09-27 00:00:00,23.90999985,71.79000092,571.4699707,574.0700073,71.68000031,78.37999725,48.25,66.33999634,26.12000084,98.38999939,98.56999969,50.63715351,36.28437092,12.55533131
2024-09-30 00:00:00,23.45999908,71.86000061,573.7600098,576.8200073,71.09999847,78.38999939,47.84999847,63.95999908,25.90999985,98.12000275,98.09999847,49.18361986,35.46573949,12.44646707
2024-10-01 00:00:00,22.69000053,71.70999908,568.6199951,571.3699951,70.30999756,78.23000336,48.20999908,63.47999954,25.90999985,98.19000244,98.48999786,47.61904778,34.51043351,12.14553241
2024-10-02 00:00:00,22.38999939,71.01000214,568.8599854,571.5999756,70.08999634,78.20999908,49.20999908,63.40000153,26.09000015,97.91000366,97.66000366,48.05203424,34.1142895,12.27848941
2024-10-03 00:00:00,22.26000023,70.51999664,567.8200073,570.5100098,69.29000092,77.52999878,48.47000122,62.70000076,25.78000069,97.41000366,96.73999786,48.48766409,33.2979581,12.2976921
2024-10-04 00:00:00,22.59000015,70.16999817,572.9799805,575.6900024,69.66999817,78.16000366,49.06000137,62.70000076,26.04999924,96.47000122,95.55000305,49.63235393,33.21953847,12.69695403
2024-10-07 00:00:00,22.37999916,69.01000214,567.7999878,570.5300293,69.26000214,77.66000366,49.49000168,63.02000046,25.88999939,96.12000275,94.83000183,48.7603183,33.46939749,12.67899528
2024-10-08 00:00:00,23.31999969,69.18000031,573.1699829,575.9400024,69.19000244,77.44000244,48.04000092,63.38999939,25.65999985,96.19999695,94.98999786,48.47890223,32.77723349,12.54825027
2024-10-09 00:00:00,23.45999908,69.56999969,577.1400146,579.8499756,69.44000244,77.22000122,47.70999908,63.56000137,25.32999992,95.83999634,94.44999695,49.56394252,33.19540139,12.20438426
2024-10-10 00:00:00,23.21999931,69.25,576.1300049,578.8300171,69.23999786,77.16999817,47.81000137,63.31000137,25.56999969,95.83000183,94.08000183,50.90106289,33.78157833,12.61091802
2024-10-11 00:00:00,23.55999947,69.56999969,579.5800171,582.3499756,69.66999817,77.44000244,48.15000153,63.38999939,25.55999947,95.86000061,93.69999695,51.72616782,34.41880106,13.06216359
2024-10-14 00:00:00,23.44000053,70.33999634,584.3200073,587.1500244,69.90000153,77.43000031,47.91999817,63.56999969,25.76000023,95.69000244,93.76999664,52.26139501,35.29764632,13.04903746
2024-10-15 00:00:00,22.65999985,70.33999634,579.7800293,582.4899902,68.87000275,76.19000244,46.95999908,62.09999847,25.37999916,96.18000031,94.91000366,52.72717729,35.34746334,13.30266827
2024-10-16 00:00:00,22.30999947,70.56999969,582.2999878,585.0800171,68.95999908,76.63999939,47.40000153,62.86999893,25.37999916,96.33000183,95.30999756,52.85163625,34.8859997,13.40563135
2024-10-17 00:00:00,22.44000053,69.90000153,582.3499756,585.25,69.04000092,76.30999756,47.25,62.38999939,25.29000092,95.83000183,93.80000305,53.00009108,35.33339405,13.43188583
2024-10-18 00:00:00,22.77000046,70.44000244,584.5900269,587.460022,69.55999756,76.62000275,47.83000183,62.06999969,25.27000046,95.94000244,93.87000275,53.55980901,36.18378348,13.66653693
2024-10-21 00:00:00,22.84000015,69.44999695,583.6300049,586.5900269,68.83000183,75.58000183,47.49000168,61.59000015,25.20000076,95.19999695,92.23000336,53.45046301,37.06942978,13.73135216
2024-10-22 00:00:00,22.39999962,69.44999695,583.3200073,586.1300049,68.55999756,74.80000305,47.43000031,60.88000107,25.19000053,95.11000061,92.31999969,53.87930769,37.84534504,13.78790958
2024-10-23 00:00:00,21.97999954,68.01000214,577.9899902,580.789978,68.12000275,73.73000336,47.13000107,61.22000122,25.20999908,94.88999939,92.06999969,52.71015835,37.52028513,13.37228155
2024-10-24 00:00:00,22.34000015,67.30000305,579.2399902,582.0300293,68.44000244,74.08000183,47.08000183,61.24000168,25.28000069,95.09999847,92.66000366,52.04230366,37.19152222,13.32696213
2024-10-25 00:00:00,22.68000031,66.91999817,579.039978,581.9000244,68.12000275,73.94999695,47.04000092,61.13999939,25.19000053,94.88999939,92.13999939,51.89346313,37.2335598,13.41446022
2024-10-28 00:00:00,22.92000008,66.66999817,580.8300171,583.6500244,68.76000214,74.44000244,47.18999863,61.72000122,25.38999939,94.66999817,91.88999939,48.91733992,33.49703939,12.78977868
2024-10-29 00:00:00,22.89999962,65.55999756,581.7700195,584.5499878,68.18000031,74.69000244,47.00999832,61.68000031,25.02000046,94.70999908,92.02999878,51.25011104,34.64248012,12.84496454
2024-10-30 00:00:00,22.29999924,65.91999817,580.0100098,582.6699829,67.63999939,74.48999786,46.66999817,60.79999924,24.89999962,94.56999969,92.30000305,53.16241668,34.22696594,13.17022416
2024-10-31 00:00:00,21.52000046,65.30999756,568.6400146,571.2399902,67.18000031,74.12000275,46.56999969,59.90999985,24.60000038,94.51999664,92.44999695,53.91184959,35.63884288,13.1669325
2024-11-01 00:00:00,23.20000076,65.01000214,571.039978,573.7199707,67.37999725,74.11000061,46.58000183,60.02000046,24.19000053,93.66999817,90.83999634,54.9443445,36.17814233,13.51682466
2024-11-04 00:00:00,22.52000046,65.11000061,569.8099976,572.5700073,67.41999817,74.26999664,46.72999954,60.90000153,24.59000015,94.16999817,92.25,55.18149168,36.52859309,13.88604673
2024-11-05 00:00:00,23.31999969,65.37000275,576.7000122,579.4899902,67.88999939,75.33000183,47.40999985,61.11999893,24.73999977,94.22000122,92.73999786,56.61135132,36.8556738,13.99090605
2024-11-06 00:00:00,25.04999924,63.70000076,591.039978,593.8800049,66.44000244,74.94000244,46.95999908,59.36999893,24.96999931,93.25,90.19999695,60.19617697,39.78295553,14.9479564
2024-11-07 00:00:00,26.22999954,63.65999985,595.6099854,598.5100098,67.5,76.12000275,47.97999954,60.72000122,25.20999908,94,91.33000183,60.80907278,40.13141138,14.68693707
2024-11-08 00:00:00,26.20000076,63.91999817,598.1900024,601.1300049,66.45999908,75.16999817,46.79000092,59.20000076,24.72999954,94.19999695,92.48999786,59.3939867,39.72581406,14.79981308
2024-11-11 00:00:00,25.04999924,63.36000061,598.7600098,601.5900269,66.48000336,75.06999969,46.52000046,58.36999893,24.68000031,93.94000244,92.04000092,62.38939816,41.33459091,15.1129598
2024-11-12 00:00:00,24.15999985,63.20000076,596.9000244,599.75,65.12999725,73.81999969,45.72999954,56.84999847,24.48999977,93.34999847,90.66000366,62.12179562,40.81369785,15.06373075
2024-11-13 00:00:00,24.92000008,63,597.1900024,600.2000122,64.76000214,73.18000031,45.49000168,55.88000107,24.31999969,93.29000092,89.80000305,61.53022946,39.10927628,14.85388148
2024-11-14 00:00:00,25.03000069,62.54999924,593.3499756,596.2299805,64.94999695,73.12000275,45.20999908,55.72000122,24.21999931,93.27999878,90.31999969,62.58100519,39.83582767,14.8161324
2024-11-15 00:00:00,24.35000038,61.74000168,585.75,588.6599731,64.76000214,73.06999969,45.11999893,56.20000076,24.09000015,93.31999969,90.08000183,62.26247815,40.41043851,14.64403352
2024-11-18 00:00:00,24.84000015,61.86000061,588.1500244,591.1099854,65.01999664,73.76000214,45.5,57.79000092,24.20999908,93.52999878,90.23999786,61.76344359,41.0704819,14.5103085
2024-11-19 00:00:00,24.20000076,62.59000015,590.2999878,593.1699829,64.81999969,73.83999634,45.56999969,57.52999878,24.12999916,93.73000336,90.69999695,61.87475863,41.52455625,14.6065004
2024-11-20 00:00:00,24.01000023,62.99000168,590.5,593.4400024,64.69000244,73.31999969,45.56000137,57.38999939,24.03000069,93.58999634,90.41000366,61.82242733,40.43212137,14.49716879
2024-11-21 00:00:00,24.44000053,63.75999832,593.6699829,596.4799805,64.56999969,73.76000214,45.40000153,58.00999832,23.87000084,93.54000092,90.33999634,62.64395285,40.11744051,14.60426699
2024-11-22 00:00:00,24.5,63.91999817,595.5100098,598.4500122,64.80999756,74.08999634,45.40999985,58.13000107,24.15999985,93.59999847,90.38999939,61.60254701,40.20840402,14.77454345
2024-11-25 00:00:00,24.87000084,64.37999725,597.5300293,600.2199707,65.16999817,74.43000031,45.43000031,58.74000168,24.20000076,94.61000061,92.73000336,62.780211,40.8039887,15.28890194
2024-11-26 00:00:00,24.04999924,64.55000305,600.6500244,603.7600098,64.79000092,74.05999756,45.18999863,58.59999847,24,94.41000366,92.37000275,62.66527772,39.47912496,14.96446832
2024-11-27 00:00:00,23.64999962,64.43000031,598.8300171,601.8200073,65.31999969,74.06999969,45.36000061,58.13999939,23.55999947,94.79000092,93.01000214,62.86935806,39.7334343,15.06349819
2024-11-28 00:00:00,23.64999962,64.43000031,598.8300171,601.8200073,65.31999969,74.06999969,45.36000061,58.13999939,23.55999947,94.79000092,93.01000214,63.32484019,40.8220191,15.46672773
2024-11-29 00:00:00,24.04999924,64.08000183,602.5499878,605.0700073,66,75.38999939,45.56999969,57.43000031,23.17000008,95.19000244,93.97000122,59.48450909,38.4713047,15.00761787
2024-12-02 00:00:00,23.93000031,63.65000153,603.6300049,606.710022,66.01000214,75.70999908,45.79999924,56.70999908,23.01000023,94.88999939,93.87000275,59.44367023,38.42245778,14.45446511
2024-12-03 00:00:00,22.46999931,63.52000046,603.9099731,606.960022,66.23999786,76.23999786,45.99000168,55.81000137,23.09000015,94.62000275,93.05999756,59.05212808,38.60857248,14.75986738
2024-12-04 00:00:00,21.95999908,62.20999908,607.6599731,610.7000122,66.45999908,75.90000153,46.06000137,56.20999908,23.14999962,94.98000336,94.05999756,58.68187964,38.7832725,14.44867015
2024-12-05 00:00:00,20.79999924,62.91999817,606.6599731,609.7299805,67.12000275,75.66000366,46.36000061,55.52000046,23.46999931,94.97000122,94.25,58.23479543,38.54800526,14.30150047
2024-12-06 00:00:00,20.92000008,62.52999878,607.8099976,610.8300171,67.18000031,75.44000244,46.38000107,54.95999908,23.09000015,95.26999664,94.38999939,58.88432571,39.10735825,14.29045391
2024-12-09 00:00:00,20.80999947,62.59999847,604.6799927,607.6799927,67.06999969,75.13999939,47.50999832,53.66999817,23.38999939,94.94000244,93.51999664,58.32803115,39.01284707,14.40670496
2024-12-10 00:00:00,20.15999985,62.90999985,602.7999878,605.9199829,66.54000092,74.61000061,46.63000107,53.93000031,23.40999985,94.76999664,93.08000183,57.75335698,39.52216482,14.35547019
2024-12-11 00:00:00,20.12000084,62.63999939,607.460022,610.5900269,66.83999634,75.43000031,46.70999908,55.5,23.78000069,94.48999786,92.19999695,58.27699556,40.32103531,14.28808795
2024-12-12 00:00:00,20.78000069,63.84000015,604.3300171,607.3499756,66.30999756,74.72000122,46.43000031,55.47999954,23.34000015,94.12999725,91.08000183,59.17197382,40.02246773,14.7834187
2024-12-13 00:00:00,20.34000015,63.11999893,604.210022,607.2399902,66.30999756,74.26000214,46.45000076,55.99000168,23.20000076,93.69000244,90.15000153,58.06214309,39.29970384,14.65498633
2024-12-16 00:00:00,20.82999992,62.54999924,606.789978,609.8300171,66.16000366,73.93000031,46.20999908,55.58000183,22.75,93.72000122,90.41999817,58.4016265,39.01860019,14.67301405
2024-12-17 00:00:00,20.44000053,63.40000153,604.289978,605.0499878,65.86000061,73.69999695,46.09999847,53.56999969,21.95000076,93.72000122,90.63999939,58.56599191,39.02284402,14.82233555
2024-12-18 00:00:00,19.29999924,62.84999847,586.2800293,587.2600098,64.33000183,71.77999878,45.02999878,52.11000061,20.95000076,92.69000244,89.16000366,60.37649333,39.9120398,14.8971053
2024-12-19 00:00:00,19.05999947,62.45000076,586.0999756,586.8300171,64.13999939,71.84999847,45.22000122,52.59000015,21.01000023,92.26999664,87.80999756,59.00539137,38.64570361,14.45286477
2024-12-20 00:00:00,19.52000046,62.54999924,591.1500244,593.3300171,63.27000046,70.62999725,44.40000153,52.34000015,21.28000069,92.61000061,88.30999756,58.49049339,38.68121305,14.14770054
2024-12-23 00:00:00,20.20000076,62.38000107,594.6900024,597.6400146,63.56999969,71.05999756,44.59000015,52.77000046,21.04000092,92.19999695,87.5,57.94733039,38.65250346,14.00289068
2024-12-24 00:00:00,20.39999962,62.84000015,601.2999878,604.3599854,63.91999817,71.19000244,44.77000046,52.70999908,21.17000008,92.25,87.87000275,58.91200602,39.42090616,14.71546704
2024-12-25 00:00:00,20.39999962,62.84000015,601.2999878,604.3599854,63.91999817,71.19000244,44.77000046,52.70999908,21.17000008,92.25,87.87000275,58.91939616,39.42585126,14.717313
2024-12-26 00:00:00,20.44000053,62.56999969,601.3400269,604.0700073,64.08999634,71.48999786,44.65999985,51.97000122,21.12999916,92.31999969,87.81999969,58.9556073,39.4500819,14.72635808
2024-12-27 00:00:00,20.29999924,62.45000076,595.0100098,597.5300293,63.88000107,71.63999939,44.5,51.45999908,21,92.08000183,87.09999847,57.63688779,38.27841135,14.68487663
2024-12-30 00:00:00,19.81999969,62.02999878,588.2199707,590.9799805,63.45999908,71.16000366,44.11000061,51.18999863,20.95999908,92.62000275,87.80000305,59.05749829,39.12008939,14.84299212
2024-12-31 00:00:00,20.04999924,62.25999832,586.0800171,588.6799927,63.47000122,71.04000092,44.04000092,50.88999939,20.90999985,92.44999695,87.33000183,59.10625502,39.15318804,15.05891848
2025-01-02 00:00:00,20.21999931,61.84000015,584.6400146,587.4500122,63.18999863,71.01000214,43.91999817,51.11999893,21.12000084,92.5,87.56999969,58.4022953,38.99745978,15.09821396
2025-01-03 00:00:00,20.55999947,61.75,591.9500122,594.6099854,63.45000076,71.58999634,44.13999939,52.84000015,20.87000084,92.34999847,87.29000092,57.56803268,38.50249068,15.37623583
2025-01-06 00:00:00,19.87000084,60.81000137,595.3599854,598.2999878,64.30999756,71.94000244,44.13000107,54.40000153,21.23999977,92.26000214,86.90000153,58.77894224,38.77173357,15.35957138
2025-01-07 00:00:00,20.01000023,60.84000015,588.6300049,591.5700073,64.30999756,71.65000153,43.84999847,53.72000122,21.47999954,91.83999634,85.91999817,58.42612244,38.22094305,15.31339911
2025-01-08 00:00:00,19.87999916,61.70999908,589.4899902,592.1900024,64.05999756,71.56999969,43.56999969,54.31999969,21.31999969,92,86.02999878,57.58528747,38.05744892,14.92351112
2025-01-09 00:00:00,19.87999916,61.70999908,589.4899902,592.1900024,64.05999756,71.56999969,43.56999969,54.31999969,21.31999969,92,86.02999878,56.67000703,37.6358062,14.53520791
2025-01-10 00:00:00,19.14999962,61.06999969,580.4899902,583.3300171,63.40000153,69.87000275,42.81000137,53.52000046,21.13999939,91.33000183,85.45999908,55.34715235,37.20558575,14.0950748
2025-01-13 00:00:00,19.20000076,61.65000153,581.3900146,584.1799927,63.06999969,70.15000153,42.5,53.49000168,21.22999954,91.16999817,85.43000031,54.43405509,36.30971164,13.54748905
2025-01-14 00:00:00,19.20000076,62.04000092,582.1900024,584.9899902,63.36000061,70.23999786,43.00999832,54,21.37000084,91.19999695,85.29000092,54.68291588,36.82227669,13.67684563
2025-01-15 00:00:00,19.71999931,61.77000046,592.7800293,595.6300049,64.18000031,71.13999939,43.45999908,54.79000092,21.87999916,92.16000366,86.76000214,56.54823797,38.16700727,13.92332425
2025-01-16 00:00:00,19.67000008,62.25,591.6400146,594.6199951,64.73000336,70.90000153,43.43999863,54.54000092,21.62999916,92.37999725,87.04000092,56.44183594,37.83194643,14.12882401
2025-01-17 00:00:00,21.48999977,62.70999908,597.5800171,600.2600098,65.06999969,71.18000031,43.79999924,54.83000183,21.63999939,92.44999695,87.19000244,55.73910815,37.56730231,14.56191849
2025-01-20 00:00:00,21.48999977,62.70999908,597.5800171,600.2600098,65.06999969,71.18000031,43.79999924,54.83000183,21.63999939,92.44999695,87.19000244,55.37806195,37.30412305,14.60520315
2025-01-21 00:00:00,21.77000046,62.41999817,603.0499878,605.7000122,66.56999969,72.37999725,44.20999908,55.68000031,21.95999908,92.76000214,87.97000122,56.66263472,38.47386732,14.92095495
2025-01-22 00:00:00,21.86000061,61.77999878,606.4400024,609.2999878,66.41999817,72.23000336,44.16999817,56.11000061,22.20999908,92.51999664,87.51000214,57.11289917,38.73315408,14.65445447
2025-01-23 00:00:00,21.56999969,61.52999878,609.75,612.7000122,67.08000183,72.65000153,44.34000015,55.66999817,22.36000061,92.27999878,86.83000183,57.07635754,38.48190233,14.87556417
2025-01-24 00:00:00,20.82999992,61.91999817,607.9699707,610.8900146,67.20999908,73.18000031,44.58000183,55.90000153,22.45999908,92.47000122,87.22000122,57.19862634,39.53252792,14.82469797
2025-01-27 00:00:00,20.29000092,63.86999893,599.3699951,602.3699951,67.58000183,72.58000183,43.86000061,54.54999924,22.54999924,93.06999969,88.25,56.62775491,39.55844265,14.72695408
2025-01-28 00:00:00,19.79999924,62.36000061,604.5200195,607.4899902,67.30000305,72.83999634,44.11000061,54.29999924,22.61000061,93.08000183,88.19000244,56.57109215,40.37232127,14.90286921
2025-01-29 00:00:00,19.75,62.83000183,601.8099976,604.9099731,67.37000275,72.62000275,44.13999939,54.41999817,22.60000038,92.97000122,88.01000214,60.34215009,42.23950506,15.17885013
2025-01-30 00:00:00,20.01000023,64.05000305,605.039978,607.9400024,68.01999664,73.63999939,44.81999969,55.27000046,23.12999916,93.16999817,88.33999634,59.22495761,41.60070629,15.17055696
2025-01-31 00:00:00,19.43000031,63.47999954,601.8200073,604.6599731,67.5,72.63999939,44.40000153,53.97000122,22.95999908,93.01999664,87.76000214,59.07566324,41.49583917,15.05777158
2025-02-03 00:00:00,19.37999916,63.34999847,597.7700195,600.6799927,66.51000214,72.01999664,44.13999939,53.38000107,23.09000015,92.79000092,88.16000366,57.64928458,41.36243979,14.84868567
2025-02-04 00:00:00,19.29000092,62.66999817,601.7800293,604.6900024,67.34999847,72.81999969,44.84999847,54.34999847,23.26000023,93.01999664,88.43000031,57.86993636,41.95725784,14.96786324
2025-02-05 00:00:00,19.64999962,63.11999893,604.2199707,607.1699829,68.04000092,73.51999664,44.65000153,54.95999908,23.12000084,93.55999756,89.88999939,57.64911418,42.17619176,14.92388324
2025-02-06 00:00:00,19.37999916,63.36000061,606.3200073,609.4000244,68.41999817,73.83000183,44.86000061,55.22000122,23.61000061,93.44999695,89.84999847,59.89446582,43.95178441,15.17993351
2025-02-07 00:00:00,19.10000038,63.84000015,600.7700195,603.7999878,67.75,73.05000305,44.88000107,54.13999939,23.36000061,93.13999939,89.26999664,59.88657283,44.0287576,14.92500257
2025-02-10 00:00:00,19.77000046,64.55000305,604.8499756,607.75,68.25,73.51000214,45.33000183,55.13999939,23.56999969,93.12000275,89,60.53284086,44.60966778,14.86988926
2025-02-11 00:00:00,20.96999931,67.59999847,605.3099976,608.2299805,68.81999969,73.51000214,45.13999939,55.06999969,23.70999908,92.87999725,88.43000031,61.55595539,45.6725412,14.95636667
2025-02-12 00:00:00,22.47999954,68.70999908,603.3599854,606.210022,69.30999756,73.33999634,45.36000061,55.15999985,23.47999954,92.23999786,87.23000336,64.37474034,49.93089144,15.34036366
2025-02-13 00:00:00,24.12999916,69.5,609.7299805,612.6699829,70.06999969,74.51000214,45.59999847,56.34999847,23.57999992,92.93000031,88.68000031,63.99641318,49.80265617,15.41392209
2025-02-14 00:00:00,23.60000038,68.87000275,609.7000122,612.6799927,70.19999695,74.47000122,45.88000107,56.68000031,24.12000084,93.31999969,89.15000153,65.45555141,50.7563201,15.45303805
2025-02-17 00:00:00,23.60000038,68.87000275,609.7000122,612.6799927,70.19999695,74.47000122,45.88000107,56.68000031,24.12000084,93.31999969,89.15000153,65.94097638,50.65122709,15.65468981
2025-02-18 00:00:00,27.38999939,69.05000305,611.4899902,614.4799805,70.69000244,75.05000305,46.09999847,57.43999863,24.25,92.81999969,88.09999847,66.64142189,50.86457012,15.65063696
2025-02-19 00:00:00,25.71999931,70.06999969,612.9299927,615.8499756,69.79000092,74.73999786,45.97000122,58.27999878,23.96999931,92.97000122,88.20999908,65.2753078,50.5031395,15.65597324
2025-02-20 00:00:00,26.09000015,70.04000092,610.3800049,613.460022,70.22000122,74.93000031,46.45999908,58.45999908,24.17000008,93.16000366,88.54000092,65.06008548,50.83998942,15.78053137
2025-02-21 00:00:00,24.87000084,71.34999847,599.9400024,602.8699951,69.93000031,74.18000031,46.40000153,57.59000015,23.46999931,93.70999908,89.61000061,67.53323911,52.07534949,16.92765618
2025-02-24 00:00:00,24.27000046,70.58999634,597.210022,600,69.93000031,73.94000244,45.68999863,57.47000122,23.22999954,93.91000366,89.87000275,67.17097385,52.30734028,17.93755949
2025-02-25 00:00:00,22.98999977,71.48999786,594.2399902,597.0800171,70.72000122,74.44000244,45.66999817,57.54999924,23.28000069,94.65000153,91.41999817,68.38858066,54.13044484,18.09395289
2025-02-26 00:00:00,23.52000046,70.80000305,594.539978,597.2800293,70.80000305,74.44999695,46.11000061,57.81000137,23.20000076,94.91000366,91.95999908,70.85007377,55.89424424,18.30187952
2025-02-27 00:00:00,23.09000015,70.87000275,585.0499878,587.7800293,69.81999969,73.73000336,45.29999924,55.95000076,22.87000084,94.80000305,91.30999756,68.3576399,55.10462808,18.490805
2025-02-28 00:00:00,23.72999954,71.20999908,594.1799927,597.039978,70.19999695,73.05999756,44.72999954,54.66999817,22.39999962,95.31999969,92.43000031,66.64818521,54.17527342,18.19281275
2025-03-03 00:00:00,22.73999977,72.31999969,583.7700195,586.789978,71.13999939,73.45999908,44.29999924,54.31999969,22.30999947,95.38999939,92.56999969,67.17922772,53.37786668,18.55306252
2025-03-04 00:00:00,21.32999992,70.19000244,576.8599854,579.710022,71.25,73.22000122,44.68000031,54.56999969,22.23999977,95.08999634,91.43000031,65.15857605,52.83814354,18.69657387
2025-03-05 00:00:00,20.80999947,70.08000183,583.0599976,586.0599976,73.08999634,74.81999969,46.00999832,56.04999924,22.75,94.55999756,90.69999695,68.57727718,55.52712369,19.34493341
2025-03-06 00:00:00,20.75,70.45999908,572.710022,575.539978,72.29000092,74.16999817,45.77000046,54.93999863,22.81999969,94.51000214,90.40000153,70.51876768,56.27320309,19.36365431
2025-03-07 00:00:00,20.63999939,71.43000031,575.9199829,578.5100098,73.33999634,74.65000153,45.95999908,55.68000031,22.95000076,94.38999939,90.11000061,70.09605103,56.69533539,19.25064342
2025-03-10 00:00:00,19.93000031,71.44999695,560.5800171,563.4400024,71.51000214,73.19000244,44.93000031,54.09000015,22.40999985,95.05000305,91.05000305,68.28322048,55.22146808,18.98480448
2025-03-11 00:00:00,19.78000069,71.04000092,555.9199829,558.6400146,71.34999847,72.70999908,45.25,54.68999863,22.59000015,94.70999908,90.40000153,66.69499595,52.72509815,18.51494289
2025-03-12 00:00:00,20.68000031,69.94000244,558.8699951,561.4799805,71.58000183,73.76000214,45.40999985,55.95000076,22.70999908,94.43000031,89.86000061,69.12531931,54.627125,19.05476967
2025-03-13 00:00:00,23.70000076,69.62000275,551.4199829,554.0599976,70.98999786,73.27999878,45.27000046,55.22000122,22.93000031,94.80999756,90.65000153,69.4885581,54.32034672,19.03156778
2025-03-14 00:00:00,24.04999924,69.16000366,562.8099976,565.5599976,72.45999908,74.48999786,46.08000183,56.13999939,23.79000092,94.48000336,90.16999817,72.95580683,56.69301152,19.696772
2025-03-17 00:00:00,25.69000053,70.12000275,567.1500244,569.6099854,73.20999908,75.43000031,46.70999908,57.86000061,24.29000092,94.55999756,90.62000275,70.8596262,55.79549034,20.14585723
2025-03-18 00:00:00,25.92000008,69.37999725,561.0200195,561.9299927,73.5,74.98999786,46.59000015,56.97000122,24.27000046,94.66999817,90.70999908,74.79547806,58.43396723,20.12725538
2025-03-19 00:00:00,24.12000084,69.27999878,567.1300049,568.0100098,73.47000122,75.62000275,46.65999985,57.24000168,24.43000031,94.95999908,91.18000031,74.49297545,57.72230558,20.15080488
2025-03-20 00:00:00,23.95999908,69.70999908,565.4899902,566.7399902,72.70999908,75.12000275,46.24000168,56.72999954,24.14999962,95.09999847,91.23999786,74.1608119,57.31199586,19.95836587
2025-03-21 00:00:00,24.26000023,68.66999817,563.9799805,566.5800171,71.77999878,74.65000153,45.97999954,56.86000061,24.19000053,95.01999664,90.69999695,73.78781246,57.18879665,19.60758742
2025-03-24 00:00:00,24.21999931,68.94999695,574.0800171,576.7199707,71.73000336,74.69000244,46.11999893,57.31000137,24.03000069,94.47000122,89.76999664,73.0238331,56.35113492,19.41270749
2025-03-25 00:00:00,24.20000076,68.80999756,575.460022,577.960022,72.16000366,75.08999634,46.06999969,57.06999969,24.25,94.62999725,89.76000214,73.79740151,56.80202796,19.69653939
2025-03-26 00:00:00,23.42000008,70.01999664,568.5900269,571.4199829,71.13999939,74.41000366,45.79000092,56.81000137,24.02000046,94.41000366,89.16999817,74.03572378,57.59772217,20.03624133
2025-03-27 00:00:00,23.62000084,70.73999786,567.0800171,569.6199951,71.29000092,74.33000183,46.09000015,56.49000168,24.10000038,94.33000183,88.91000366,72.11476803,55.69578066,20.01184813
2025-03-28 00:00:00,22.70999908,70.37000275,555.6599731,558.1199951,70.98000336,73,45.31000137,54.79000092,23.77000046,95.08999634,90.13999939,72.01326528,55.11087118,20.10154455
2025-03-31 00:00:00,22.70999908,71.62000275,559.3900146,561.9000244,70.20999908,72.45999908,45.25999832,54.04000092,23.54999924,95.37000275,91.02999878,70.64303541,53.43511653,19.89908214
2025-04-01 00:00:00,22.04999924,71.87000275,560.9699707,563.7800293,70.38999939,72.59999847,45.40999985,54.84999847,23.88999939,95.40000153,91.48999786,70.93573111,54.13856345,20.28581017
2025-04-02 00:00:00,21.97999954,71.33000183,564.5200195,567.2000122,70.62000275,72.56999969,45.45000076,54.63000107,23.95999908,95.30999756,91.43000031,71.52918692,54.66458187,20.26337219
2025-04-03 00:00:00,22.43000031,73.18000031,536.7000122,540.0700073,69.61000061,70.23999786,44.63000107,53.13999939,24.05999947,96.29000092,91.84999847,69.01500485,52.64187988,19.93476889
2025-04-04 00:00:00,19.85000038,69.93000031,505.2799988,507.6099854,65.01999664,65.90000153,42.13000107,51.25,22.44000053,96.55999756,92.84999847,63.5585457,48.16627846,17.87911314
2025-04-07 00:00:00,19.56999969,68.37000275,504.3800049,506.3800049,63,65.18000031,40.43000031,50.77999878,21.81999969,95.41000366,90.05000305,61.24846751,46.0912793,16.70647491
2025-04-08 00:00:00,18.12999916,68.41999817,496.480011,498.7999878,62.72999954,65.04000092,39.88999939,48.91999817,21.35000038,94.93000031,88.34999847,63.52198206,47.81977599,16.81014762
2025-04-09 00:00:00,21.53000069,69.94999695,548.6199951,546.25,67.40000153,70.06999969,42.49000168,53.27999878,22.77000046,94.62999725,88.87000275,62.52238765,47.51854953,15.80967085
2025-04-10 00:00:00,19.87999916,70.76000214,524.5800171,527.0599976,66.51000214,68.23000336,41.93999863,51.81999969,22.07999992,94.04000092,86.41999817,67.07708325,52.58432913,16.87828711
2025-04-11 00:00:00,19.73999977,71.43000031,533.9400024,536.9799805,68.29000092,70.12000275,43.09999847,54.31000137,22.51000023,93.51000214,86.88999939,67.36390623,53.00766392,17.04560173
2025-04-14 00:00:00,20.30999947,72.44999695,539.1199951,541.5200195,68.80000305,71.26000214,43.5,54.34999847,22.87999916,94.26000214,87.51000214,70.39857905,55.6122604,17.61273
2025-04-15 00:00:00,19.85000038,71.86000061,537.6099854,540.1900024,69.48999786,71.58999634,43.50999832,54.38000107,22.88999939,94.54000092,87.81999969,72.19645853,57.17748723,18.10181278
2025-04-16 00:00:00,19.22999954,71.68000031,525.6599731,528.1400146,69.20999908,71.20999908,42.95999908,54.06000137,22.93000031,94.94999695,88.30999756,71.64593443,56.9595102,18.3646458
2025-04-17 00:00:00,18.93000031,73,526.4099731,528.6699829,69.93000031,72.36000061,43.29999924,54.31000137,23.44000053,94.68000031,87.52999878,71.19886339,56.64147496,18.42171335
2025-04-21 00:00:00,18.84000015,72.76999664,513.8800049,516.3800049,69.45999908,72.30999756,43.34999847,54.38999939,23.38999939,94.16999817,86,71.19886339,56.64147496,18.42171335
2025-04-22 00:00:00,19.51000023,73.90000153,527.25,529.3800049,70.88999939,73.69000244,44.02999878,54.81000137,24.06999969,94.23999786,86.48000336,74.19053006,58.00107265,19.98929701
2025-04-23 00:00:00,20.59000015,73.30000305,535.4199829,537.8499756,71.12999725,73.83000183,44.45999908,55.59999847,24.34000015,94.33999634,87.31999969,75.25882655,59.72922742,20.33448365
2025-04-24 00:00:00,21.48999977,72.51999664,546.6900024,549.2199707,72.05999756,74.72000122,45.02000046,55.95000076,24.73999977,94.84999847,88.23999786,75.07726512,59.7567278,20.56002843
2025-04-25 00:00:00,20.04999924,71.91000366,550.6400146,553.1900024,72.36000061,74.81999969,44.86999893,55.81000137,24.89999962,95.20999908,88.88999939,76.62580222,60.63433045,21.18870009
2025-04-28 00:00:00,20.51000023,71.79000092,550.8499756,553.4299927,72.83000183,75.48999786,44.99000168,55.65000153,25.11000061,95.58999634,89.44999695,77.28191127,61.46669641,21.60969694
2025-04-29 00:00:00,20.34000015,72.34999847,554.3200073,556.9500122,72.98000336,75.69999695,45.15000153,56.09999847,25.10000038,95.91999817,90.19999695,79.87800007,63.01561317,22.11592735
2025-04-30 00:00:00,20.10000038,72.55000305,554.539978,557.960022,72.91000366,75.52999878,45.25,56.18999863,24.89999962,96.06999969,89.47000122,80.46476841,63.4330591,21.72548747
2025-05-01 00:00:00,19.97999954,71.29000092,558.4699707,561.1099854,72.65000153,75.08999634,45.22999954,55.59999847,24.78000069,95.33999634,88.69000244,82.6749074,64.48776016,22.03775936
2025-05-02 00:00:00,20.62000084,71.65000153,566.7600098,569.3400269,74.18000031,76.38999939,46.43999863,57.70999908,24.89999962,94.69999695,87.73000336,80.58194274,62.44602323,22.32113171
2025-05-05 00:00:00,20.27000046,71.69999695,563.5100098,566.1699829,74.27999878,76.63999939,46.81000137,58.38000107,24.64999962,94.52999878,87.23999786,80.49424954,62.37806642,22.29684076
2025-05-06 00:00:00,19.94000053,71.72000122,558.7999878,561.539978,74.08999634,77.04000092,46.58000183,58.5,24.86000061,94.76999664,87.52999878,84.07549843,63.93725652,22.35810093
2025-05-07 00:00:00,20.30999947,72.40000153,561.1500244,563.7700195,73.87000275,76.36000061,46,57.79000092,24.78000069,95.01999664,87.90000153,84.60993644,64.90991178,23.96057237
2025-05-08 00:00:00,21,71.16999817,565.0599976,567.3300171,73.59999847,76.15000153,45.91999817,57.20000076,25.27000046,94.27999878,86.91999817,83.81967359,58.29488798,24.7803127
2025-05-09 00:00:00,21.42000008,70.51999664,564.3400269,566.8900146,74.08999634,76.58000183,46.25,57.68999863,25.44000053,94.34999847,87.05000305,86.49328266,58.03719119,25.35900988
2025-05-12 00:00:00,22.18000031,69.52999878,582.9899902,585.710022,74.25,77.30999756,47.29000092,58.04000092,25.45000076,93.75,86.23999786,88.23920403,60.33222685,25.35548212
2025-05-13 00:00:00,22.55999947,68.95999908,586.8400269,589.9400024,74.55000305,77.06999969,47.36999893,58.11999893,26.05999947,93.68000031,85.88999939,88.42327117,60.68392902,25.27508705
2025-05-14 00:00:00,21.52000046,69.16000366,587.5900269,590.2800293,74.37999725,76.51999664,47.75999832,58.61000061,26.05999947,93.33000183,85.31999969,89.8048237,61.59945685,24.16082368
2025-05-15 00:00:00,21.54999924,71.61000061,590.460022,593.1799927,75.12000275,77.26999664,47.68000031,58.79999924,26,93.94000244,86.06999969,81.83566834,59.15511844,24.11300568
2025-05-16 00:00:00,21.65999985,72,594.2000122,597.039978,75.30000305,77.41000366,47.72999954,58.79000092,25.89999962,93.97000122,86.30000305,84.69839741,60.41331096,24.93712439
2025-05-19 00:00:00,21.37999916,71.93000031,594.8499756,597.789978,76.26999664,77.59999847,47.93000031,58.81999969,26.03000069,93.91999817,86.05000305,85.35477199,59.74168764,25.1740029
2025-05-20 00:00:00,21.27000046,71.69000244,592.8499756,595.5700073,76.76999664,77.73999786,47.83000183,58.40000153,26.04000092,93.80000305,85.43000031,86.50634512,59.71943825,24.92985946
2025-05-21 00:00:00,20.69000053,71.84999847,582.8599854,585.6699829,76.37000275,77.40000153,47.70999908,59.09999847,25.67000008,93.15000153,83.97000122,87.01884862,60.35718445,25.45586026
2025-05-22 00:00:00,20.54999924,71.13999939,583.0900269,585.7600098,76.26999664,77.26999664,47.59999847,58.29000092,25.56999969,93.5,84.41000366,88.96821442,61.32499847,25.92557922
2025-05-23 00:00:00,20.04999924,71.76999664,579.1099854,582,76.15000153,77.95999908,47.79999924,58.95999908,25.71999931,93.76999664,84.55000305,89.70746478,61.46001327,25.52335049
2025-05-26 00:00:00,20.04999924,71.76999664,579.1099854,582,76.15000153,77.95999908,47.79999924,58.95999908,25.71999931,93.76999664,84.55000305,90.48701413,61.99409494,25.74514598
2025-05-27 00:00:00,20.54999924,71.77999878,591.1500244,593.9400024,77.05999756,79.41999817,47.63000107,59.97999954,25.94000053,94.16000366,85.73000336,91.0225438,62.53560759,26.09945965
2025-05-28 00:00:00,20.37000084,71.15000153,587.7299805,590.4400024,76.30999756,78.52999878,47.34000015,60.75,25.70999908,93.90000153,85.36000061,88.4447463,60.20188614,25.24290085
2025-05-29 00:00:00,20.25,71.48999786,590.0499878,592.7800293,76.69999695,78.88999939,47.54999924,61.79999924,25.71999931,94.29000092,86.15000153,88.64772034,59.83721123,24.92881348
2025-05-30 00:00:00,19.54999924,72.09999847,589.3900146,592.1500244,76.76000214,78.98000336,47,60.63000107,25.28000069,94.56999969,86.27999878,90.17327271,60.27300339,25.29711273
2025-06-02 00:00:00,19.73999977,72,592.710022,595.5900269,77.51000214,80.06999969,47.33000183,61.74000168,25.36000061,93.94000244,85.16000366,89.82681108,59.7947588,24.94141741
2025-06-03 00:00:00,20.29000092,71.16000366,596.0900269,598.9299927,76.84999847,79.48999786,47.43999863,61.88999939,25.48999977,93.84999847,85.01000214,91.37248576,60.05639642,25.13421196
2025-06-04 00:00:00,20.25,71.37000275,595.9299927,598.7700195,77.36000061,79.94999695,47.90999985,63.97999954,25.36000061,94.54000092,86.38999939,92.28437541,61.29739305,25.89916342
2025-06-05 00:00:00,19.98999977,70.91000366,593.0499878,595.9799805,77.44000244,79.69999695,48.02999878,65.36000061,25.52000046,94.26000214,86.44999695,93.03554747,60.1715704,25.72199113
2025-06-06 00:00:00,20.05999947,71.34999847,599.1400146,602,77.65000153,80.04000092,48.24000168,65.56999969,25.61000061,93.51000214,85.34999847,93.56327875,61.24388783,26.01846765
2025-06-09 00:00:00,20.47999954,71.76999664,599.6799927,602.5700073,77.65000153,80.12000275,48.59000015,66.48000336,25.51000023,93.68000031,85.44000244,94.02287945,61.26040742,25.28937924
2025-06-10 00:00:00,22.07999992,72.34999847,603.0800171,606.0300293,77.79000092,80.26999664,48.95000076,66.16000366,25.69000053,93.83999634,85.87999725,91.37248576,60.59866637,25.35111994
2025-06-11 00:00:00,20.68000031,72.06999969,601.3599854,604.3099976,77.69999695,80.26000214,49.11000061,66.98999786,26.05999947,94.23000336,86.13999939,90.84277761,60.92207093,25.26037087
2025-06-12 00:00:00,20.77000046,72.23999786,603.75,606.5100098,78.41999817,80.76000214,49.11999893,67.69000244,26,94.63999939,87.16999817,91.71573668,61.52823459,25.50674334
2025-06-13 00:00:00,20.13999939,71.01999664,597,599.789978,77.23000336,79.94999695,48.38000107,66.41999817,25.87999916,94.29000092,86.33000183,90.01090083,60.98391843,25.26573961
2025-06-16 00:00:00,20.73999977,70.51999664,602.6799927,603.7600098,77.51000214,80.44000244,48.83000183,68.19000244,25.67000008,94.01999664,85.45999908,89.06953021,61.00652754,24.97200527
2025-06-17 00:00:00,20.79999924,69.62000275,597.5300293,598.7600098,76.38999939,79.41999817,48.27999878,66.62999725,25.40999985,94.48000336,86.5,89.5328021,60.02767414,25.50328302
2025-06-18 00:00:00,21.48999977,69.20999908,597.4400024,598.6199951,76.33999634,80.12000275,48.15000153,67.87000275,25.40999985,94.54000092,86.65000153,89.17539358,59.76362973,25.65135568
2025-06-19 00:00:00,21.48999977,69.20999908,597.4400024,598.6199951,76.33999634,80.12000275,48.15000153,67.87000275,25.40999985,94.54000092,86.65000153,88.01234226,59.70349437,24.14972806
2025-06-20 00:00:00,21.07999992,68.83999634,594.2800293,596.6599731,74.77999878,79,47.56000137,68.52999878,25.10000038,94.59999847,86.48999786,89.14854128,59.49974448,24.44678063
2025-06-23 00:00:00,21.19000053,69.73999786,600.1500244,602.9299927,75.43000031,79.51000214,47.95000076,69.41999817,25.04000092,94.93000031,86.76999664,87.87133312,58.31216908,24.18477058
2025-06-24 00:00:00,22.54999924,70.20999908,606.7800293,609.5100098,76.43000031,80.66999817,48.99000168,72.65000153,25.54999924,95.26000214,87.40000153,91.70211524,60.14141679,24.54419982
2025-06-25 00:00:00,22.20000076,69.62999725,607.1199951,609.960022,75.95999908,80.45999908,49.11000061,72.37000275,25.37000084,95.30000305,87.51000214,92.78547115,60.58625776,25.29646447
2025-06-26 00:00:00,22.5,69.47000122,611.8699951,614.7600098,76.61000061,81.58000183,49.43999863,71.94000244,25.79000092,95.63999939,87.94999695,94.88471675,61.33961487,26.12410383
2025-06-27 00:00:00,22.69000053,70.33000183,614.9099731,617.460022,77.31999969,82.08000183,49.38999939,70.73999786,25.77000046,95.38999939,87.38999939,96.00471994,62.85941634,26.07705045
2025-06-30 00:00:00,22.39999962,70.75,617.8499756,620.9000244,77.5,82.18000031,49.45999908,71.77999878,26.20999908,95.76999664,88.25,97.13533659,63.65931664,26.36922555
2025-07-01 00:00:00,22.85000038,71.66999817,617.6500244,620.6699829,77.55999756,81.93000031,49.65999985,71.63999939,26.28000069,95.29000092,88.13999939,95.01579242,63.29809293,26.30784079
2025-07-02 00:00:00,21.87999916,70.91000366,620.4500122,623.4199829,77.79000092,82.22000122,49.79999924,71.94999695,26.51000023,95.08999634,87.58000183,94.8557936,63.03098748,26.86206097
2025-07-03 00:00:00,22.48999977,71.34999847,625.3400269,628.1699829,77.75,82.37999725,50.02000046,72.69999695,26.63999939,94.76000214,86.97000122,95.75485102,65.92956955,27.98252952
2025-07-04 00:00:00,22.48999977,71.34999847,625.3400269,628.1699829,77.75,82.37999725,50.02000046,72.69999695,26.63999939,94.76000214,86.97000122,95.47305824,65.47114516,27.6783025
2025-07-07 00:00:00,22,71.01000214,620.6799927,623.8300171,77.19999695,80.54000092,49.43000031,70.06999969,26.22999954,94.45999908,86.13999939,95.28750153,64.77638893,27.98558426
2025-07-08 00:00:00,23.59000015,70.23999786,620.3400269,623.3300171,77.94000244,81.23999786,49.61999893,72.08000183,26.28000069,94.31999969,86.02999878,96.72761083,65.4614324,27.51968646
2025-07-09 00:00:00,23.44000053,69.48000336,624.0599976,627.0300293,78.69000244,81.37000275,49.61000061,72.08000183,25.94000053,94.80999756,86.93000031,95.64048157,66.02453699,27.51022375
2025-07-10 00:00:00,23.81999969,69.76999664,625.8200073,628.8499756,78.68000031,81.56999969,49.65999985,73.13999939,25.64999962,94.76000214,86.98999786,96.51066518,66.87781305,27.4579639
2025-07-11 00:00:00,23.43000031,69.87000275,623.6199951,626.4400024,77.79000092,80.98999786,49.59000015,72.55999756,25.46999931,94.31999969,85.79000092,96.68658123,66.53992248,27.56653931
2025-07-14 00:00:00,23.29999924,69.47000122,624.8099976,627.7399902,77.75,81.23999786,49.65000153,73.19999695,25.25,94.27999878,85.61000061,97.08803799,66.92934933,28.3370229
2025-07-15 00:00:00,22.92000008,69.36000061,622.1400146,624.9899902,76.84999847,80.61000061,50.00999832,73.06999969,25.23999977,93.91000366,85.01000214,95.60768404,65.32744141,27.79605421
2025-07-16 00:00:00,22.69000053,69.26999664,624.2199707,627.25,77.19000244,80.94000244,50.24000168,73.08000183,25.38999939,94.16999817,85.12999725,99.11068153,65.42644315,27.99207087
2025-07-17 00:00:00,22.79999924,70.58999634,628.039978,630.9299927,77.26000214,81.29000092,50.54999924,73.05999756,25.54999924,94.13999939,85.11000061,98.30336235,66.31788906,28.63269831
2025-07-18 00:00:00,23.10000038,69.84999847,627.5800171,630.6699829,77.16999817,80.88999939,50.49000168,72.38999939,25.04000092,94.40000153,85.23999786,98.05765295,65.34938104,28.67850535
2025-07-21 00:00:00,23.26000023,70.06999969,628.7700195,631.7299805,77.52999878,81.72000122,50.75,73.87000275,25.15999985,94.73000336,86,99.00989971,65.20164127,28.64310784
2025-07-22 00:00:00,23.23999977,69.66000366,628.8599854,631.7399902,77.98999786,81.95999908,50.75999832,72.88999939,25.15999985,95,86.51999664,98.27065351,64.61447225,28.46274247
2025-07-23 00:00:00,23.48999977,69.16000366,634.210022,637.3300171,79.56999969,84.41000366,51.22999954,73.84999847,25.64999962,94.66000366,86.04000092,99.04537776,64.83584797,28.80090848
2025-07-24 00:00:00,22.62999916,69.09999847,634.4199829,637.5800171,78.69999695,84.09999847,50.97999954,73.30999756,25.47999954,94.51999664,85.88999939,100.4888625,65.86094368,28.92449691
2025-07-25 00:00:00,20.70000076,69.16999817,637.0999756,640.0599976,78.87000275,83.59999847,50.84000015,73.20999908,25.39999962,94.73999786,86.43000031,99.36637083,65.32106091,28.57374226
2025-07-28 00:00:00,20.68000031,68.08999634,636.9400024,639.9199829,77.44999695,82.45999908,50.43999863,72.70999908,24.98999977,94.52999878,85.87000275,100.5376277,64.78494191,28.42741746
2025-07-29 00:00:00,20.40999985,69.37999725,635.2600098,638.4000244,77.33999634,82.52999878,50.47000122,73.48999786,25.25,95.15000153,87.31999969,100.669349,64.86392692,28.52409557
2025-07-30 00:00:00,20.34000015,68.75,634.460022,637.5100098,76.5,82.37000275,50.06000137,73.68000031,25.05999947,94.81999969,86.87000275,103.3570986,65.29925219,28.5100007
2025-07-31 00:00:00,19.79999924,67.88999939,632.0800171,634.9000244,75.65000153,81.91999817,49.79999924,72.80999756,24.87999916,94.90000153,86.91999817,100.9572055,64.29973036,28.23885065
2025-08-01 00:00:00,19.30999947,68.86000061,621.7199707,624.6500244,75.26000214,81.91999817,49.54000092,70.65000153,24.77000046,95.68000031,87.81999969,100.7912707,62.61476054,28.20306197
2025-08-04 00:00:00,19.5,68.95999908,631.1699829,634.1699829,76.12999725,83.31999969,50,72.33000183,24.97999954,95.80999756,88.05999756,103.4620279,64.05741484,29.3042738
2025-08-05 00:00:00,20.19000053,69.05000305,627.9699707,631.1199951,76.20999908,83.37000275,50.15999985,72.88999939,25.14999962,95.73999786,88.33000183,102.9892807,64.82540265,29.38751587
2025-08-06 00:00:00,20.40999985,69.51000214,632.7800293,635.789978,76.56999969,84.23000336,50.38000107,73.18000031,25.40999985,95.66999817,87.81999969,102.2728781,64.83488694,29.79079933
2025-08-07 00:00:00,19.77000046,70.43000031,632.25,635.4400024,77.37999725,84.69000244,50.75,73.44000244,25.93000031,95.59999847,87.66999817,104.4588742,67.72461537,31.39109391
2025-08-08 00:00:00,19.95000076,70.33999634,637.1799927,640.25,77.62999725,85.45999908,50.68999863,73.5,25.80999947,95.37999725,87.29000092,105.9980356,64.70184659,31.07302819
2025-08-11 00:00:00,20.64999962,70.75,635.9199829,638.9799805,77.23000336,85.30000305,50.63000107,73.02999878,25.70999908,95.41000366,87.38999939,107.6230219,64.06292307,31.5945161
2025-08-12 00:00:00,21.80999947,70.70999908,642.6900024,645.7399902,78.01999664,86.51000214,51.20999908,74.09999847,26.25,95.38999939,86.94999695,107.48209,64.62360661,31.43851132
2025-08-13 00:00:00,22.21999931,70.45999908,644.8900146,648.1099854,78.58999634,86.68000031,51.79000092,74.72000122,26.12999916,95.73000336,87.66999817,106.9533205,63.53729457,31.73488677
2025-08-14 00:00:00,23.86000061,69.55000305,644.9500122,648.1300049,78.73999786,86.04000092,51.20999908,73.66000366,25.85000038,95.41999817,87.01999664,107.8672477,63.71503673,32.19715075
2025-08-15 00:00:00,24.55999947,69.91999817,643.4400024,646.6699829,78.94999695,86.83000183,51.36000061,73.38999939,26.12000084,95.23000336,86.40000153,104.5923218,61.83530539,32.00010881
2025-08-18 00:00:00,23.65999985,69.12999725,643.2999878,646.3699951,78.80000305,86.83999634,51.75,72.80000305,26.22999954,95.13999939,86.15000153,104.587483,61.00371659,31.78971453
2025-08-19 00:00:00,25.30999947,70.12999725,639.8099976,642.9500122,78.97000122,86.44999695,51.38000107,71.44000244,25.71999931,95.37999725,86.65000153,103.2027987,60.65190654,31.67677524
2025-08-20 00:00:00,23.54000092,70.69999695,638.1099854,641.2299805,79.40000153,86.26000214,51.36000061,71.36000061,25.85000038,95.51999664,86.83999634,103.0391171,61.76952305,31.49166732
2025-08-21 00:00:00,23.5,70.66000366,635.5499878,638.7000122,78.91999817,85.72000122,51.27000046,71.22000122,25.95000076,95.23999786,86.41000366,100.9978563,62.01268374,31.24200354
2025-08-22 00:00:00,24.79999924,70.12999725,645.3099976,648.5,80.19000244,87.27999878,52.16999817,73.51000214,26.72999954,95.76999664,87.05000305,101.2493404,61.5950262,31.26719195
2025-08-25 00:00:00,24.54999924,68.93000031,642.4699707,645.6400146,79,86.34999847,51.95000076,72.73000336,26.70999908,95.58000183,86.80000305,101.9415539,62.01613419,31.48095701
2025-08-26 00:00:00,24.35000038,68.73000336,645.1599731,648.2600098,78.87999725,86.40000153,51.84000015,72.38999939,26.59000015,95.83000183,86.75,100.9686537,60.27176132,30.06861307
2025-08-27 00:00:00,24.85000038,68.83000183,646.6300049,649.7999878,78.66000366,86.25,51.49000168,72.47000122,26.84000015,96.01000214,86.65000153,100.0121303,60.38468246,30.46191571
2025-08-28 00:00:00,24.93000031,68.36000061,648.9199829,652.1400146,78.84999847,86.87999725,51.68000031,73.63999939,27.13999939,96.23000336,87.22000122,100.1309822,59.95705476,30.85627705
2025-08-29 00:00:00,24.35000038,68.98999786,645.0499878,648.3200073,78.5,86.01999664,51.52999878,72.23999786,27.10000038,96.15000153,86.59999847,99.03665874,59.11123902,30.73784429
2025-09-01 00:00:00,24.35000038,68.98999786,645.0499878,648.3200073,78.5,86.01999664,51.52999878,72.23999786,27.10000038,96.15000153,86.59999847,98.44300207,58.94426667,30.51868103
2025-09-02 00:00:00,24.20999908,69.05999756,640.2700195,643.4199829,77.41000366,85.73999786,51.45999908,71.91999817,27.02000046,95.55000305,85.62999725,95.10648201,57.71418993,31.02476407
2025-09-03 00:00:00,24,68.98999786,643.7399902,646.8800049,77.73000336,85.70999908,51.59999847,72.91000366,26.98999977,95.87999725,86.56999969,94.15275882,57.95045426,31.51808771
2025-09-04 00:00:00,24.61000061,68.25,649.1199951,652.210022,78.19000244,86.26999664,51.38000107,73.06999969,27.17000008,96.30999756,87.23000336,97.38426824,59.47900441,32.46142275
2025-09-05 00:00:00,24.48999977,67.95999908,647.2399902,650.4699707,78.56999969,86.80000305,51.97000122,73.62999725,27.36000061,96.77999878,88.55999756,96.12799579,57.74401985,31.5945161
2025-09-08 00:00:00,24.47999954,67.43000031,648.8300171,652.1199951,79.12999725,88.18000031,52.47999954,74.19000244,27.42000008,97.08000183,89.73999786,98.16091785,58.35683432,31.57340863
2025-09-09 00:00:00,24.44000053,67.86000061,650.3300171,653.6199951,78.98999786,87.69000244,52.68000031,74.91999817,27.40999985,96.84999847,89.23000336,102.6645311,60.10788056,31.4431303
2025-09-10 00:00:00,24.77000046,67.81999969,652.210022,655.4899902,78.77999878,88.26000214,52.91999817,76.65000153,27.62999916,97.11000061,89.73999786,103.3011788,60.23648583,32.11260468
2025-09-11 00:00:00,24.61000061,67.62000275,657.6300049,660.9500122,79.62999725,89.23000336,53.58000183,77.86000061,27.96999931,97.26000214,90.33999634,102.7962795,60.70326707,33.70147938
2025-09-12 00:00:00,24.07999992,67.01000214,657.4099731,660.7199707,79.36000061,88.90000153,53.47999954,78.66000366,27.94000053,96.98000336,89.94999695,103.2502466,60.28022289,31.97295606
2025-09-15 00:00:00,24.77000046,66.20999908,660.9099731,664.1699829,79.94999695,89.55999756,53.84000015,79.19000244,28.39999962,97.13999939,90.16000366,104.7003284,61.6681546,32.73155898
2025-09-16 00:00:00,25.27000046,66.23999786,660,661.2999878,79.69999695,89.66999817,54.18000031,80.69000244,28.54000092,97.19999695,90.34999847,102.9041748,60.3278275,32.17030711
2025-09-17 00:00:00,24.89999962,67.04000092,659.1799927,660.5700073,79.38999939,89.25,54.52000046,79.83000183,28.57999992,96.98999786,90.12000275,104.0429317,60.6234405,32.22327018
2025-09-18 00:00:00,30.56999969,66.45999908,662.2600098,663.7000122,79.70999908,89.44999695,54.27000046,80.75,28.38999939,96.66999817,89.19000244,106.3119292,62.21973807,33.39284956
2025-09-19 00:00:00,29.57999992,66.43000031,663.7000122,666.8699951,79.12999725,88.23000336,53.91999817,80.05000305,28.52000046,96.62999725,89.01999664,100.1789369,60.59537859,32.53443146
2025-09-22 00:00:00,28.76000023,66.20999908,666.8400269,670.0800171,79.45999908,88.79000092,54.06999969,81.55999756,28.56999969,96.47000122,88.69999695,99.63914156,58.84095252,32.18074977
2025-09-23 00:00:00,29.34000015,66.70999908,663.210022,666.5,79.41000366,88.58999634,54.06000137,81.44999695,28.97999954,96.73999786,89.31999969,100.9568567,59.2631615,31.89533892
2025-09-24 00:00:00,31.21999931,66.44999695,661.0999756,664.2600098,78.88999939,87.90000153,53.95999908,80.04000092,28.75,96.48000336,88.98000336,103.1241499,59.50770617,32.18825924
2025-09-25 00:00:00,33.99000168,65.98000336,658.0499878,661.2199707,78.13999939,87.58000183,53.65000153,79.88999939,28.45999908,96.26999664,88.98000336,100.0185672,58.9214962,31.74765549
2025-09-26 00:00:00,35.5,65.66999817,661.8200073,664.8900146,78.95999908,87.63999939,53.54999924,78.87000275,28.63999939,96.22000122,88.90000153,99.15713401,58.48070378,31.34085608
2025-09-29 00:00:00,34.47999954,66.04000092,663.6799927,666.7600098,79.20999908,88.06999969,53.93999863,80.23999786,28.80999947,96.5,89.62999725,100.4947683,59.86779728,32.58202629
2025-09-30 00:00:00,33.54999924,66.31999969,666.1799927,669.2999878,79.80000305,87.83999634,54.18000031,80.09999847,28.88999939,96.45999908,89.37000275,102.7949508,61.07229429,32.38376881
2025-10-01 00:00:00,35.93999863,66.77999878,668.4500122,671.8400269,80.72000122,88.18000031,54.52000046,81.88999939,28.45000076,96.48999786,89.29000092,103.0435854,61.5707268,31.45753291
2025-10-02 00:00:00,37.29999924,66.09999847,669.2199707,672.5,80.91000366,88.44000244,54.66999817,83.52999878,28.30999947,96.58999634,89.55000305,100.8317323,60.45859886,31.5436168
2025-10-03 00:00:00,36.83000183,66.65000153,669.210022,672.4199829,81.34999847,89.69000244,54.79000092,83.84999847,28.37000084,96.40000153,89.37999725,102.2617227,60.44266187,31.86854475
2025-10-06 00:00:00,36.59000015,66.09999847,671.6099854,674.8900146,81.09999847,90.55999756,54.97999954,84.77999878,28.20999908,96.12000275,88.66999817,102.5671976,60.11633387,31.43513324
2025-10-07 00:00:00,37.16999817,66.79000092,669.1199951,672.4199829,80.48999786,89.33000183,54.68000031,83.34999847,27.81999969,96.36000061,89.18000031,103.9686066,60.21009446,31.82437243
2025-10-08 00:00:00,37.43000031,66.12000275,673.1099854,676.4199829,80.95999908,89.44999695,54.99000168,84.19000244,28.12999916,96.37999725,89.25,105.4891931,60.32747111,31.67359996
2025-10-09 00:00:00,37.79999924,66.37000275,671.1599731,674.5200195,80.09999847,89.01999664,54.50999832,83.43000031,27.90999985,96.30999756,89.18000031,105.2010824,60.23934591,31.69433884
2025-10-10 00:00:00,36.36999893,67.04000092,653.0200195,656.2000122,79.18000031,86.12000275,52.54000092,80.72000122,27.21999931,96.91000366,90.62000275,103.5790265,59.20702219,31.53272867
2025-10-13 00:00:00,37.22000122,66.80000305,663.039978,666.2299805,79.73000336,87.34999847,54,83.62000275,27.68000031,96.95999908,90.56999969,106.0226156,60.14616307,32.94035982
2025-10-14 00:00:00,35.63000107,67.51000214,662.2299805,665.4799805,80.04000092,87.73999786,53.52000046,82.69000244,27.63999939,97.20999908,90.86000061,102.9945053,56.26366506,32.26494536
2025-10-15 00:00:00,37.15000153,67.08000183,665.1699829,668.2800293,80.22000122,89.01999664,54.33000183,85.16999817,27.96999931,97.09999847,90.66000366,101.2442412,57.74918234,32.17168981
2025-10-16 00:00:00,36.84000015,67.58999634,660.6400146,663.9799805,80.77999878,89.48000336,54.50999832,87.87999725,28.12000084,97.55000305,91.33999634,102.7452312,57.63920343,32.70689683
2025-10-17 00:00:00,37.00999832,68.44000244,664.3900146,667.6900024,80.80000305,89.80999756,54.38000107,88.51999664,28.22999954,97.38999939,91.19999695,99.22822208,55.32847342,31.59706259
2025-10-20 00:00:00,38.09999847,68.44000244,671.2999878,674.5900269,81.15000153,91.27999878,55.02999878,90.43000031,28.54999924,97.51999664,91.55000305,100.6269846,55.18037446,32.35637529
2025-10-21 00:00:00,38.11999893,71.22000122,671.289978,674.4299927,80.66999817,90.20999908,54.54000092,88.63999939,28.20999908,97.69999695,92,100.8069893,56.63690555,32.44054708
2025-10-22 00:00:00,36.91999817,70.80999756,667.7999878,671.1599731,80.69999695,90.12999725,54.50999832,89.44999695,28.31999969,97.72000122,92.05999756,102.3776752,57.47049654,32.74481779
2025-10-23 00:00:00,38.15999985,69.94000244,671.7600098,674.9699707,81.16999817,90.43000031,54.91999817,90.06999969,28.73999977,97.40000153,91.43000031,103.2765453,56.74535453,33.37962031
2025-10-24 00:00:00,38.27999878,69.70999908,677.25,680.5200195,81.29000092,90.88999939,55.18000031,92.05000305,28.62999916,97.48999786,91.47000122,103.6210779,56.84165881,33.58522396
2025-10-27 00:00:00,39.54000092,70.05999756,685.2399902,688.5999756,81.69000244,92.05000305,55.63999939,94.30999756,28.95999908,97.48999786,91.77999878,103.581594,57.81917915,33.90548639
2025-10-28 00:00:00,41.52999878,70.16000366,687.0599976,690.3400269,81.48000336,92.16999817,55.61000061,94.44999695,29.20999908,97.58000183,92.01999664,104.0598006,57.96664535,34.95342021
2025-10-29 00:00:00,41.34000015,68.34999847,687.3900146,690.710022,81.04000092,91.63999939,55.77000046,96.90000153,29.51000023,96.94999695,91.08999634,103.910763,57.83148533,34.5262599
2025-10-30 00:00:00,40.15999985,68.98000336,679.8300171,683.2299805,80.66000366,91.33999634,55.18999863,95.26000214,29.38999939,96.80999756,90.55999756,104.375597,57.07009572,34.96780431
2025-10-31 00:00:00,39.99000168,68.90000153,682.0599976,685.2299805,80.30000305,91.62999725,54.97000122,97,29.42000008,96.84999847,90.29000092,105.3386513,57.30791085,34.08208705
2025-11-03 00:00:00,39.5,67.97000122,683.3400269,686.6900024,80.16999817,92.31999969,55.09000015,100.7799988,29.54999924,96.5,89.73999786,104.6181708,57.39879555,34.15031314
2025-11-04 00:00:00,37.02999878,68.66000366,675.2399902,678.8099976,79.30999756,91.01999664,54.31999969,95.76000214,29.19000053,96.62000275,89.94000244,103.5714808,55.95618367,33.49489868
2025-11-05 00:00:00,38.38000107,68.51000214,677.5800171,680.9099731,79.97000122,91.20999908,54.79999924,96.62000275,29.88999939,96.16000366,88.95999908,102.4807632,55.9281929,33.33554688
2025-11-06 00:00:00,37.24000168,69.05999756,670.3099976,673.5200195,79.58999634,90.76999664,54.59000015,93.51000214,29.87000084,96.65000153,89.76000214,99.9829025,49.40408433,32.63149559
2025-11-07 00:00:00,38.13000107,70.55000305,670.9699707,674.3400269,79.98000336,90.77999878,54.54000092,91.80000305,30.25,96.69000244,89.56999969,99.67410729,50.32983928,32.91808026
2025-11-10 00:00:00,38.45000076,70.51999664,681.4400024,684.8200073,80.93000031,91.93000031,55.27000046,95.66999817,30.48999977,96.55999756,89.55000305,103.8271526,51.12501565,33.77668129
2025-11-11 00:00:00,37.88000107,71.61000061,683,686.1599731,81.79000092,91.87000275,55.33000183,95.29000092,31.12000084,96.86000061,89.95999908,104.6592831,51.1111414,33.52522032
2025-11-12 00:00:00,37.88999939,71.51000214,683.3800049,686.6400146,82.26999664,92.38999939,55.31999969,95.91999817,30.76000023,96.87999725,90.12000275,105.0914784,49.78363528,33.40830479
2025-11-13 00:00:00,35.90999985,71.06999969,672.039978,675.4500122,81.68000031,90.91000366,54.83000183,94.06999969,30.45999908,96.59999847,89.37999725,106.3354908,49.68886824,33.14779189
2025-11-14 00:00:00,35.52000046,71.16000366,671.9299927,675.3099976,81.05999756,91.48999786,54.84999847,94.12999725,30.53000069,96.44000244,88.87000275,104.2968135,49.45220919,32.94621915
2025-11-17 00:00:00,34.70999908,70.68000031,665.6699829,668.9899902,80.06999969,90.25,54.22000122,93.01999664,30.15999985,96.55000305,89.08999634,103.1097476,49.21894782,32.63716326
2025-11-18 00:00:00,34.33000183,71.22000122,660.0800171,663.4500122,79.29000092,88.70999908,54.04000092,91.58999634,30.14999962,96.70999908,89.05999756,102.2891727,47.88843584,32.49572432
2025-11-19 00:00:00,35.11000061,71.11000061,662.6300049,665.9500122,78.98000336,88.43000031,53.91999817,90.55999756,30.14999962,96.63999939,88.87999725,102.0904544,48.58006814,32.7373125
2025-11-20 00:00:00,33.61999893,71.20999908,652.5300293,655.7700195,77.90000153,87.18000031,53.27999878,88.52999878,29.59000015,96.87000275,89.23000336,106.5844631,48.58997583,33.43826294
2025-11-21 00:00:00,34.5,72.94999695,659.0300293,662.2800293,79.08999634,88.69999695,53.06999969,89.22000122,29.80999947,97.19000244,89.5,108.9971705,49.19920301,34.15157443
2025-11-24 00:00:00,35.79000092,72.58999634,668.7299805,672.0599976,78.88999939,89.19000244,53.61000061,90.30000305,29.96999931,97.33999634,90.01000214,112.3014196,50.42104554,35.42569563
2025-11-25 00:00:00,35.83000183,72.61000061,675.0200195,678.3800049,80.23999786,89.62000275,53.84999847,89.79000092,30.34000015,97.58999634,90.23999786,112.6474466,50.98296304,35.05897844
2025-11-26 00:00:00,36.81000137,72.87999725,679.6799927,683.0599976,81,90.83000183,54.11000061,91.55000305,30.94000053,97.66999817,90.63999939,114.7439304,52.76641755,35.46271703
2025-11-27 00:00:00,36.81000137,72.87999725,679.6799927,683.0599976,81,90.83000183,54.11000061,91.55000305,30.94000053,97.66999817,90.63999939,117.2182258,53.64223891,36.2912925
2025-11-28 00:00:00,40.56000137,73.12000275,683.3900146,686.8800049,81.52999878,90.83000183,54.29999924,90.87000275,31.14999962,97.5,90.20999908,118.6409317,54.02399569,36.81046765
2025-12-01 00:00:00,40.00999832,71.94999695,680.2700195,683.6599731,81.12000275,90.36000061,54.25,90.62000275,30.98999977,96.69000244,88.76999664,118.6945588,53.9520722,36.93896477
2025-12-02 00:00:00,43.47000122,70.66999817,681.5300293,684.8300171,81.48999786,90.59999847,54.13000107,92.06999969,31.5,96.76999664,88.80999756,120.9315239,54.29039465,37.77871745
2025-12-03 00:00:00,43.75999832,70.80999756,683.8900146,687.2600098,82.04000092,90.93000031,54.06000137,93,31.51000023,96.97000122,89.05999756,119.900591,52.81178179,37.87378094
2025-12-04 00:00:00,40.5,70.44999695,684.3900146,687.8499756,81.98999786,91.33000183,54.18000031,91.87000275,31.98999977,96.66999817,88.58000183,123.1428444,54.26294446,38.44459534
2025-12-05 00:00:00,41.40999985,70,685.6900024,689.1099854,82.01999664,91.73000336,54.40000153,94.30000305,30.65999985,96.47000122,88.16999817,122.1607988,53.75341583,37.96709669
2025-12-08 00:00:00,40.29999924,70.25,683.6300049,687.0599976,81.83000183,91.38999939,54.20000076,95.06999969,30.70000076,96.26999664,87.87999725,125.2511771,54.09784882,39.04105839
2025-12-09 00:00:00,40.5,70.08999634,683.039978,686.5100098,81.61000061,91.62999725,54.11000061,95.56999969,30.82999992,96.12999725,87.97000122,124.4056211,53.90688136,39.44730997
2025-12-10 00:00:00,40.77999878,70.20999908,687.5700073,690.9199829,82.61000061,92.34999847,54.56000137,96.75,30.79000092,96.44000244,88.30999756,124.2549945,52.54895377,39.31193883
2025-12-11 00:00:00,39.50999832,69.11000061,689.1699829,692.5900269,83.23000336,92.26999664,54.43999863,94.95999908,31.36000061,96.44999695,88.19000244,123.975801,53.62020333,39.76329685
2025-12-12 00:00:00,37.81000137,70.51999664,681.7600098,685.1699829,82.69000244,91.66999817,53.93999863,92.66999817,31.43000031,96.19000244,87.33999634,122.5227637,53.5618639,39.9035886
2025-12-15 00:00:00,37.50999832,70.97000122,680.7299805,684.1500244,83.23000336,92.31999969,53.77999878,92.73000336,31.54999924,96.26999664,87.40000153,124.253076,54.47351101,40.6379076
2025-12-16 00:00:00,37.31000137,70.37000275,678.8699951,679.8400269,83.05000305,91.41000366,53.47999954,89.51999664,30.28000069,96.54000092,87.87999725,123.2354378,54.39218833,40.1418364
2025-12-17 00:00:00,36.04999924,70.66999817,671.4000244,672.4099731,82.59999847,90.38999939,53.13000107,88.58000183,29.86000061,96.51999664,87.80000305,124.3154863,54.57261899,40.20787057
2025-12-18 00:00:00,36.27999878,70.36000061,676.4699707,677.5,83.19000244,91.01000214,53.58000183,90.06999969,30.17000008,96.76999664,88.22000122,123.1800478,54.56835995,40.72565099
2025-12-19 00:00:00,36.81999969,70.05999756,680.5900269,683.4899902,82.79000092,89.27999878,53.11000061,91.33999634,30.20000076,96.23999786,87.55000305,123.814891,54.07699022,40.42388873
2025-12-22 00:00:00,36.36999893,70.20999908,684.8300171,687.8300171,83.23000336,89.43000031,53.45000076,91.75,30.31999969,96.13999939,87.36000061,122.8680305,54.31074622,41.1343706
2025-12-23 00:00:00,36.34999847,69.87000275,687.960022,690.9699707,83.61000061,90.33000183,53.70000076,92.69999695,30.79000092,96.09999847,87.5,123.4516325,54.48574507,40.88114617
2025-12-24 00:00:00,36.15999985,70.11000061,690.3800049,693.3900146,83.73000336,90.51999664,53.68000031,94.59999847,30.78000069,96.34999847,88.02999878,123.1765041,54.25712168,41.08135738
2025-12-26 00:00:00,36.20000076,69.87000275,690.3099976,693.2700195,83.97000122,90.80000305,54.02000046,95.83999634,30.93000031,96.44000244,87.73999786,123.1340727,54.23843136,41.06720581
2025-12-29 00:00:00,36.68000031,70.16000366,687.8499756,690.9099731,83.66999817,91.05000305,53.61000061,98.72000122,30.62000084,96.58000183,88.06999969,124.3099477,54.59649712,41.57162204
2025-12-30 00:00:00,37.29999924,70.06999969,687.0100098,689.9199829,83.94999695,90.94000244,53.81000137,98.62000275,30.64999962,96.48000336,87.86000061,125.7197966,55.19240934,42.01919047
2025-12-31 00:00:00,36.90000153,69.91000366,681.9199829,684.9400024,83.61000061,90.40000153,53.75999832,97.22000122,30.45000076,96.16000366,87.16000366,125.244936,54.67682152,41.748312
