Date,INTC_high,KO_high,SPY_high,IVV_high,VGK_high,VPL_high,VWO_high,EWY_high,ILF_high,IEF_high,TLT_high,BOG_high,TBC_high,CGEO_high
2018-05-29 00:00:00,55.81000137,42.84999847,271.1700134,273.0299988,57.75,72.61000061,44.66999817,73.37999725,31.87000084,103.1999969,122.5199966,31.27829716,22.10386262,15.84554007
2018-05-30 00:00:00,56.20000076,43.27999878,273.1099854,274.9899902,58.29999924,72.81999969,44.63000107,72.51999664,31.70000076,102.7200012,121.4800034,24.87740213,22.05434052,15.50430806
2018-05-31 00:00:00,55.86000061,43.20999908,272.4899902,274.3500061,58.11999893,72.73000336,44.81000137,72.47000122,31.62000084,102.7399979,121.9800034,25.08999605,22.15698451,13.61565295
2018-06-01 00:00:00,57.09999847,43.31999969,273.9400024,275.8500061,58.54000092,73.06999969,45.15000153,73.48000336,32,102.0899963,120.7099991,26.30502048,22.32617655,14.41898902
2018-06-04 00:00:00,57.59999847,43.59000015,275.1900024,277.1000061,58.90000153,73.66000366,45.63999939,73.87999725,32.02999878,101.8300018,120.1399994,28.18885985,22.49231935,14.69213259
2018-06-05 00:00:00,57.11999893,43.54000092,275.5299988,277.4500122,58.70000076,73.40000153,45.45999908,73.80000305,31.82999992,101.9700012,120.1600037,27.76483081,23.03748552,14.90112502
2018-06-06 00:00:00,57.06000137,43.45999908,277.519989,279.4700012,59.13000107,73.83999634,45.83000183,74.5,31.22999954,101.5899963,119.0999985,27.93157515,23.48745844,14.88075278
2018-06-07 00:00:00,57,43.72999954,278.2799988,280.2399902,59.15999985,74,45.68000031,74.55999756,30.54999924,102.1299973,120.4899979,27.87657626,23.38035428,15.09925291
2018-06-08 00:00:00,55.70000076,44,278.25,280.1799927,58.81999969,73.76999664,45.25999832,73.61000061,30.89999962,101.8600006,119.8499985,27.49597537,23.16156832,15.15029585
2018-06-11 00:00:00,55.09000015,44.25,279.3699951,281.3299866,59.40999985,74.05999756,45.22999954,73.94999695,30.96999931,101.6399994,119.3899994,27.02213132,23.12541792,15.02883921
2018-06-12 00:00:00,55.02999878,44.41999817,279.3299866,281.2900085,59.27999878,73.68000031,45.13000107,73.48999786,30.87999916,101.5999985,119.4599991,26.92925147,23.48535663,14.83482712
2018-06-13 00:00:00,55.70000076,44.52000046,279.480011,281.4400024,59.24000168,73.58999634,45.11000061,73.51999664,30.82999992,101.6500015,119.6399994,26.51511172,23.99037183,14.66969782
2018-06-14 00:00:00,55.86000061,43.84999847,279.3299866,281.2799988,59.34999847,73.25,44.86000061,72.19000244,30.61000061,101.7600021,120.3000031,26.95287922,23.17894082,15.65782954
2018-06-15 00:00:00,55.38000107,44.15000153,277.5100098,280.7000122,58.63000107,72.45999908,44.22999954,70.41000366,29.90999985,102.0999985,121.0899963,26.11554408,22.98698144,16.56812602
2018-06-18 00:00:00,54.29999924,43.95999908,276.7000122,279.9100037,58.11999893,72.01000214,43.70999908,69.47000122,29.76000023,101.9800034,120.5599976,25.74838362,22.88627239,16.32837299
2018-06-19 00:00:00,52.95000076,43.75,275.75,278.9299927,57.63000107,71.08000183,43.27000046,67.95999908,29.65999985,102.2799988,121.2300034,25.67950925,22.64591114,15.39338573
2018-06-20 00:00:00,53.75,43.77999878,276.7200012,279.9100037,57.81999969,71.51000214,43.56999969,69.02999878,29.97999954,102.1299973,120.7900009,25.5035504,22.71080624,15.13878041
2018-06-21 00:00:00,54.52999878,43.29999924,275.980011,279.1499939,57.41999817,71.08000183,43.09999847,67.73999786,29.57999992,102.1699982,120.75,25.37812743,22.58234426,15.22793151
2018-06-22 00:00:00,53.09000015,43.40999985,275.7900085,278.9599915,57.00999832,71.15000153,42.97999954,68.54000092,29.43000031,102.1600037,120.6200027,25.66636632,22.60081573,15.31185459
2018-06-25 00:00:00,51.75,43.75,273.6199951,276.7600098,56.41999817,70.41000366,42.38000107,68.05000305,29.43000031,102.4000015,121.1100006,25.5354701,22.86441773,15.31809888
2018-06-26 00:00:00,50.40999985,43.84000015,272.5599976,274.3999939,56.04999924,70.48999786,42.29000092,67.93000031,29.54999924,102.3600006,121.0299988,26.06559691,22.65303531,15.01261499
2018-06-27 00:00:00,50.06000137,43.61000061,273.8699951,275.7099915,56.25,70.44999695,41.97000122,67.94000244,29.47999954,102.7300034,122.1800003,25.45579489,23.00461335,15.03232493
2018-06-28 00:00:00,49.49000168,43.68000031,271.75,273.6099854,55.59999847,69.98000336,41.52999878,66.91000366,29.48999977,102.7099991,122.25,25.34080249,22.35721596,14.89169021
2018-06-29 00:00:00,50.11000061,44.09999847,273.6600037,275.5400085,56.47000122,70.13999939,42.27000046,67.81999969,29.87000084,102.6800003,122.5,25.07812218,22.88149834,14.00870736
2018-07-02 00:00:00,50.27000046,44.15999985,272.0400085,273.9400024,55.75999832,68.81999969,41.79999924,66.30000305,29.29999924,102.4499969,121.75,25.16080297,23.24567623,13.87608346
2018-07-03 00:00:00,50.86000061,44.33000183,272.980011,274.8599854,56.27999878,69.23000336,42.06000137,66.40000153,30.11000061,102.5100021,122.0299988,24.93953821,23.23869663,13.61461714
2018-07-04 00:00:00,50.86000061,44.33000183,272.980011,274.8599854,56.27999878,69.23000336,42.06000137,66.40000153,30.11000061,102.5100021,122.0299988,24.88982667,23.24844891,13.66671085
2018-07-05 00:00:00,50.95999908,44.66999817,273.1799927,275.0700073,56.72999954,68.88999939,41.97999954,65.83999634,30.30999947,102.6399994,122.5299988,24.60642886,23.3099611,13.62614071
2018-07-06 00:00:00,51.5,44.93999863,275.8399963,277.7399902,57.04999924,69.38999939,42.40999985,66.52999878,30.80999947,102.7099991,122.9199982,24.46501896,23.01282942,13.60137606
2018-07-09 00:00:00,51.88999939,44.72999954,277.9599915,279.8599854,57.38999939,70.18000031,43.04999924,67.12000275,31.11000061,102.4400024,122.2099991,25.10638336,23.64361738,13.8191485
2018-07-10 00:00:00,52.25999832,45,279.0100098,280.9500122,57.56000137,69.91999817,43,67.05999756,31.19000053,102.3600006,122.1299973,24.78526085,23.35631002,13.91834593
2018-07-11 00:00:00,51.86999893,45,278.0400085,279.9700012,56.95999908,69.23999786,42.5,66.18000031,30.96999931,102.5100021,122.5500031,25.05634367,23.43895006,13.78761768
2018-07-12 00:00:00,52.47999954,44.95999908,279.4299927,281.3599854,57.04999924,69.16000366,42.90999985,66.16000366,31.11000061,102.4800034,122.4700012,24.96697397,23.09114841,13.64597043
2018-07-13 00:00:00,52.41999817,44.77999878,279.9299927,281.8900146,57.09000015,69.56999969,42.90000153,66.26999664,31.15999985,102.6399994,122.8700027,24.95847986,23.48754314,13.92908908
2018-07-16 00:00:00,52.31999969,44.79999924,279.7999878,281.7399902,57.18999863,69.58999634,42.65000153,66.29000092,31.20999908,102.4800034,122.2900009,25.33631406,23.01617725,13.87055339
2018-07-17 00:00:00,51.88000107,45.38999939,280.9100037,282.8699951,57.20000076,69.87999725,42.95999908,66.56999969,31.69000053,102.5,122.3899994,25.21807018,22.92551894,13.81884629
2018-07-18 00:00:00,51.97000122,45.29000092,281.1799927,283.1499939,57.25999832,69.90000153,42.88999939,66.19999695,31.80999947,102.4499969,122.0400009,25.64875544,22.96199261,13.53342067
2018-07-19 00:00:00,52.00999832,45.43000031,280.7399902,282.6900024,57.08000183,69.70999908,42.52999878,65.55999756,31.22999954,102.6699982,122.4499969,24.92185778,22.65147892,13.46795271
2018-07-20 00:00:00,52.06999969,45.27999878,280.480011,282.4299927,57.38000107,70.01000214,43,66.33000183,32.20000076,102.4599991,121.5899963,23.57169862,22.63403989,13.24442955
2018-07-23 00:00:00,52.5,45.36000061,280.4299927,282.3999939,57.27000046,69.98000336,42.86999893,65.16999817,31.95000076,102.1100006,120.3799973,24.00410244,22.77089732,13.01438326
2018-07-24 00:00:00,53.29999924,45.27000046,282.5599976,284.5299988,57.83000183,70.69000244,43.66999817,66.08000183,32.70000076,101.8399963,119.8199997,24.33438161,22.72012644,13.52725438
2018-07-25 00:00:00,52.45000076,46.58000183,284.3699951,286.3800049,58.06999969,71.11000061,44.13999939,66.72000122,33.27999878,101.9800034,120.2600021,24.29471234,23.01632077,13.49940125
2018-07-26 00:00:00,53.18000031,46.59000015,284.1099854,286.1099854,57.77000046,71.08000183,43.86000061,66.55000305,33.31000137,101.8700027,119.8799973,24.10242821,22.67687386,13.37645199
2018-07-27 00:00:00,49.20000076,46.5,283.8200073,285.7999878,57.95000076,71.41000366,44.00999832,66.97000122,33.36999893,101.8399963,119.8700027,24.15415934,22.5994634,13.30536853
2018-07-30 00:00:00,47.99000168,46.43999863,281.6900024,283.6499939,58.13000107,71.12999725,43.90000153,66.84999847,33.36999893,101.7600021,119.4100037,24.09167851,22.68346754,13.21934812
2018-07-31 00:00:00,48.68000031,46.66999817,282.019989,283.9899902,58.33000183,70.83999634,43.95999908,67.33000183,33.13000107,101.8300018,119.8600006,24.45553685,23.11834984,13.13017155
2018-08-01 00:00:00,48.90999985,46.49000168,282.1300049,284.1000061,57.93000031,70.80999756,43.74000168,67.12000275,32.99000168,101.4100037,118.8399963,24.3721313,23.33027289,13.1216383
2018-08-02 00:00:00,49.52000046,46.63000107,282.5799866,284.5599976,57.16999817,70.05999756,43.11999893,65.48000336,32.65000153,101.4800034,118.7399979,23.65851144,23.20697273,13.1261158
2018-08-03 00:00:00,49.77999878,46.75999832,283.6600037,285.6499939,57.27000046,70.12000275,43.38999939,65.98000336,33.61999893,101.75,119.2900009,23.29462732,22.91189423,13.01682023
2018-08-06 00:00:00,49.31000137,46.86999893,284.9899902,286.9899902,57.06999969,69.79000092,43.13000107,65.76999664,33.40000153,101.9499969,119.8399963,23.42461815,22.52217058,13.09978937
2018-08-07 00:00:00,49.83000183,46.61000061,286.0100098,288.019989,57.54999924,70.43000031,43.61000061,66.87999725,33.66999817,101.7099991,119.0999985,23.55469336,22.62783279,13.04595516
2018-08-08 00:00:00,50.13000107,46.56000137,285.9100037,287.9400024,57.40999985,70.47000122,43.38000107,66.79000092,33.29000092,101.7099991,119.0299988,23.73122655,22.65665382,13.07612592
2018-08-09 00:00:00,50.59999847,46.41999817,285.9700012,287.9899902,57.38999939,70.48000336,43.49000168,66.80999756,32.65999985,101.9300003,119.8300018,23.61200496,22.64588365,13.1392499
2018-08-10 00:00:00,49.16999817,46.41999817,284.0599976,286.0400085,56.11999893,69.29000092,42.49000168,65.05000305,31.43000031,102.5,121.0500031,23.29382258,21.57738106,12.9592572
2018-08-13 00:00:00,49.24000168,46.13000107,284.1600037,286.1700134,55.93999863,68.80000305,42.06999969,64.36000061,30.97999954,102.4599991,120.6999969,22.27694353,21.46037744,12.77415586
2018-08-14 00:00:00,48.75999832,46.09999847,284.1700134,286.1600037,55.74000168,68.88999939,42.00999832,64.76000214,31.54999924,102.3300018,120.5599976,21.49502759,20.75223601,12.74871405
2018-08-15 00:00:00,48,46.15000153,282.5400085,284.4700012,54.72999954,68.18000031,40.84999847,63.77999878,30.95000076,102.6800003,121.1299973,21.63805127,20.22128896,13.03573659
2018-08-16 00:00:00,47.95000076,46.38000107,285.0400085,287.0700073,55.25,68.58999634,41.29999924,64.18000031,31.10000038,102.5199966,120.9300003,22.53167227,20.20868859,13.16611233
2018-08-17 00:00:00,47.38999939,46.72999954,285.5599976,287.5899963,55.47000122,69.05000305,41.40000153,64.73000336,30.51000023,102.6399994,121.3899994,22.44628249,20.5721562,13.33757222
2018-08-20 00:00:00,47.11999893,46.86999893,285.9700012,288.0100098,55.77999878,69.08000183,41.54999924,64.70999908,30.43000031,102.8600006,121.9100037,22.7638346,21.49166988,13.57569895
2018-08-21 00:00:00,47.84999847,46.75,287.3099976,289.3599854,56.54000092,69.30999756,42.11999893,66.05999756,30.47999954,102.7300034,121.5299988,22.01052543,21.71602741,13.34204043
2018-08-22 00:00:00,47.34999847,46.38000107,286.7600098,288.7900085,56.68999863,69.51999664,42.27999878,66.16999817,30.57999992,102.9599991,122.0500031,22.08140829,21.83620271,13.42177944
2018-08-23 00:00:00,47.16999817,46.08000183,286.9400024,288.9700012,56.50999832,69.04000092,42.22000122,65.66999817,30.56999969,102.9499969,122.1299973,22.48519329,21.34441527,13.44672353
2018-08-24 00:00:00,47.88999939,45.79999924,287.6700134,289.7200012,56.72000122,69.40000153,42.25,66.81999969,30.35000038,102.9100037,122.3300018,22.04714279,21.26569264,13.43838047
2018-08-27 00:00:00,48.38999939,46.04999924,289.8999939,291.9700012,57.38999939,70.30999756,43.04000092,67.69000244,30.95999908,102.7799988,121.8700027,22.13362559,21.3491101,13.49109428
2018-08-28 00:00:00,48.79000092,45.72999954,290.4200134,292.4899902,57.58000183,70.34999847,43.02999878,67.69999695,30.85000038,102.5199966,121.0899963,22.25202804,21.51175509,13.42034282
2018-08-29 00:00:00,48.86000061,45.41999817,291.7399902,293.8299866,57.58000183,70.55000305,42.91999817,67.52999878,30.71999931,102.4700012,121.1500015,21.98831597,21.28316571,13.37982875
2018-08-30 00:00:00,48.83000183,45.31999969,291.3599854,293.4599915,57.18000031,70.09999847,42.24000168,67.13999939,30.47999954,102.6800003,121.4599991,22.23931352,21.53537277,13.39573156
2018-08-31 00:00:00,48.56000137,45.06999969,290.8099976,292.8999939,56.75999832,70.11000061,42.11999893,67.37999725,30.26000023,102.8300018,121.9199982,21.92094575,21.31202997,13.5314476
2018-09-03 00:00:00,48.56000137,45.06999969,290.8099976,292.8999939,56.75999832,70.11000061,42.11999893,67.37999725,30.26000023,102.8300018,121.9199982,22.04675571,21.24552544,13.50202312
2018-09-04 00:00:00,48.43000031,44.90000153,290.2099915,292.2900085,55.95000076,69.23000336,41.33000183,66.90000153,29.38999939,102.3199997,120.0999985,22.26340375,20.9765018,13.43010844
2018-09-05 00:00:00,48.11999893,45.41999817,289.6400146,291.7000122,55.84999847,68.58999634,40.77000046,66.02999878,29.18000031,102.2300034,119.9000015,22.43281484,21.03638977,13.37276611
2018-09-06 00:00:00,47.95999908,46,289.4899902,291.5700073,55.68000031,68.27999878,40.77999878,66.06999969,29.52000046,102.4499969,120.4000015,22.50807309,21.05127273,13.57871697
2018-09-07 00:00:00,47.47999954,45.81999969,288.7000122,290.769989,55.08000183,67.88999939,40.83000183,65.47000122,29.82999992,102.0400009,119.4000015,22.27564621,21.12011454,13.43983851
2018-09-10 00:00:00,46.75999832,46.31000137,289.0400085,291.1099854,55.52999878,67.91999817,40.34999847,65.40000153,29.70999908,102.0100021,119.5999985,22.23228065,21.02459453,13.29230207
2018-09-11 00:00:00,46.02999878,46.15000153,289.5499878,291.6199951,55.43999863,67.87000275,40.04000092,65.41999817,28.97999954,101.8000031,119.1699982,22.38461867,20.89439469,13.09156276
2018-09-12 00:00:00,44.97999954,46.29999924,289.7999878,291.8599854,55.88000107,68.16000366,40.52000046,65.77999878,29.64999962,101.8099976,119.1699982,22.62888531,21.08523796,13.22382825
2018-09-13 00:00:00,45.84999847,46.11999893,291.0400085,293.1199951,56.22999954,68.90000153,41.13000107,66.31999969,29.77000046,101.8600006,119.5699997,22.89478855,21.05537819,13.38986412
2018-09-14 00:00:00,45.97000122,46.02999878,291.269989,293.3599854,56.15000153,69.33000183,41.04000092,66.87999725,29.80999947,101.6200027,118.9100037,23.36436293,21.24032993,13.45483058
2018-09-17 00:00:00,45.90000153,46.33000183,290.8599854,292.9400024,56.36999893,69.43000031,40.63000107,65.98000336,30.19000053,101.5800018,118.8199997,23.64953307,21.17868633,13.52559775
2018-09-18 00:00:00,46.52999878,46.52999878,291.5799866,293.6900024,56.49000168,70.51000214,40.84000015,66.80000305,30.65999985,101.4199982,118.0699997,23.96834279,21.66511078,13.55909938
2018-09-19 00:00:00,46.43999863,46.11000061,291.6900024,293.7999878,56.56000137,70.76999664,41.38000107,66.65000153,31.04000092,101.0699997,117.1100006,24.23260627,21.72796512,13.69520226
2018-09-20 00:00:00,47.36000061,46.68000031,293.9400024,296.0700073,57.49000168,71.08000183,41.70000076,67.73999786,31.21999931,101.0599976,117.3000031,24.67640152,21.73541754,14.32119655
2018-09-21 00:00:00,47.41999817,46.68999863,293.2200012,296.6900024,57.45000076,71.26000214,41.93000031,68.15000153,31.62999916,101.0599976,117.2799988,25.57296965,22.02964692,14.71739665
2018-09-24 00:00:00,47,46.52999878,291.5,294.9400024,57.5,71.05999756,41.38999939,67.56999969,31.35000038,101.0100021,117.2699966,24.85284424,21.68737671,14.38848877
2018-09-25 00:00:00,46.38999939,46.18000031,291.6499939,295.0700073,57.59999847,71.48000336,41.58000183,67.95999908,31.07999992,100.8099976,116.7399979,23.14947107,21.61736586,14.52875843
2018-09-26 00:00:00,46.29999924,46.06999969,292.2399902,294.4100037,57.52000046,71.68000031,41.59000015,68.76000214,31.62000084,101.1399994,117.5800018,23.03586433,21.56234866,14.59544342
2018-09-27 00:00:00,46.16999817,46.18000031,291.9100037,294.0700073,57.24000168,71.5,41.38999939,68.86000061,31.94000053,101.1500015,117.6500015,23.31849087,21.73512089,14.5427718
2018-09-28 00:00:00,47.75,46.18999863,291.2799988,293.4400024,56.52000046,71.27999878,41.22999954,68.34999847,31.84000015,101.3000031,117.9100037,22.85639675,22.28616423,14.74496602
2018-10-01 00:00:00,47.22000122,46.34999847,292.9299927,295.1000061,56.56999969,71.48999786,41.24000168,68.30999756,31.70000076,100.8899994,116.8300018,22.89909122,22.68786006,14.93747812
2018-10-02 00:00:00,48.88000107,46.56000137,292.3599854,294.5299988,56.00999832,70.88999939,40.83000183,67.12000275,32.50999832,101.0400009,117.1299973,22.5915013,23.03498343,14.92186922
2018-10-03 00:00:00,49.72000122,46.54999924,293.2099915,295.3999939,56.31999969,70.58000183,40.93999863,67.08999634,33.72000122,100.7900009,116.3600006,22.22251292,22.43281998,15.11099679
2018-10-04 00:00:00,48.86000061,45.90000153,291.2399902,293.4200134,55.75999832,69.76000214,40,65.16999817,32.72999954,100.1299973,114.3899994,22.55292803,21.9990685,15.10430099
2018-10-05 00:00:00,48.34000015,46.15999985,290.269989,292.4400024,55.13000107,69.5,39.40000153,64.69000244,32.88999939,99.91000366,113.7200012,22.67257193,22.1411829,15.13154551
2018-10-08 00:00:00,47.34999847,46.58000183,288.2200012,290.3599854,54.41999817,69.19000244,39.36000061,64.29000092,34.15000153,99.86000061,113.1100006,22.8044832,22.52618827,15.41652451
2018-10-09 00:00:00,47.61999893,46.54999924,288.8599854,291.0100098,54.45999908,68.88999939,39.33000183,64.26000214,34.47000122,99.94999695,113.8499985,22.56206145,22.4416054,15.31894884
2018-10-10 00:00:00,46.11999893,46.70000076,286.9100037,288.9899902,54.11000061,68.58000183,39.04999924,63.36999893,33.90000153,100.0299988,113.5800018,23.31688642,22.73534637,15.34109599
2018-10-11 00:00:00,45.61000061,45.97000122,278.8999939,280.9700012,53.34999847,66.88999939,38.27999878,61.56000137,33.56000137,100.5500031,115.1500015,23.53174346,22.16088475,15.12170026
2018-10-12 00:00:00,45.34000015,44.88000107,277.0899963,279.1400146,53.11000061,66.55999756,38.79999924,62.22999954,33.58000183,100.5299988,115.0100021,22.74952914,22.60395333,15.48397272
2018-10-15 00:00:00,45.13999939,45.27000046,277.0400085,279.0899963,52.90999985,66.48000336,38.61000061,62.04999924,33.74000168,100.4400024,114.8199997,21.08946104,21.72631159,15.13503612
2018-10-16 00:00:00,46.00999832,45.59999847,280.8200073,282.9599915,53.75,67.30999756,39.29000092,62.68999863,34.27000046,100.3499985,114.7200012,21.64487479,21.12657615,15.19377052
2018-10-17 00:00:00,46.33000183,45.99000168,281.1499939,283.230011,53.43999863,67.26999664,38.95999908,62.5,34.59000015,100.4199982,114.7900009,22.44728338,21.38966906,15.4158589
2018-10-18 00:00:00,45.75,46.08000183,280.0700073,282.1300049,53.06999969,66.80999756,38.38000107,61.45999908,34.09999847,100.4000015,114.3899994,22.34307422,20.67881004,15.33219756
2018-10-19 00:00:00,45.18000031,46.49000168,279.2999878,281.3699951,52.88999939,66.91999817,38.49000168,62.06999969,33.79999924,100.2399979,113.9499969,21.4717374,20.52617897,15.00651168
2018-10-22 00:00:00,45.34000015,46.45999908,277.3599854,279.4100037,52.63999939,66.58999634,38.81000137,61.97000122,33.86999893,100.2600021,114.0800018,21.29660997,20.59107811,15.15586967
2018-10-23 00:00:00,45.09000015,46.45999908,274.8699951,276.8900146,52.06999969,65.48000336,38.33000183,60.79999924,33.40000153,100.7900009,115.0199966,20.27617526,19.8897889,14.97568851
2018-10-24 00:00:00,44.36000061,47.38999939,273.7600098,275.7900085,51.61000061,64.86000061,38.00999832,60.25,33.47999954,100.9599991,114.8199997,20.00674824,20.4065723,15.1880977
2018-10-25 00:00:00,44.93999863,46.74000168,271.8099976,273.8299866,51.31999969,64.30999756,37.95000076,59.75,33.15000153,100.8199997,114.7399979,19.7190358,20.46655481,14.98388924
2018-10-26 00:00:00,46.43999863,46.47999954,271,270.730011,51.16999817,63.50999832,37.65000153,58.20000076,33.52000046,101.3000031,115.3199997,19.5165128,20.44244999,14.74831712
2018-10-29 00:00:00,46.75,46.56000137,270.25,272.25,51.63000107,63.65999985,37.77000046,58.04999924,34.09999847,101.2399979,115.0199966,20.14216819,20.68363748,15.01231753
2018-10-30 00:00:00,47.88000107,47.74000168,268.1199951,270.1199951,51.36000061,63.54000092,37.43000031,58.04999924,32.91999817,101.0599976,114.5400009,20.2074016,20.91921801,14.97887703
2018-10-31 00:00:00,48.56000137,48.08000183,273.230011,275.2399902,52.09999847,64.31999969,38.02000046,58.52000046,33.02999878,100.7399979,113.9599991,19.92756077,21.73222507,14.88212606
2018-11-01 00:00:00,48.47000122,48.15000153,273.730011,275.7600098,52.93000031,64.66999817,39.25,59.58000183,33.93999863,100.5699997,113.5599976,21.17683238,22.04004592,15.32332277
2018-11-02 00:00:00,48.25,48,275.230011,277.25,53.13000107,65.63999939,39.88000107,61.40999985,34.56000137,100.3199997,113.2600021,21.67722119,22.54847123,15.92957166
2018-11-05 00:00:00,48.25,48.77999878,274.0100098,276.0400085,52.77999878,65.16000366,39.56999969,60.84999847,34.31000137,100.1999969,112.7099991,21.36298645,22.1095078,16.16074932
2018-11-06 00:00:00,47.91999817,49.13000107,275.2999878,277.3399963,52.77000046,65.55000305,39.47000122,61.04999924,34.15000153,100.0999985,112.7300034,22.06291265,21.85920709,16.58374732
2018-11-07 00:00:00,48.75,49.54999924,281.1000061,283.230011,53.47999954,66.44000244,40.13999939,62.02999878,34.06999969,100.1699982,113.4000015,22.7213732,22.21260683,16.71846145
2018-11-08 00:00:00,49.29000092,49.36999893,281.2200012,283.3299866,53.36999893,66.12999725,39.72999954,61.36000061,33.74000168,100.0199966,112.9700012,22.49967295,22.13469921,16.42378927
2018-11-09 00:00:00,49.02999878,49.88999939,279.2399902,281.3399963,52.68000031,65.20999908,38.59999847,59.93000031,32.63999939,100.2200012,113.5,22.09590981,21.74310699,16.19756905
2018-11-12 00:00:00,47.79999924,50.24000168,277.4599915,279.5100098,52.02000046,65.13999939,38.38000107,59.41999817,32.5,100.5100021,114.3099976,21.78835278,21.2449378,15.38123209
2018-11-13 00:00:00,48.25,50,275.3299866,277.3699951,52.20999908,64.79000092,38.75999832,59.83000183,31.75,100.5800018,114.0199966,20.71155918,21.18987366,15.14664513
2018-11-14 00:00:00,47.97000122,49.93999863,274.6099854,276.6499939,52.31999969,64.66999817,38.90999985,59.56999969,31.84000015,100.9599991,114.5199966,21.16866234,21.47319156,15.27069303
2018-11-15 00:00:00,48.24000168,49.75,273.5400085,275.5700073,51.97000122,65.08999634,39.66999817,60.90000153,32.52000046,101.0599976,114.5400009,21.18823474,21.42718059,15.58080746
2018-11-16 00:00:00,49.04999924,50.25,274.75,276.730011,51.90999985,65.15000153,39.72999954,61.04000092,32.95000076,101.1800003,114.8099976,20.56683265,21.06472617,15.12064375
2018-11-19 00:00:00,49.15000153,50.75999832,273.3800049,275.3699951,51.88000107,65.01999664,39.38000107,60.45999908,32.75999832,101.3199997,115.0199966,20.60239009,20.2507606,15.39981794
2018-11-20 00:00:00,48.11999893,50.84000015,267,268.9599915,50.90000153,63.88000107,38.63999939,59.33000183,32.15000153,101.4199982,115.4599991,21.25202417,20.8842356,15.30310367
2018-11-21 00:00:00,47.88000107,49.43999863,267.1499939,269.0899963,51.34999847,64.55000305,39.27000046,59.84000015,32.16999817,101.25,115.0899963,20.74151833,20.18135093,15.21658576
2018-11-22 00:00:00,47.88000107,49.43999863,267.1499939,269.0899963,51.34999847,64.55000305,39.27000046,59.84000015,32.16999817,101.25,115.0899963,20.56373302,20.06030841,14.90340396
2018-11-23 00:00:00,47.06999969,49.22999954,264.8200073,266.7600098,50.86999893,64.25,38.79000092,58.88999939,31.62000084,101.4700012,115.7600021,19.98094476,19.93201541,15.32241495
2018-11-26 00:00:00,47.45999908,49.22999954,267.75,269.5299988,51.58000183,65.05000305,39.06999969,60.29000092,31.26000023,101.2300034,115.0599976,19.36194672,19.85906458,14.86226768
2018-11-27 00:00:00,48.22000122,49.40999985,268.3999939,270.3500061,51.31000137,65.05000305,39.13999939,60.56000137,31.29000092,101.4000015,115.25,19.39269656,19.83343998,14.93914148
2018-11-28 00:00:00,48.88000107,49.72000122,274.5799866,276.6300049,52.04000092,66.12000275,40.02999878,61.88999939,32.06000137,101.4599991,115.0199966,18.90658948,19.65082331,14.88467031
2018-11-29 00:00:00,48.56000137,49.43000031,275.5499878,277.6300049,51.90000153,65.94999695,39.97999954,61.59999847,32.34000015,101.7300034,115.25,19.01049071,19.46702943,14.96575978
2018-11-30 00:00:00,49.31999969,50.49000168,276.2799988,278.3800049,51.47999954,65.66000366,39.74000168,60.75999832,32.29000092,101.8199997,115.4199982,17.92380566,19.33009569,14.7455905
2018-12-03 00:00:00,50.5,49.95999908,280.3999939,282.5799866,52.15999985,66.90000153,40.75,62.40999985,33.09000015,101.7900009,115.8799973,17.85486627,19.48731118,14.02882349
2018-12-04 00:00:00,49.59999847,50.50999832,278.8500061,280.9299927,51.93999863,66.08999634,40.61999893,62.13999939,32.56000137,102.4599991,118.6699982,17.66861893,19.49605569,13.87121456
2018-12-05 00:00:00,49.59999847,50.50999832,278.8500061,280.9299927,51.93999863,66.08999634,40.61999893,62.13999939,32.56000137,102.4599991,118.6699982,17.7069944,18.95360751,13.99259615
2018-12-06 00:00:00,48.38999939,49.63000107,269.9700012,271.9700012,50.22000122,64.37000275,39.40999985,60.33000183,31.95000076,102.9700012,119.1999969,17.42162971,18.65875821,13.8095175
2018-12-07 00:00:00,48.06000137,49.68000031,271.2200012,273.269989,50.43999863,64.62000275,39.54000092,60.49000168,32.36000061,102.8600006,118.5299988,17.47086443,19.01451668,13.92608952
2018-12-10 00:00:00,47.45999908,49.45000076,265.1600037,267.1199951,49.56000137,63.36000061,38.38000107,59.22999954,31.12999916,103.0400009,119.2799988,17.85014633,18.47093313,13.67510545
2018-12-11 00:00:00,48.59000015,50.00999832,267.8699951,269.8200073,49.81999969,63.56000137,38.83000183,59.25,31.19000053,102.8499985,119.3799973,17.36465216,18.11330149,13.56613426
2018-12-12 00:00:00,48.63999939,50.02000046,269,270.9400024,50.58000183,64.37000275,39.49000168,60.50999832,31.64999962,102.5,118.7200012,17.36023444,18.03985245,13.19257908
2018-12-13 00:00:00,48.58000183,49.61000061,267.4899902,269.4599915,50.45999908,64.16999817,39.40999985,60.52999878,31.43000031,102.5,118.5800018,17.54877928,18.33680769,13.27019175
2018-12-14 00:00:00,48.75999832,49.52000046,264.0299988,265.9700012,49.79999924,63.31000137,39.02999878,59.11000061,31.32999992,102.7200012,118.7699966,17.04378765,17.84358459,13.28777575
2018-12-17 00:00:00,48.40999985,49.52999878,260.6499939,261.1099854,49.40000153,63.20999908,38.84999847,59.15000153,31.18000031,102.9300003,119.3000031,17.1163909,17.82118346,12.90022108
2018-12-18 00:00:00,48.45000076,48.83000183,257.9500122,258.3500061,49.38999939,63.15999985,38.74000168,58.59000015,30.51000023,102.9499969,119.7900009,17.28862388,18.01529077,12.92105037
2018-12-19 00:00:00,47.72999954,48.75999832,259.3999939,259.8299866,49.63999939,63.31999969,38.99000168,59.47000122,30.98999977,103.4800034,121.6600037,17.46393385,17.69172429,12.90812502
2018-12-20 00:00:00,46.31000137,48.13000107,251.6199951,251.9400024,48.97000122,61.97999954,38.50999832,58.61000061,30.60000038,103.4700012,122.0299988,17.50221108,18.46192828,13.20873939
2018-12-21 00:00:00,46.65000153,48.75,249.7100067,251.4100037,48.70000076,61.08000183,38.47000122,58.61999893,30.38999939,103.2300034,121.2099991,17.53750261,17.94040209,13.30326426
2018-12-24 00:00:00,45.16999817,47.86999893,240.8399963,242,47.84000015,59.29000092,37.79999924,58.25,30,103.4899979,121.4199982,17.13931543,17.68321991,13.50654011
2018-12-25 00:00:00,45.16999817,47.86999893,240.8399963,242,47.84000015,59.29000092,37.79999924,58.25,30,103.4899979,121.4199982,17.22318915,17.7697553,13.57263632
2018-12-26 00:00:00,46.20000076,46.95999908,246.1799927,247.8899994,48.15999985,59.97999954,38.02000046,58.56000137,30.20000076,103.6200027,121.3899994,17.19324983,17.73886587,13.54904281
2018-12-27 00:00:00,46.38000107,47.54999924,248.2899933,250.0700073,47.99000168,60.56999969,37.95000076,58.70999908,30.43000031,103.6299973,121.3799973,17.10115264,18.18894785,13.08895975
2018-12-28 00:00:00,47.74000168,48.00999832,251.3999939,252.8800049,48.61999893,61.04000092,38.45999908,59.38000107,30.88999939,103.8199997,121.0500031,17.45178487,18.86816162,13.01296133
2018-12-31 00:00:00,47.47999954,47.54000092,250.1900024,251.6300049,48.75999832,61.15999985,38.5,59.61000061,30.95999908,104.6600037,121.5599976,17.517136,19.31962391,13.137852
2019-01-01 00:00:00,47.47999954,47.54000092,250.1900024,251.6300049,48.75999832,61.15999985,38.5,59.61000061,30.95999908,104.6600037,121.5599976,17.57849944,19.38730155,13.18387458
2019-01-02 00:00:00,47.47000122,47.22000122,251.2100067,252.6999969,48.38000107,60.75999832,38.29000092,58.34000015,32.31000137,104.4300003,122.1600037,17.56775786,19.76914781,13.20068902
2019-01-03 00:00:00,46.27999878,47.36999893,248.5700073,250.0299988,48.24000168,60.54999924,37.93000031,57.29000092,32.43000031,105.3199997,123.8600006,17.33283143,19.00826401,12.82243896
2019-01-04 00:00:00,47.56999969,47.56999969,253.1100006,254.5899963,49.52999878,62.24000168,39.00999832,58.72999954,33.25,104.5899963,122.5599976,17.50353618,18.99373623,13.05061668
2019-01-07 00:00:00,48,47.75,255.9499969,257.4599915,49.79999924,62.65000153,39.04999924,59.13999939,33.31000137,104.5699997,122.6500015,17.68885988,19.10244048,13.11700913
2019-01-08 00:00:00,48.02999878,47.56999969,257.3099976,258.8200073,50.18999863,62.70000076,39.22999954,58.29999924,33.50999832,104.0899963,121.9400024,18.62421545,19.35813722,13.23360107
2019-01-09 00:00:00,48.56999969,47.27999878,258.9100037,260.480011,50.74000168,63.36999893,39.91999817,59.95999908,34.25,103.9899979,121.4300003,19.53226512,19.10681963,13.12001615
2019-01-10 00:00:00,48.65000153,47.09000015,259.1600037,260.7000122,50.77999878,63.47000122,40.04999924,59.97000122,34.34999847,104.1399994,121.4100037,20.08780537,18.68752096,13.2451011
2019-01-11 00:00:00,49.29000092,47.36000061,259.0100098,260.519989,50.65000153,63.04000092,39.83000183,59.95000076,34.13000107,104.2600021,121.2699966,20.13085625,18.7483263,13.20035219
2019-01-14 00:00:00,48.83000183,47.40000153,258.2999878,259.8099976,50.40999985,62.84999847,39.68000031,59.34000015,34.45000076,104.2900009,121.0100021,20.30531077,18.78646074,13.29958062
2019-01-15 00:00:00,49.13000107,47.59999847,260.7000122,262.2000122,50.40000153,63.52000046,39.90999985,60.31999969,34.38999939,104.2900009,120.5699997,20.42229828,18.84897592,13.44405719
2019-01-16 00:00:00,48.88999939,47.47000122,261.9700012,263.519989,50.5,63.84999847,40.29000092,61.15999985,34.29000092,104,120.3899994,20.38951195,18.84485195,13.45141413
2019-01-17 00:00:00,48.84000015,47.13999939,263.9200134,265.4599915,50.75999832,63.95999908,40.5,61.40000153,34.61999893,103.9499969,120.5299988,20.42394294,19.12248033,13.46562799
2019-01-18 00:00:00,49.38000107,47.68999863,266.980011,268.5700073,51.29999924,64.48000336,40.66999817,61.68000031,34.84000015,103.7200012,120.1200027,20.47053907,19.34612691,13.5682568
2019-01-21 00:00:00,49.38000107,47.68999863,266.980011,268.5700073,51.29999924,64.48000336,40.66999817,61.68000031,34.84000015,103.7200012,120.1200027,19.98714747,18.68894689,13.75321401
2019-01-22 00:00:00,48.97999954,47.79000092,265.0599976,266.5899963,50.90000153,63.63000107,40.15999985,60.38999939,34.43000031,103.9100037,120.7200012,19.78367609,18.77038502,14.0365358
2019-01-23 00:00:00,48.79999924,48.29000092,264.7900085,266.3399963,51.15000153,63.63000107,40.25999832,61.08000183,34.43000031,103.8499985,120.6200027,20.89563748,19.43659723,14.39603968
2019-01-24 00:00:00,50.04000092,48.11000061,264.2000122,265.769989,51.06000137,63.75999832,40.63000107,61.77999878,34.68000031,104.1800003,121.2600021,21.74777676,19.85871308,14.5682888
2019-01-25 00:00:00,47.43000031,48.02999878,266.7000122,268.269989,51.54000092,64.68000031,41.11000061,63.56000137,35.16999817,103.9400024,120.75,21.65070319,19.55124106,14.60700711
2019-01-28 00:00:00,46.72999954,47.29999924,263.8299866,265.4100037,51.25,64.12999725,40.59999847,62.93999863,33.95000076,103.9800034,120.9400024,21.1309115,19.70703775,14.66140208
2019-01-29 00:00:00,46.97000122,47.63000107,264.5499878,266.0899963,51.68999863,64.44999695,40.77999878,63.47999954,34.36999893,104.1600037,121.0400009,20.83514326,19.37173561,14.64724303
2019-01-30 00:00:00,47.68000031,47.88999939,268.519989,270.1199951,52.09999847,65.29000092,41.41999817,65.38999939,34.81000137,104.4300003,120.9800034,20.79790649,19.25441406,14.53237366
2019-01-31 00:00:00,47.18000031,48.77999878,270.4700012,272.0299988,52.00999832,65.22000122,41.81999969,64.83000183,35.63999939,104.9300003,122.1800003,20.80382081,19.41340151,14.5338168
2019-02-01 00:00:00,49.04999924,48.77999878,271.2000122,272.8399963,52.11000061,64.88999939,41.56999969,64.12000275,35.45000076,104.4899979,121.5699997,20.89117795,19.40194769,14.41774528
2019-02-04 00:00:00,49.24000168,49.45000076,272.0299988,273.6700134,52.09000015,65.16000366,41.65000153,64.62000275,35.58000183,103.9700012,120.5500031,20.8322427,19.11910786,14.38510168
2019-02-05 00:00:00,50.72000122,49.47000122,273.4400024,275.0799866,52.54000092,65.70999908,42.06999969,65.41000366,35.65999985,104.1800003,121.2300034,20.91477588,19.49439547,14.46442444
2019-02-06 00:00:00,50.63999939,49.36000061,273.3399963,274.980011,52.52999878,65.40000153,41.88999939,65.18000031,34.95999908,104.2900009,121.4100037,20.77821118,18.63249447,14.43694328
2019-02-07 00:00:00,49.84999847,49.45999908,271.5499878,273.1799927,51.95000076,64.62000275,41.45000076,63.65000153,34.40999985,104.5500031,121.9100037,20.69509697,18.57384953,14.40896127
2019-02-08 00:00:00,49.02000046,49.5,270.5799866,272.1499939,51.40000153,63.93000031,41.04000092,62.72999954,34.29000092,104.7300034,122.4700012,20.7860145,18.59501479,14.42538055
2019-02-11 00:00:00,49.31999969,49.88000107,271.4899902,273.1499939,51.45000076,64.01999664,41.06000137,62.91999817,33.99000168,104.5400009,122.1800003,20.81786264,18.73245464,14.66771961
2019-02-12 00:00:00,50.13999939,49.79999924,274.519989,276.2000122,51.84999847,64.98000336,41.25999832,63.70999908,34.54999924,104.3899994,121.75,21.00185107,18.65287548,14.58526285
2019-02-13 00:00:00,50.81000137,49.93999863,275.9299927,277.6199951,52.09000015,65.29000092,41.25,63.47999954,34.36000061,104.1699982,121.3899994,21.05276753,18.71930095,14.58867803
2019-02-14 00:00:00,51.04000092,46.95999908,275.6400146,277.3099976,52.04000092,65.19999695,41.06000137,63.75999832,34.81000137,104.6200027,122.1999969,21.17253856,18.56518385,14.57444042
2019-02-15 00:00:00,51.66999817,46.25999832,277.4100037,279.1600037,52.63000107,65.70999908,40.97999954,63.43000031,34.90000153,104.4700012,122.0199966,21.62667236,17.30338512,14.51078321
2019-02-18 00:00:00,51.66999817,46.25999832,277.4100037,279.1600037,52.63000107,65.70999908,40.97999954,63.43000031,34.90000153,104.4700012,122.0199966,22.36016801,17.21601325,14.83881025
2019-02-19 00:00:00,51.70999908,45.59000015,278.5799866,280.2999878,52.95999908,66.01000214,41.34000015,63.84999847,35.02000046,104.6999969,122.5400009,22.38707611,17.60258545,14.8600981
2019-02-20 00:00:00,51.72999954,45.24000168,278.9200134,280.6300049,53.34999847,66.31999969,41.72999954,64.44000244,35.20000076,104.6999969,122.0800018,22.17287963,16.97970307,15.01789494
2019-02-21 00:00:00,51.84000015,45.90999985,278.1000061,279.7900085,53.11999893,66.05999756,41.50999832,63.93999863,34.70999908,104.3399963,121.1600037,22.30455334,18.47189532,14.999284
2019-02-22 00:00:00,52.97999954,45.95000076,279.3599854,281.0799866,53.22000122,66.41000366,41.97999954,64.5,35.22000122,104.7200012,121.9499969,22.29554403,19.24907783,14.79675016
2019-02-25 00:00:00,53.61000061,45.56999969,281.3099976,283.0599976,53.45000076,66.81999969,42.59000015,65.08999634,35.34999847,104.5,121.3000031,22.16444236,19.25865808,14.90520901
2019-02-26 00:00:00,53.36999893,45.13999939,280.2999878,282.019989,53.72999954,66.83000183,42.41999817,64.70999908,35.04999924,104.7900009,121.8199997,22.25051814,19.61196112,15.05946509
2019-02-27 00:00:00,53.38000107,45.02000046,279.5899963,281.3099976,53.63000107,66.51999664,42.06999969,64.5,34.95000076,104.5800018,121.1299973,22.73751807,19.6749136,14.84899139
2019-02-28 00:00:00,53.18000031,45.61000061,279.4500122,281.1799927,53.68999863,65.94999695,41.79000092,63.20000076,34.61000061,104.3499985,120.6200027,22.61170759,20.21708749,15.10554653
2019-03-01 00:00:00,53.68000031,45.63999939,280.8800049,282.6199951,54.02000046,66.05999756,41.93999863,63.45999908,33.88000107,103.8499985,119.5299988,22.6829553,20.42792466,14.98932134
2019-03-04 00:00:00,54.09999847,45.66999817,281.8699951,283.5700073,53.97999954,66.19000244,42,62.81000137,33.72000122,103.9499969,119.7699966,22.51026025,20.78644254,14.95299918
2019-03-05 00:00:00,53.99000168,45.70000076,279.7600098,281.4899902,53.84000015,65.97000122,42.38999939,62.54000092,33.93000031,103.9599991,119.8700027,22.42985762,20.24222168,14.71778266
2019-03-06 00:00:00,53.65000153,45.79000092,279.1600037,280.8800049,53.88000107,65.84999847,42.40999985,62.36999893,33.81999969,104.2900009,120.5199966,22.23479301,20.2349773,14.83021159
2019-03-07 00:00:00,52.99000168,45.52999878,276.9899902,278.6600037,53.36999893,65.44000244,41.91999817,61.79999924,33.11000061,104.6699982,121.2600021,21.91668806,19.79963067,14.76403885
2019-03-08 00:00:00,52.56000137,45.25,274.6499939,276.3299866,52.81999969,64.59999847,41.15999985,60.70999908,33.06999969,104.8300018,121.6900024,21.29614961,20.03142099,14.61377198
2019-03-11 00:00:00,53.65000153,46.24000168,278.6199951,280.3500061,53.25,65.31999969,42,61.29999924,34.09000015,104.7300034,121.4199982,21.27234043,20.08000813,14.44565593
2019-03-12 00:00:00,53.95999908,46.25,280.0700073,281.7999878,53.31999969,65.54000092,42.24000168,61.79000092,34.43000031,105,122.2300034,22.51192285,20.8002118,14.92050797
2019-03-13 00:00:00,54.56999969,46.34000015,282.3800049,284.1300049,53.88999939,65.66999817,42.31000137,61.40000153,34.65999985,104.9400024,121.9599991,22.20044398,20.59323114,14.39958168
2019-03-14 00:00:00,54.45000076,46.11000061,281.8399963,283.6000061,54.20000076,65.06999969,42.09000015,60.99000168,34.49000168,104.9100037,121.7600021,22.66271735,21.28366289,14.61159393
2019-03-15 00:00:00,54.68999863,45.90000153,282.2099915,285.2099915,54.68999863,65.75,42.61999893,62.04999924,34.75999832,105.1699982,121.9499969,22.73842171,21.7705472,14.49955535
2019-03-18 00:00:00,54.50999832,45.68000031,282.6600037,285.6700134,54.90000153,65.95999908,43.06999969,62.20999908,35.24000168,105.0800018,121.8700027,22.88442,22.15307596,14.09499431
2019-03-19 00:00:00,54.65000153,45.68999863,284.3599854,287.3999939,55.34000015,66.16000366,43.20000076,62.29000092,35.54000092,104.9899979,121.6200027,22.73776395,21.91272146,14.24857404
2019-03-20 00:00:00,54.40000153,45.90000153,283.5,285.3800049,55.38000107,66.26999664,43.43999863,62.75,35.52000046,105.6399994,122.8499985,22.82415596,21.87126873,14.34373077
2019-03-21 00:00:00,54.99000168,45.75999832,285.1799927,287.0700073,54.90999985,66.31999969,43.15000153,62.93000031,35.06000137,105.75,123.0899963,22.40416319,21.47186718,14.44399101
2019-03-22 00:00:00,54.61999893,46.11000061,283.7999878,285.7099915,54.13999939,66.08000183,42.56000137,62.16999817,33.77999878,106.5100021,125.2799988,22.24089994,21.01171494,14.13300412
2019-03-25 00:00:00,53.54999924,46.20000076,280.1900024,282.0799866,53.41999817,65.37000275,42.06000137,61.45000076,33.27999878,106.8600006,125.9400024,22.16323137,20.28526062,14.48494456
2019-03-26 00:00:00,53.77000046,46.79000092,282.1799927,284.0899963,53.66999817,66.16999817,42.20000076,61.38999939,33.65000153,106.6900024,125.2900009,22.13030287,20.88013797,14.37293515
2019-03-27 00:00:00,53.86000061,46.90999985,281.7600098,283.6600037,53.77000046,66.01000214,41.97999954,60.84000015,33,107.0800018,126.3399963,22.30618932,20.45130335,14.50879867
2019-03-28 00:00:00,53.43999863,46.91999817,281.2099915,283.1000061,53.52000046,65.75,42.00999832,60.68999863,33.09999847,106.9100037,126.6900024,22.07286561,20.2814681,14.48112605
2019-03-29 00:00:00,54.04000092,46.90999985,282.8399963,284.7399902,53.68999863,66.01000214,42.54000092,61.04000092,33.52999878,106.6800003,126.4700012,21.80702333,20.18540238,14.495364
2019-04-01 00:00:00,54.56999969,47.16999817,286.1600037,288.0799866,54.31999969,66.91000366,43.18000031,62.15999985,34.06999969,106.1299973,125.3600006,21.77423436,20.18544453,14.82002315
2019-04-02 00:00:00,54.79999924,46.93000031,286.230011,288.1600037,54.54999924,66.62999725,43.20000076,62.13000107,33.97999954,105.9199982,124.7399979,21.95590639,20.23079946,14.42816706
2019-04-03 00:00:00,55.99000168,46.59000015,287.7600098,289.7000122,55.13999939,67.26999664,43.56000137,63.41999817,34.06999969,105.6900024,123.8700027,22.17262908,21.05677741,14.49294405
2019-04-04 00:00:00,56.13999939,46.54000092,287.4599915,289.3900146,54.95999908,66.95999908,43.56999969,63.38999939,34.13999939,105.7200012,123.8899994,22.99380725,21.42574819,14.46830966
2019-04-05 00:00:00,55.95000076,46.58000183,288.6300049,290.5599976,55.06000137,67.05000305,43.88000107,63.49000168,34.54000092,105.8000031,124.1699982,22.6232519,21.054009,14.33241855
2019-04-08 00:00:00,55.74000168,46.56999969,288.9100037,290.8500061,55.18999863,66.91000366,43.90999985,63.06999969,34.95999908,105.7600021,123.9499969,22.68638113,20.86104012,14.31588878
2019-04-09 00:00:00,55.43000031,46.72000122,288.0799866,290.019989,54.93999863,66.69000244,43.88999939,63.15999985,34.74000168,105.8799973,124.3399963,22.78249439,20.92749772,14.26518571
2019-04-10 00:00:00,55.86000061,47,288.3900146,290.3399963,55.04999924,66.68000031,44.04000092,63.70999908,34.88999939,106.0699997,124.5199966,22.78484263,20.76097409,14.23236588
2019-04-11 00:00:00,56.06999969,46.75,288.8399963,290.7799988,55.13999939,66.47000122,43.65000153,63.27999878,34.56999969,105.8700027,124.0199966,22.79276898,20.77547793,14.33062601
2019-04-12 00:00:00,56.49000168,46.93000031,290.4700012,292.4400024,55.41999817,66.91999817,43.88000107,64.11000061,34.08000183,105.4499969,123.0599976,22.32579954,20.68074062,13.96994474
2019-04-15 00:00:00,56.56000137,47.04000092,290.3500061,292.3099976,55.52000046,67,43.66999817,64.09999847,33.70000076,105.4199982,122.9899979,22.08556923,20.80335016,14.1567452
2019-04-16 00:00:00,57.47000122,47.09999847,291.0100098,292.980011,55.68000031,67.25,43.86999893,64.33000183,33.79000092,105.25,122.6299973,22.07809288,20.59748487,13.96750564
2019-04-17 00:00:00,59.59000015,47.54999924,291.4299927,293.3900146,55.79000092,67.29000092,44.18999863,64.52999878,33.91999817,105.1800003,122.5699997,21.9830403,20.24788044,13.62035256
2019-04-18 00:00:00,58.88000107,47.58000183,290.3200073,292.2799988,55.66999817,67.05000305,44.11999893,63.38000107,33.93999863,105.4599991,123.0999985,21.72354007,20.05450458,13.48267733
2019-04-19 00:00:00,58.88000107,47.58000183,290.3200073,292.2799988,55.66999817,67.05000305,44.11999893,63.38000107,33.93999863,105.4599991,123.0999985,21.64873439,19.98544627,13.43624932
2019-04-22 00:00:00,58.83000183,47.61000061,290.4400024,292.3999939,55.70000076,66.93000031,43.79000092,63.02999878,33.79000092,105.2699966,122.5699997,21.6476103,19.98440855,13.43555165
2019-04-23 00:00:00,58.97999954,48.72000122,293.1400146,295.1099854,55.59000015,67.06999969,43.88000107,63.36000061,33.88999939,105.3899994,122.6999969,21.5362245,19.80969173,13.37089285
2019-04-24 00:00:00,59.29000092,48.22999954,293.1600037,295.1400146,55.43000031,66.44999695,43.65999985,61.81999969,33.63000107,105.7699966,123.5899963,21.3478927,19.71768999,13.19687912
2019-04-25 00:00:00,58.38000107,47.88999939,292.7799988,294.7600098,55.13000107,66.41000366,43.31999969,61.29000092,33.59000015,105.7900009,123.6200027,21.5382627,20.51877633,13.13717881
2019-04-26 00:00:00,53.09000015,48.45000076,293.4899902,295.5,55.27999878,66.68000031,43.52000046,61.22000122,33.79000092,105.9899979,124.0199966,22.41337049,20.8400499,13.28295259
2019-04-29 00:00:00,52.43000031,48.45000076,294.4500122,296.4599915,55.50999832,67.02999878,43.47999954,62.15000153,33.86000061,105.7699966,123.3499985,22.58456314,21.008295,13.2044757
2019-04-30 00:00:00,51.43000031,49.18000031,294.3399963,296.3299866,55.77000046,66.83999634,43.50999832,61.59999847,33.61999893,105.9300003,123.7399979,22.37310065,21.05399298,13.32040097
2019-05-01 00:00:00,51.59999847,49.08000183,294.9500122,296.9299927,55.84000015,67.08000183,43.81999969,62.13000107,33.74000168,106.1100006,124.4499969,22.55894049,21.25495549,13.4832049
2019-05-02 00:00:00,51.33000183,48.77000046,292.7000122,294.6799927,55.36000061,66.73999786,43.36000061,61.65999985,33.08000183,105.5699997,123.8099976,23.1954055,21.27659593,13.52303888
2019-05-03 00:00:00,51.81999969,48.95999908,294.3399963,296.3299866,55.65000153,67.26999664,43.83000183,61.45000076,33.38000107,105.6200027,123.8799973,22.93846855,21.24414985,13.42421739
2019-05-06 00:00:00,51.27999878,48.61000061,293.3099976,295.2799988,55.18999863,66.37999725,42.90000153,60.56999969,32.84999847,105.9199982,124.3799973,23.1451025,21.43552107,13.54514521
2019-05-07 00:00:00,50.88000107,48.29000092,290.8099976,292.7900085,54.59000015,65.97000122,42.36999893,60.06999969,32.34999847,106.1900024,125.1399994,22.53078313,21.24705246,13.20408686
2019-05-08 00:00:00,50.79000092,48.22999954,289.4299927,291.3800049,54.5,65.29000092,42.29000092,59.86000061,32.97000122,106.25,125.3000031,22.9227107,22.29540733,13.304059
2019-05-09 00:00:00,48.29000092,47.97999954,287.3299866,289.2399902,54.13999939,64.51000214,41.59000015,57.72999954,32.47000122,106.4300003,125.3000031,22.90116043,22.53682379,13.53250389
2019-05-10 00:00:00,46.79999924,48.29999924,288.9400024,290.8999939,54.47999954,64.95999908,41.79999924,57.93999863,32.50999832,106.4199982,125.4499969,22.58475777,22.11641026,13.26984615
2019-05-13 00:00:00,45.63999939,48.13000107,283.4899902,285.3999939,53.47999954,63.83000183,40.56000137,55.97000122,31.73999977,106.7399979,125.9300003,22.30028625,22.17017956,13.01066875
2019-05-14 00:00:00,45.49000168,49.31999969,285.1000061,287.019989,53.81999969,64.19000244,40.99000168,56.61999893,31.73999977,106.6200027,125.6500015,21.90765021,21.72616672,12.74273382
2019-05-15 00:00:00,45.75,49.38000107,285.769989,287.7000122,53.97000122,64.30999756,41.02000046,56.84999847,31.48999977,106.9700012,126.2699966,21.92823886,21.70882741,12.532266
2019-05-16 00:00:00,45.95000076,49.65999985,289.2099915,291.1700134,54.50999832,64.73999786,41.22000122,56.36000061,31.30999947,106.7200012,125.8300018,21.21126358,22.0977428,12.64196448
2019-05-17 00:00:00,45.72999954,49.54999924,288.6000061,290.5400085,54.24000168,64.33000183,40.45999908,55.45000076,30.80999947,106.9100037,126.3000031,21.05222658,21.9352683,12.61853824
2019-05-20 00:00:00,44.52000046,49.13999939,285.9599915,287.3699951,53.81999969,64.09999847,40.13000107,55.29000092,30.82999992,106.8399963,126.3799973,20.98160379,21.64364469,12.5023877
2019-05-21 00:00:00,44.77999878,49.02999878,286.9299927,288.8599854,54.13000107,64.41999817,40.47000122,55.84999847,31.59000015,106.5199966,125.7200012,22.0086551,21.46130278,12.39816661
2019-05-22 00:00:00,44.45999908,49.70999908,286.6900024,288.6000061,53.99000168,64.19999695,40.45000076,55.95999908,31.80999947,106.8000031,126.3300018,21.97046773,21.63951051,13.11099755
2019-05-23 00:00:00,44.74000168,49.90000153,283.2099915,285.1099854,53.25999832,63.77999878,39.90000153,55.59999847,31.52000046,107.5599976,128.0899963,21.46575041,21.45308625,12.74014449
2019-05-24 00:00:00,45.04999924,49.88999939,284.2000122,286.1199951,53.83000183,64.34999847,40.11999893,55.70000076,31.65999985,107.3700027,127.7799988,21.52988791,21.22593656,12.66463995
2019-05-27 00:00:00,45.04999924,49.88999939,284.2000122,286.1199951,53.83000183,64.34999847,40.11999893,55.70000076,31.65999985,107.3700027,127.7799988,21.6320771,21.32668307,12.72475123
2019-05-28 00:00:00,44.68999863,49.66999817,284.1499939,286.0799866,53.81999969,64.51999664,40.31999969,55.90000153,31.93000031,107.8399963,128.8999939,21.80088738,21.28091275,12.64426103
2019-05-29 00:00:00,44.52999878,49.02999878,279.3599854,281.2000122,52.77000046,63.77999878,40.31999969,54.95000076,32.25999832,108.2399979,129.8999939,22.16708237,21.16696843,12.50775407
2019-05-30 00:00:00,45.02999878,49.31000137,280.0400085,281.9200134,53.04999924,63.83000183,40.59999847,55.77000046,32.77000046,108.2399979,130.2299957,21.84895153,20.78807758,12.31371546
2019-05-31 00:00:00,44.97000122,49.31000137,277.1199951,278.9599915,52.59999847,63.41999817,40.68999863,55.59000015,32.70999908,108.9499969,131.8999939,21.13386513,20.93210986,12.28185241
2019-06-03 00:00:00,44.59000015,49.97999954,276.5499878,278.3900146,52.99000168,63.66999817,41.06999969,56.83000183,32.81000137,109.3399963,132.5800018,20.71615402,20.42544533,12.19712546
2019-06-04 00:00:00,44.86000061,50.27999878,280.6799927,282.5799866,53.61000061,64.27999878,40.93000031,57.06000137,33.11999893,108.9899979,131.7599945,21.00984067,20.1866703,12.41087635
2019-06-05 00:00:00,45.18000031,51.13999939,282.9899902,284.8999939,53.83000183,64.54000092,40.97000122,56.95000076,33.18000031,109.1299973,130.9499969,20.80713374,20.09577874,12.42330696
2019-06-06 00:00:00,45.16999817,51.54000092,285.5499878,287.5,53.95999908,64.48999786,40.66999817,56.68000031,33.11000061,109.0999985,131.5899963,20.72045821,19.74343721,12.43481264
2019-06-07 00:00:00,46.11999893,52.18999863,288.8500061,290.8299866,54.72999954,65.16000366,41.22000122,57.02999878,33.36000061,109.4199982,132.0700073,20.40634799,20.08888769,12.45714211
2019-06-10 00:00:00,47.18999863,51.54000092,290.8200073,292.8099976,54.77000046,65.59999847,41.43000031,57.59999847,33.31000137,108.8799973,130.6999969,21.12013061,20.99290091,12.87564589
2019-06-11 00:00:00,47.31999969,51.59000015,291.3999939,293.4200134,55.18000031,65.97000122,41.83000183,58.11000061,33.84999847,108.7699966,130.7599945,21.37191418,21.47344347,13.09727757
2019-06-12 00:00:00,46.66999817,52.13999939,289.2600098,291.25,54.93999863,65.40000153,41.45000076,57.59000015,34,108.9899979,130.75,20.81716255,21.58062817,13.00436438
2019-06-13 00:00:00,46.95999908,51.70000076,289.980011,291.9700012,54.84000015,65.12999725,41.41999817,57.24000168,33.90999985,109.3300018,131.25,21.04568353,20.86797571,13.02344469
2019-06-14 00:00:00,46.41999817,51.52999878,289.9299927,291.9299927,54.31000137,64.73000336,41,56.83000183,33.47999954,109.3799973,131.7100067,20.84601222,20.92209256,13.03509767
2019-06-17 00:00:00,46.52999878,51.47999954,290.2200012,290.4500122,53.40000153,64.34999847,40.74000168,56.99000168,32.81999969,109.3799973,131.7599945,20.88424185,20.78347349,12.94873379
2019-06-18 00:00:00,48,51.29999924,293.5700073,293.7999878,54.09000015,65.02999878,41.65999985,58.38999939,33.34999847,109.8000031,132.8600006,20.56813288,21.1952101,13.31912019
2019-06-19 00:00:00,47.58000183,51.24000168,293.6499939,293.8900146,54.40000153,65.65000153,42.04999924,58.93999863,33.59999847,109.9000015,132.7200012,20.87312828,21.16216016,13.54679849
2019-06-20 00:00:00,48.04999924,51.79000092,296.3099976,296.5700073,54.95000076,66.44000244,42.81999969,59.99000168,34.38999939,110.2799988,133.5099945,21.04796822,21.16187785,13.99822781
2019-06-21 00:00:00,47.72999954,51.88999939,295.519989,297.2000122,54.86999893,65.93000031,42.47999954,59.50999832,34.31999969,109.7699966,132.5299988,20.86642629,21.55265469,14.10580584
2019-06-24 00:00:00,47.84999847,52.20000076,294.5799866,296.269989,54.95000076,65.83999634,42.45000076,59.59000015,34.36999893,109.9400024,132.5299988,20.41414858,21.44696934,14.10246616
2019-06-25 00:00:00,47.68000031,52.09999847,293.730011,295.4100037,54.86999893,65.93000031,42.18000031,59.63999939,34.24000168,110.2300034,133.0899963,19.45346741,21.22428075,13.65692015
2019-06-26 00:00:00,48.47999954,51.63999939,292.3099976,293.9899902,54.68000031,65.83000183,42.45000076,60.02000046,34.11000061,109.9499969,132.6999969,19.37866476,20.73656727,13.57902508
2019-06-27 00:00:00,48.41999817,51.40000153,292.0599976,293.730011,54.63999939,66.05999756,42.59999847,60.29000092,33.97000122,110.0299988,133.0899963,19.44126868,20.46984005,13.79047537
2019-06-28 00:00:00,48.20000076,51.40000153,293.5499878,295.2099915,55.02000046,66.16999817,42.61999893,60.00999832,34.04999924,110.1100006,133.0800018,19.10496952,20.23326566,13.81845838
2019-07-01 00:00:00,49.45000076,51.63000107,296.9200134,298.8800049,55.38999939,67.08000183,43.43000031,59.77000046,34.40999985,109.8700027,132.75,19.01642631,20.4382152,13.8878307
2019-07-02 00:00:00,48.22000122,52.04999924,296.4899902,298.230011,55.27000046,66.90000153,43.20999908,59.31999969,34.04999924,110.1500015,133.3899994,18.96693528,20.10495139,13.6561934
2019-07-03 00:00:00,48.56000137,52.33000183,298.8200073,300.519989,55.66999817,67.08000183,43.13000107,58.29000092,34.02999878,110.4000015,134.2899933,18.5572467,20.15722656,13.55573486
2019-07-04 00:00:00,48.56000137,52.33000183,298.8200073,300.519989,55.66999817,67.08000183,43.13000107,58.29000092,34.02999878,110.4000015,134.2899933,18.99992418,19.7297226,13.53901882
2019-07-05 00:00:00,48.18000031,52.11999893,298.6400146,300.3599854,55.13999939,66.80999756,42.90000153,58.11999893,34.54999924,109.6500015,132.5500031,19.3401453,19.70505371,13.51419392
2019-07-08 00:00:00,47.95000076,52.33000183,298.2600098,299.0499878,54.93999863,66.26999664,42.70999908,56.84999847,34.84999847,109.8199997,133.2200012,19.71516899,19.11394402,13.42735779
2019-07-09 00:00:00,47.79999924,51.97000122,297.519989,299.2600098,54.65000153,65.73999786,42.56999969,56.59000015,34.90999985,109.5,132.7100067,19.71337259,19.10006766,13.29244552
2019-07-10 00:00:00,48.61000061,51.97000122,299.6600037,301.3900146,54.97999954,66.23000336,43.06999969,57.36999893,35.27999878,109.6200027,132.4400024,19.95863869,19.11145553,13.03167046
2019-07-11 00:00:00,48.77999878,52.06000137,299.5799866,301.3200073,54.90000153,66.41000366,42.95999908,57.68999863,35.15000153,109.4000015,131.4100037,20.25066259,19.76284552,12.90839024
2019-07-12 00:00:00,49.93000031,52.29000092,300.730011,302.4899902,54.75,66.38999939,42.79000092,57.63000107,35.20000076,109.1699982,130.4499969,20.22542318,19.81214828,12.82404541
2019-07-15 00:00:00,50.25,52.29000092,301.1300049,302.8900146,54.93999863,66.44000244,43,57.56000137,35.04999924,109.2799988,131.0500031,20.36659949,19.56199309,12.92399029
2019-07-16 00:00:00,50,52.47000122,300.8800049,302.6000061,54.86999893,66.25,43.08000183,57.72000122,34.90999985,109.0800018,130.6000061,20.36677728,20.02879143,12.76835454
2019-07-17 00:00:00,49.70000076,52.25999832,299.9299927,301.6400146,54.81000137,66.12999725,42.93999863,57.13999939,34.83000183,109.5599976,132.0200043,20.1074878,19.58618256,13.03263098
2019-07-18 00:00:00,49.99000168,52.16999817,299.25,300.9599915,54.77999878,66.01999664,43.02999878,57.72999954,34.84999847,109.8899994,132.3200073,20.15667693,19.44789804,12.60880346
2019-07-19 00:00:00,50.65999985,52.15000153,300.0700073,301.8200073,54.63000107,66.51999664,43.06000137,58.13000107,34.79999924,109.7300034,131.9299927,20.55610519,19.49004727,12.64219282
2019-07-22 00:00:00,51.52000046,51.52000046,298.5,300.2099915,54.65000153,66.31999969,42.84999847,58.20000076,34.65000153,109.8000031,132.4900055,20.1831879,19.26975162,12.76308224
2019-07-23 00:00:00,52,54.63999939,300.0299988,301.7600098,54.95000076,66.68000031,42.75999832,58.18000031,34.54000092,109.6600037,131.7400055,19.93488145,18.78719115,12.49984431
2019-07-24 00:00:00,52.97000122,54.81999969,301.4400024,303.1700134,54.90999985,66.66000366,42.86000061,57.88999939,34.50999832,109.75,131.8999939,19.67857628,18.85759902,12.48880568
2019-07-25 00:00:00,52.59999847,53.79999924,301,302.7399902,54.83000183,66.48000336,42.81999969,57.40000153,34.22000122,109.5299988,131.4100037,19.11599491,16.60631825,12.48595357
2019-07-26 00:00:00,53.5,54.31000137,302.230011,303.980011,54.63000107,66.12000275,42.75999832,57.22000122,34.02000046,109.5100021,131.7799988,18.53074064,15.76607369,12.31646673
2019-07-29 00:00:00,52.56000137,54.29999924,302.0100098,303.6799927,54.79999924,66.08000183,42.63999939,56.45999908,33.91999817,109.6600037,131.9499969,18.63893411,17.67392341,12.30070396
2019-07-30 00:00:00,52.31000137,54.29999924,301.1700134,302.8999939,53.95000076,65.62999725,42.27000046,56.40000153,33.75,109.6699982,132.1000061,18.09407544,17.42150303,12.09529688
2019-07-31 00:00:00,51.72000122,53.50999832,301.2000122,302.9400024,53.99000168,65.76000214,42.29000092,56.11000061,33.63999939,109.9899979,133.3300018,17.5974743,17.26947622,12.03998694
2019-08-01 00:00:00,51.88999939,53.20000076,300.8699951,302.6000061,53.90000153,65.84999847,42.09999847,55.91999817,33.38000107,110.9199982,135.3899994,17.31912017,17.13681364,12.04438462
2019-08-02 00:00:00,49.36000061,52.72999954,294.1199951,295.8099976,53.15999985,64.58000183,40.93999863,54.20000076,32.61999893,111.1999969,136.5099945,16.94370759,16.51365906,12.07580162
2019-08-05 00:00:00,47.95999908,52.65999985,288.2099915,289.8500061,52.06999969,63.25999832,39.63000107,52,31.42000008,112.1999969,138.8899994,16.40539563,16.42969992,12.13087866
2019-08-06 00:00:00,47.56000137,52.75999832,288.0400085,289.6900024,52.11000061,62.86999893,39.97000122,52,31.53000069,112.3000031,139.9799957,16.40141602,16.31630859,12.13388672
2019-08-07 00:00:00,46.88000107,53.38999939,288.8200073,290.4599915,52.20999908,63.18999863,40,51.91999817,31.82999992,113.2699966,143.0599976,16.56302128,16.57519102,12.3157807
2019-08-08 00:00:00,47.36999893,53.77999878,293.6199951,295.2799988,52.79999924,63.79999924,40.52000046,52.45000076,32.5,112.4100037,140.4299927,17.00060773,17.00028013,12.41044364
2019-08-09 00:00:00,47,53.90000153,293.2399902,294.9500122,52.52999878,63.49000168,40.27999878,52.29000092,32.54000092,112.5999985,141.5500031,17.29267651,16.90407703,12.50804551
2019-08-12 00:00:00,46.06999969,53.43999863,291.6099854,292.2099915,52.34999847,62.88999939,39.77999878,51.84000015,31.37999916,112.9800034,143.4299927,16.93896518,16.54223995,12.59903159
2019-08-13 00:00:00,47.04999924,53.61000061,294.1499939,295.8399963,52.54000092,63.29999924,40.34999847,52.56000137,31.95000076,112.8899994,143.9100037,16.58337982,16.33047502,12.44216761
2019-08-14 00:00:00,46.63000107,53.97000122,288.7399902,290.4100037,51.43999863,62.16999817,39.43000031,51.75999832,31.06999969,113.2900009,145.7299957,16.44197145,16.38315857,12.59500556
2019-08-15 00:00:00,46.18000031,54,285.6400146,287.2399902,51.08000183,62.29999924,39.38999939,51.52999878,30.5,114.1699982,148.6000061,16.53480711,16.30565952,12.63929821
2019-08-16 00:00:00,46.68000031,54.49000168,289.3299866,291.0100098,51.56999969,62.88000107,39.81000137,52.43000031,30.79000092,113.6699982,146.5099945,16.22566542,15.84000342,12.5994531
2019-08-19 00:00:00,47.59999847,54.77999878,293.0799866,294.769989,52.15000153,63.20000076,40.25999832,52.58000183,30.86000061,113.2600021,144.6600037,16.51465388,16.2227896,12.76906228
2019-08-20 00:00:00,47.11999893,54.68000031,292.3599854,294.019989,51.86000061,63.27999878,40.11000061,52.95999908,30.5,113.6600037,145.6199951,16.54737446,16.20769229,12.66529248
2019-08-21 00:00:00,47.29000092,54.40999985,292.8599854,294.5700073,52.43999863,63.45999908,40.29000092,53.59000015,30.88999939,113.5699997,145.7899933,16.74754667,16.00564373,13.62182446
2019-08-22 00:00:00,47.43000031,54.63999939,293.9299927,295.6300049,52.38999939,63.15999985,40.06999969,52.50999832,30.89999962,113.3700027,144.6999969,17.0094029,15.91750114,12.64179588
2019-08-23 00:00:00,46.63000107,54.70999908,292.7600098,294.4500122,52.47000122,63.13999939,40.13000107,52.72000122,30.43000031,113.9400024,146.2700043,17.40994882,16.0989956,12.71747141
2019-08-26 00:00:00,45.81999969,54.54000092,288,289.6600037,52,62.93000031,39.59999847,51.93999863,29.65999985,113.9300003,146.2899933,17.42489297,16.11281447,12.72838769
2019-08-27 00:00:00,46.11999893,54.95000076,289.9500122,291.6099854,52.25999832,63.02999878,39.88000107,52.25,29.72999954,114.1900024,147.7200012,17.11073041,15.74187198,12.5886088
2019-08-28 00:00:00,45.90999985,55.15000153,289.0700073,290.7099915,52.02999878,62.93000031,39.72999954,52.40999985,29.69000053,114.3899994,148.8999939,17.20876491,15.82076317,12.40603323
2019-08-29 00:00:00,47.22000122,55.34000015,293.1600037,294.8399963,52.43999863,63.34999847,40.16999817,52.79999924,30.21999931,114.0999985,147.3399963,16.61718159,15.54195219,12.21851587
2019-08-30 00:00:00,47.79000092,55.22000122,294.2399902,295.9599915,52.79000092,63.63000107,40.45000076,53.61000061,30.65999985,114.0500031,147.4799957,16.61020252,15.28187378,12.43023226
2019-09-02 00:00:00,47.79000092,55.22000122,294.2399902,295.9599915,52.79000092,63.63000107,40.45000076,53.61000061,30.65999985,114.0500031,147.4799957,16.96213682,15.32063971,12.45105957
2019-09-03 00:00:00,47.22000122,55.33000183,291.5799866,293.2900085,52.41999817,63.36999893,40.18999863,53.09000015,30.35000038,114.4400024,148.6699982,16.68818573,15.42118682,12.3562561
2019-09-04 00:00:00,48.95000076,55.91999817,294.0599976,295.769989,53.25,64.11000061,40.86000061,54.25999832,30.84000015,114.3000031,147.6199951,16.491355,15.16140702,12.18715971
2019-09-05 00:00:00,51.16999817,55.77000046,298.8299866,300.6000061,53.75999832,64.86000061,41.29999924,55.24000168,31.67000008,113.6200027,145.8000031,16.71974516,15.28662415,12.4938755
2019-09-06 00:00:00,50.99000168,55.43999863,298.7600098,300.5100098,53.77000046,65.09999847,41.43999863,55.59000015,31.90999985,113.5299988,146.0299988,16.44011184,15.33095887,12.57040036
2019-09-09 00:00:00,52.02999878,55.08000183,299.2399902,300.980011,53.74000168,65.41000366,41.52000046,55.84999847,32.20999908,112.9400024,144,16.68984147,15.05902054,12.55327814
2019-09-10 00:00:00,51.84000015,54.43999863,298.2000122,299.9500122,53.86000061,65.58999634,41.47999954,56.27999878,32.06999969,112.6299973,143.2899933,16.4810738,15.18480957,12.56759036
2019-09-11 00:00:00,52.79000092,54.79999924,300.3399963,302.1199951,54.06000137,66.12999725,41.74000168,56.79999924,32.24000168,111.9700012,141.1499939,16.50497824,15.5917961,12.84902372
2019-09-12 00:00:00,53.33000183,55.31000137,302.4599915,304.25,54.45000076,66.65000153,42.18999863,57.90999985,32.43999863,112.1600037,141.8000031,16.47917782,15.51707013,12.90211078
2019-09-13 00:00:00,53,54.79000092,302.1700134,303.9500122,54.70999908,67.19999695,42.27999878,58.11999893,32.56000137,111.2099991,138.7100067,16.74331331,15.4857154,12.9458608
2019-09-16 00:00:00,52.29000092,54.34000015,301.1400146,302.3999939,54.20000076,66.84999847,42.06999969,57.18000031,32.29000092,111.0999985,138.5700073,16.55898082,15.6716694,12.99723778
2019-09-17 00:00:00,52.13999939,54.70000076,301.019989,302.7799988,54.29999924,66.83000183,41.90999985,57.06000137,32.47000122,111.3799973,139.6000061,16.15709734,15.4610993,13.02510616
2019-09-18 00:00:00,52.13000107,54.29000092,301.2200012,303,54.34999847,66.62000275,41.83000183,57.09999847,32.49000168,111.8000031,140.6600037,16.47850059,15.65332529,12.98918359
2019-09-19 00:00:00,51.99000168,54.59999847,302.6300049,304.3999939,54.58000183,67.15000153,41.75,57.33000183,32.43000031,111.5899963,140.9900055,16.69805121,15.61311435,13.04418339
2019-09-20 00:00:00,51.88000107,54.68999863,300.6700134,303.8399963,54.56000137,67.06999969,41.84000015,57.75,31.95000076,112.0199966,141.9799957,17.03406887,16.43286644,13.10120297
2019-09-23 00:00:00,51.22999954,54.36000061,299,302.1099854,54.08000183,66.76999664,41.65000153,57.36999893,31.84000015,112.4800034,143.1600037,16.94936392,16.56273384,13.07059116
2019-09-24 00:00:00,51.18000031,54.61000061,299.8399963,301.5299988,53.81999969,66.93000031,41.08000183,57.61999893,31.79999924,112.8199997,143.8500061,16.61095887,16.36388418,12.95681407
2019-09-25 00:00:00,51.20999908,54.47999954,298.1099854,299.7600098,53.22000122,66.54000092,40.72999954,56.63999939,31.70999908,112.6900024,143.5500031,16.51891657,16.20676773,12.98539171
2019-09-26 00:00:00,51.15000153,54.58000183,297.8599854,299.5,53.56000137,66.69000244,40.75999832,56.58000183,31.85000038,112.4300003,142.9900055,16.07979316,15.82024231,12.65619385
2019-09-27 00:00:00,51.22000122,54.63999939,297.9500122,299.6000061,53.66999817,66.15000153,40.72999954,56.16999817,32.02999878,112.4899979,142.9799957,16.52484903,15.43963507,12.72660015
2019-09-30 00:00:00,51.59999847,54.68000031,297.5499878,299.1900024,53.70999908,66.06999969,40.50999832,56.54000092,31.76000023,112.5100021,143.0899963,16.63265511,15.36645889,12.66196213
2019-10-01 00:00:00,52.24000168,54.77999878,298.4599915,300.1199951,53.45000076,66.05999756,40.29999924,56.59999847,31.54000092,112.8600006,143.9100037,16.94790304,15.28875372,12.59724483
2019-10-02 00:00:00,50.36999893,54.43999863,291.5100098,293.1499939,52.18999863,65.18000031,39.86999893,55.06999969,31.04000092,113.1800003,144.2700043,16.91415131,14.7015443,12.41518373
2019-10-03 00:00:00,50.06999969,53.97999954,290.4500122,292.0599976,52.08000183,65.23000336,40.27000046,55.77000046,31.09000015,113.8799973,145.6699982,16.16793018,14.51914582,12.52583936
2019-10-04 00:00:00,50.97000122,54.54000092,294.6300049,296.2600098,52.52000046,65.76999664,40.52000046,56.15999985,31.80999947,113.8899994,146.0299988,16.32889815,14.83547662,12.4163806
2019-10-07 00:00:00,51.22999954,54.36000061,295.2600098,296.9200134,52.77000046,65.73000336,40.41999817,56.04999924,31.71999931,113.6800003,145.5299988,16.1580786,15.24533217,12.48242408
2019-10-08 00:00:00,50.47999954,54.06999969,291.8500061,293.4500122,52.15999985,65.41999817,40.06000137,56.24000168,31.22999954,113.8700027,145.9299927,15.93757696,14.84394215,12.36175977
2019-10-09 00:00:00,50.79000092,54.06999969,292.2999878,293.9100037,52.41999817,65.65000153,40.25999832,56.65999985,31.20000076,113.5500031,144.6100006,15.57994071,14.68791273,12.21956134
2019-10-10 00:00:00,51.77999878,53.88000107,294.2099915,295.8599854,52.84000015,65.79000092,40.70000076,57.00999832,31.54999924,113.0800018,143.1799927,15.52271701,14.14264855,12.1763563
2019-10-11 00:00:00,52.79000092,53.70000076,298.7399902,300.3900146,54.22000122,66.88999939,41.38999939,58.27999878,32.20000076,112.1800003,141.1000061,16.97127879,15.41713238,12.40830493
2019-10-14 00:00:00,51.95000076,53.68000031,296.6700134,298.2799988,53.86999893,66.40000153,41.15000153,57.77000046,32.00999832,112.2900009,141.5099945,17.388978,16.02612631,12.6063781
2019-10-15 00:00:00,53.06999969,53.68000031,299.7000122,301.3699951,54.63999939,67.18000031,41.38000107,58.22000122,32.09000015,112.2399979,140.9499969,17.30335094,15.94127958,12.58654828
2019-10-16 00:00:00,52.56000137,53.56999969,299.1600037,300.8200073,54.68000031,67.13999939,41.43000031,58.15999985,32.13999939,112.0199966,140.0599976,17.85212922,15.84870943,12.69683244
2019-10-17 00:00:00,52.84000015,54.11999893,300.2399902,301.9200134,55,67.19000244,41.75,58.52000046,32.40000153,112.0899963,140.3800049,17.91485005,16.18363691,12.69556303
2019-10-18 00:00:00,51.81999969,55.38999939,299.3999939,301.0499878,54.93999863,66.91000366,41.63000107,57.77999878,32.33000183,112.1200027,140.2299957,17.50982119,16.24017908,12.85573606
2019-10-21 00:00:00,52.16999817,54.56000137,300.2099915,301.8699951,55.27000046,67.44000244,41.70000076,58.63999939,32.31000137,111.7900009,138.9900055,17.36370917,16.46069309,12.7712274
2019-10-22 00:00:00,52.31999969,54.41999817,300.8999939,302.5599976,55.29000092,67.73000336,41.79999924,59.27999878,33,111.8499985,139.5299988,17.30422452,16.73347049,12.77710731
2019-10-23 00:00:00,51.95999908,54.65999985,299.9400024,301.6300049,55.20999908,67.76000214,41.74000168,59.06000137,33.31999969,112.0699997,140.3099976,17.20117038,17.00789881,12.70438502
2019-10-24 00:00:00,52.43000031,54.81999969,301.0700073,302.75,55.47999954,67.83999634,41.88000107,59.31000137,33.50999832,112.0699997,140.2400055,17.14913403,17.39467551,12.74231059
2019-10-25 00:00:00,56.61000061,54.56000137,302.2000122,303.8999939,55.36999893,67.91999817,41.99000168,59.24000168,33.63999939,111.9199982,139.5500031,17.03903487,17.07755567,12.66050368
2019-10-28 00:00:00,56.81000137,53.95000076,303.8500061,305.5599976,55.63999939,68.16999817,42.34999847,59.59999847,33.88999939,111.2200012,137.5800018,16.88694999,17.04093433,12.48556409
2019-10-29 00:00:00,57.24000168,53.65999985,304.230011,305.9400024,55.58000183,68.23999786,42.11999893,59.40000153,33.75,111.3499985,137.7400055,16.54752006,17.09344628,12.69028927
2019-10-30 00:00:00,56.63000107,54.04999924,304.5499878,306.2200012,55.84999847,68.37999725,42.18000031,59.38999939,33.58000183,111.8099976,139.4499969,16.70097775,16.70097775,12.76376728
2019-10-31 00:00:00,56.59999847,54.47000122,304.1300049,305.8299866,55.66999817,68.23000336,42.06000137,59.15000153,33.38000107,112.5800018,141.6799927,16.92706734,17.03028116,12.77271087
2019-11-01 00:00:00,56.65000153,54.74000168,306.1900024,307.9500122,56.09000015,69.15000153,42.5,60.13000107,33.90999985,112.4199982,141.2700043,17.23557863,17.02854465,12.70671037
2019-11-04 00:00:00,57.79999924,54,308,309.7600098,56.54999924,69.54000092,43,61.08000183,34.06000137,111.6900024,139.1399994,17.2587783,17.04129624,12.70473785
2019-11-05 00:00:00,58.34999847,52.88999939,307.9200134,309.6499939,56.27000046,69.65000153,43.06999969,61.47000122,33.90999985,111.1699982,137.4400024,17.35206971,17.03274497,12.63375061
2019-11-06 00:00:00,57.70999908,52.79999924,307.3999939,309.1400146,56.36000061,69.63999939,43.04999924,61.27999878,33.54999924,111.3899994,138.4100037,17.64645398,17.28579652,12.72605586
2019-11-07 00:00:00,58.54999924,53,309.6499939,311.1799927,56.49000168,70.18000031,43.38999939,61.84999847,33.65000153,110.7099991,136.3600006,19.34944716,17.39817409,13.08819748
2019-11-08 00:00:00,58.29999924,52.59999847,309,310.6900024,56.27999878,69.77999878,42.97999954,61.13000107,33.13999939,110.6399994,135.9499969,19.19554921,17.76419002,13.1633926
2019-11-11 00:00:00,58.5,52.36999893,308.5400085,310.269989,56.27000046,69.58000183,42.63000107,60.33000183,32.79000092,110.5199966,135.3899994,18.83486097,17.60784092,13.33384465
2019-11-12 00:00:00,58.79999924,51.90999985,309.9899902,311.75,56.38000107,69.72000122,42.45000076,60.70999908,32.27999878,110.5,135.9499969,19.36479401,17.82178253,13.24418182
2019-11-13 00:00:00,57.97000122,52.45000076,309.5400085,311.2900085,56.16999817,69.29000092,42.09000015,59.93000031,31.82999992,110.8600006,136.9600067,19.34248426,18.1729387,12.9549662
2019-11-14 00:00:00,58.04000092,52.66999817,309.6400146,311.3800049,56.11000061,69.01999664,42.09000015,60.36000061,31.92000008,111.4000015,138.4400024,19.40923809,17.91819728,12.80238486
2019-11-15 00:00:00,58.70000076,52.68000031,311.8399963,313.6099854,56.43999863,69.55999756,42.34999847,61.63000107,32.47000122,111.2900009,138.1600037,19.32267666,17.41101953,12.77873016
2019-11-18 00:00:00,58.47999954,53.43999863,312.2799988,314.0599976,56.58000183,69.56999969,42.40999985,61.25999832,32.36999893,111.4899979,138.6100006,19.27847812,17.54703304,12.83078336
2019-11-19 00:00:00,58.65000153,53.31000137,312.6900024,314.4700012,56.75999832,69.68000031,42.61999893,61.06999969,31.90999985,111.6200027,139.2400055,19.11370894,17.21582578,12.48462125
2019-11-20 00:00:00,58.36000061,53.40000153,311.8500061,313.5899963,56.20999908,69.23000336,42.45999908,60.22000122,31.84000015,112.0199966,140.6000061,18.9934395,16.00129341,14.93357565
2019-11-21 00:00:00,58.29999924,53.34000015,311.0100098,312.7399902,56.04999924,68.84999847,42.31000137,59.04000092,32.08000183,111.8300018,140.0800018,18.61499233,15.97786842,12.48755736
2019-11-22 00:00:00,58.65000153,53.18999863,311.2399902,312.9700012,56.25999832,69,42.34000015,59.24000168,32.43999863,111.8099976,140.2799988,18.50129228,15.58139559,12.32558159
2019-11-25 00:00:00,58.84000015,53.38999939,313.3699951,315.1400146,56.56000137,69.55000305,42.65000153,60.04999924,32.41999817,111.7799988,140.5299988,18.21985953,15.55269996,12.3393322
2019-11-26 00:00:00,59.13000107,53.93999863,314.2799988,316.0400085,56.65999985,69.48000336,42.47000122,60.11999893,31.71999931,111.9899979,141.3099976,18.22379327,15.76042136,12.21368169
2019-11-27 00:00:00,58.59000015,54.09999847,315.480011,317.2799988,56.77000046,69.70999908,42.56999969,59.88999939,31.62999916,111.7699966,140.9100037,18.44254451,16.07613713,12.15073064
2019-11-28 00:00:00,58.59000015,54.09999847,315.480011,317.2799988,56.77000046,69.70999908,42.56999969,59.88999939,31.62999916,111.7699966,140.9100037,19.11280029,16.23997947,12.20584444
2019-11-29 00:00:00,58.29999924,53.72999954,315.1300049,316.9200134,56.58000183,69.01000214,42.18000031,58.59000015,31.77000046,111.6299973,140.6799927,19.29185724,16.14111215,12.25433234
2019-12-02 00:00:00,58.68999863,53.75,314.6600037,316.4500122,56.33000183,69.01999664,42.16999817,58.25,31.87000084,111.1200027,138.6699982,19.39516036,16.14111215,12.18976789
2019-12-03 00:00:00,56.86000061,53.84000015,309.6400146,311.4100037,55.84000015,68.59999847,41.90000153,57.43000031,31.71999931,112.1699982,141.7700043,19.04368769,16.17578566,12.25477522
2019-12-04 00:00:00,56.65999985,54.31000137,312.1199951,313.8699951,56.33000183,69.19999695,42.33000183,57.70999908,32.25999832,111.8600006,140.5,19.48372738,16.4812317,12.16595653
2019-12-05 00:00:00,56.40999985,54.29000092,312.25,314.0100098,56.45000076,69.12999725,42.52999878,57.45000076,32.61000061,111.4199982,139.4400024,19.98164371,17.04470921,12.14107748
2019-12-06 00:00:00,56.99000168,54.5,315.3099976,317.1400146,56.75999832,69.83999634,42.70999908,58.25,32.79000092,111.1900024,139.1199951,20.13237398,16.86908721,12.50049365
2019-12-09 00:00:00,56.95999908,54.50999832,315.1799927,317,56.75999832,69.70999908,42.77000046,57.97999954,32.90000153,111.2200012,139.1100006,20.56342481,16.87120604,12.10154265
2019-12-10 00:00:00,56.83000183,54.06999969,314.5499878,316.3200073,56.66999817,69.55000305,42.68000031,58.29999924,32.81000137,111.1900024,139.3500061,20.75719692,17.19468877,12.2913104
2019-12-11 00:00:00,57.16999817,54.15000153,314.7000122,316.519989,56.90000153,69.83000183,43.22000122,59.08000183,33.11000061,111.4700012,140.1399994,20.58576105,17.17572352,12.27775344
2019-12-12 00:00:00,58.04999924,54.45000076,317.9899902,319.8099976,57.33000183,70.41000366,43.81999969,61.22000122,33.74000168,111.3000031,139.2799988,20.56575497,17.23932991,12.3552931
2019-12-13 00:00:00,58.34000015,54.54999924,318.6700134,320.519989,58.22000122,70.73000336,44.13999939,61.65999985,34,111.2300034,139.6100006,22.19377406,18.40722245,12.40897426
2019-12-16 00:00:00,58.56999969,54.83000183,320.1499939,319.980011,58.74000168,71.05000305,44.20000076,60.52999878,33.61000061,110.8799973,138.4600067,21.41865129,18.13374591,12.3651316
2019-12-17 00:00:00,58.09999847,54.58000183,320.25,320.0700073,58.34999847,71.06999969,44.43999863,61.45999908,33.52999878,110.8199997,138.3399963,21.2359314,17.78509254,12.54247198
2019-12-18 00:00:00,57.45999908,54.75,320.25,320.0599976,58.20999908,70.77999878,44.65000153,61.36000061,33.95999908,110.6100006,137.4499969,21.16603517,17.19002236,12.85971138
2019-12-19 00:00:00,57.99000168,54.34000015,320.980011,320.8099976,58.18000031,70.75,44.68000031,61.58000183,34.04999924,110.4199982,136.8600006,21.65946779,17.50783922,12.81245859
2019-12-20 00:00:00,59.04999924,55.20000076,321.9700012,323.3500061,58.38000107,70.91999817,44.75999832,62.00999832,34.02999878,110.3000031,136.6900024,21.38635811,17.18302531,12.61390267
2019-12-23 00:00:00,59.77999878,55.24000168,321.6499939,323.0400085,58.13000107,69.66000366,44.22000122,61.70000076,33.93000031,110.3799973,136.9700012,21.32889462,17.27120247,12.45919576
2019-12-24 00:00:00,59.47999954,55,321.519989,322.9299927,58.15999985,69.54000092,44.25,61.25,33.95000076,110.4100037,137.0599976,21.32038937,17.13915939,12.1423954
2019-12-25 00:00:00,59.47999954,55,321.519989,322.9299927,58.15999985,69.54000092,44.25,61.25,33.95000076,110.4100037,137.0599976,21.30384202,17.12585722,12.13297135
2019-12-26 00:00:00,59.84999847,55.02000046,322.9500122,324.3299866,58.40000153,69.73000336,44.54999924,61.65000153,34.34999847,110.5299988,137.2200012,21.36741028,17.17695884,12.16917477
2019-12-27 00:00:00,60.47999954,55.45000076,323.7999878,325.1900024,58.77000046,70.05999756,44.75,62.68000031,34.38999939,110.7300034,137.6300049,21.45364594,17.03289466,12.27408592
2019-12-30 00:00:00,60.04999924,55.38999939,323.1000061,324.4899902,58.70000076,69.93000031,44.75999832,62.63000107,34.33000183,110.6200027,136.8999939,21.51002165,17.3075159,12.22601857
2019-12-31 00:00:00,59.93000031,55.38000107,322.1300049,323.5599976,58.59999847,69.58999634,44.54999924,62.31999969,34.02000046,110.4899979,136.4600067,21.55782752,17.09939604,12.09021714
2020-01-01 00:00:00,59.93000031,55.38000107,322.1300049,323.5599976,58.59999847,69.58999634,44.54999924,62.31999969,34.02000046,110.4899979,136.4600067,21.80371392,17.29443002,12.22811693
2020-01-02 00:00:00,60.97000122,55.43000031,324.8900146,326.3200073,59.09000015,70.23000336,45.52999878,62.16999817,34.83000183,110.9499969,137.5299988,22.0484967,17.46389342,12.21677522
2020-01-03 00:00:00,60.70000076,54.99000168,323.6400146,325.0599976,58.66999817,69.80999756,45.02999878,61.29999924,34.63000107,111.4899979,139.1600037,21.68880732,17.38787343,11.89004355
2020-01-06 00:00:00,60.20000076,54.90999985,323.730011,325.1400146,58.58000183,69.54000092,44.65000153,60.81000137,34.43999863,111.6699982,139.7100067,20.92816353,16.66405021,11.64129096
2020-01-07 00:00:00,59.79999924,54.59999847,323.5400085,324.9700012,58.41999817,69.81999969,44.68000031,61.34000015,34.25999832,111.4300003,138.4700012,21.07204056,16.62057199,11.89253289
2020-01-08 00:00:00,59.31999969,54.63999939,325.7799988,327.2099915,58.59000015,69.97000122,45.02999878,61.77999878,34.31000137,111.4199982,138.3099976,20.48363315,16.5471555,11.69743968
2020-01-09 00:00:00,59.50999832,55.40000153,326.730011,328.1700134,58.5,70.19000244,45.15999985,62.20999908,33.91999817,111.0400009,137.4400024,20.43089797,16.19794092,11.86014283
2020-01-10 00:00:00,60.08000183,55.93000031,327.4599915,328.8999939,58.5,70.31999969,45.43000031,62.83000183,34.04999924,111.3199997,138.4700012,20.52019261,16.25931185,11.76316774
2020-01-13 00:00:00,59.77999878,56.22999954,327.9599915,329.4299927,58.5,70.72000122,45.91999817,64.09999847,33.77999878,111.1399994,138.0899963,21.46006798,16.74172236,11.72150218
2020-01-14 00:00:00,59.74000168,56.29000092,328.6199951,330.0700073,58.59999847,70.73000336,45.68000031,63.90000153,33.70999908,111.3600006,138.8200073,21.3655795,16.7018443,11.74132758
2020-01-15 00:00:00,59.65000153,56.97999954,329.019989,330.4899902,58.65999985,70.56999969,45.59000015,63.58000183,33.47000122,111.6200027,139.7599945,21.35694737,16.46047651,11.65516335
2020-01-16 00:00:00,59.84000015,56.95000076,330.9200134,332.3999939,58.84000015,70.86000061,45.65999985,64.16999817,33.27999878,111.5100021,139.5299988,21.30933743,16.51017208,11.60667706
2020-01-17 00:00:00,60,57.15000153,332.1799927,333.6499939,59.06999969,70.91000366,45.90999985,64.08000183,33.83000183,111.3000031,138.1399994,21.21370797,16.74078064,11.24771199
2020-01-20 00:00:00,60,57.15000153,332.1799927,333.6499939,59.06999969,70.91000366,45.90999985,64.08000183,33.83000183,111.3000031,138.1399994,20.64255846,16.67533708,11.04318345
2020-01-21 00:00:00,61.25,57.25,332.1799927,333.6499939,58.88000107,70.47000122,45.02000046,63.11999893,33.45999908,111.7799988,139.6499939,20.22369684,16.4910917,10.95630147
2020-01-22 00:00:00,62.84999847,57.63999939,332.9500122,334.4400024,58.83000183,70.80000305,45.22999954,64.01999664,33.31999969,111.8199997,140.1399994,20.35490656,16.80584593,10.86899818
2020-01-23 00:00:00,63.70999908,57.84999847,332.1700134,333.4100037,58.52000046,70.55000305,44.74000168,63.45999908,33.52999878,112.2399979,141.3800049,20.46637482,16.40464725,10.77869451
2020-01-24 00:00:00,69.29000092,57.86999893,332.5299988,334.0100098,58.74000168,70.65000153,44.70000076,63.47000122,33.47000122,112.6100006,142.5500031,20.1128308,16.47861415,10.90264997
2020-01-27 00:00:00,67.41999817,57.84999847,325.1199951,326.5599976,57.34999847,68.83000183,43.02000046,60.91999817,32.27000046,113.2099991,144.2899933,19.68416494,16.27502954,10.8347809
2020-01-28 00:00:00,67.58000183,57.75,327.8500061,329.2999878,57.65999985,69,43.25,60.84000015,32.59000015,113.1200027,144.0899963,19.79913521,16.0117017,10.77459535
2020-01-29 00:00:00,68.05999756,57.25999832,328.6300049,330.0799866,57.88000107,69.02999878,43.54999924,60.88999939,32.50999832,113.4100037,144.6999969,19.83641065,16.32088501,10.69316687
2020-01-30 00:00:00,66.5,58.97999954,327.9100037,329.3599854,57.70999908,68.43000031,42.81000137,59.47000122,32.09999847,113.8300018,145.6699982,19.94973626,16.35565845,10.86036556
2020-01-31 00:00:00,65.98000336,59.08000183,327.1700134,328.6199951,57.25999832,67.58999634,42.22999954,58,31.63999939,114.1200027,145.9900055,20.23560135,16.33507793,10.7329839
2020-02-03 00:00:00,65.04000092,58.97000122,326.1600037,327.6199951,57.09000015,67.84999847,42.45000076,58.65999985,32.06000137,113.8399963,145.7599945,20.3788411,16.50343406,10.65077853
2020-02-04 00:00:00,66.05999756,59.45000076,330.0100098,331.4899902,57.81999969,68.94000244,43.56999969,60.52000046,32.45000076,113.25,144.1399994,19.93813346,16.27284426,10.39798355
2020-02-05 00:00:00,67.59999847,59.08000183,333.0899963,334.5799866,58.41999817,69.45999908,44.09999847,60.97999954,32.86000061,112.8700027,142.6999969,20.4222593,16.47334764,10.41313668
2020-02-06 00:00:00,67.40000153,59.34000015,334.1900024,335.6799927,58.47000122,69.91000366,43.86999893,61.99000168,32.65999985,112.8000031,142.8800049,20.75643399,16.32440895,10.30673272
2020-02-07 00:00:00,67.30000305,59.31999969,333.9899902,335.1300049,58.13999939,69.26999664,43.16999817,60.70000076,31.85000038,113.3600006,144.7400055,20.79184994,16.16281867,10.12438962
2020-02-10 00:00:00,66.40000153,59.84000015,334.75,336.2399902,58.09000015,69.08000183,43.22000122,61.06999969,31.62000084,113.6200027,145.25,21.05195382,16.24339364,10.05543416
2020-02-11 00:00:00,67.70999908,59.79999924,337.019989,338.5400085,58.58000183,69.76999664,43.97000122,62.31999969,32.31000137,113.3700027,144.7200012,21.06962972,16.01860261,10.16664537
2020-02-12 00:00:00,68.08999634,59.77000046,337.6499939,339.1900024,58.84000015,69.76000214,44.36999893,62.90000153,32.59000015,112.9899979,143.5500031,21.1062318,16.16978348,10.35228926
2020-02-13 00:00:00,67.65000153,59.84000015,338.1199951,339.6799927,58.58000183,69.30999756,44.04000092,62.22999954,32.18999863,113.1399994,144.1999969,23.55685243,17.3113063,10.63816053
2020-02-14 00:00:00,67.86000061,60.06999969,337.730011,339.2600098,58.56000137,69.08999634,44.04000092,62.49000168,32.25999832,113.3700027,145.0800018,24.071392,17.63930731,10.72449009
2020-02-17 00:00:00,67.86000061,60.06999969,337.730011,339.2600098,58.56000137,69.08999634,44.04000092,62.49000168,32.25999832,113.3700027,145.0800018,23.50837351,17.51706677,10.59900016
2020-02-18 00:00:00,66.69000244,59.93000031,337.6700134,338.7000122,58.31000137,68.15000153,43.70999908,61.27999878,31.82999992,113.6500015,146.0500031,22.70580189,17.18147481,10.31611795
2020-02-19 00:00:00,67.19999695,60,339.0799866,340.6300049,58.59000015,68.18000031,44.04000092,61.36000061,32.00999832,113.5100021,145.6199951,22.50682493,17.18892118,10.19373238
2020-02-20 00:00:00,67.29000092,59.86000061,338.6400146,340.2000122,58.56000137,67.43000031,43.77000046,59.61000061,31.85000038,113.9400024,146.9400024,22.53393531,18.20820873,10.20038724
2020-02-21 00:00:00,65.25,60.13000107,335.8099976,337.3200073,58.20000076,66.86000061,43.40000153,58.81000137,31.26000023,114.5299988,148.8800049,22.55862001,17.89384323,10.16490645
2020-02-24 00:00:00,62.77000046,59.79999924,333.5599976,327.2799988,56,64.66000366,41.93000031,55.74000168,29.86000061,115.2900009,150.9600067,22.40990689,17.48749959,10.22047199
2020-02-25 00:00:00,62.27999878,59.20000076,324.6099854,326.0599976,55.61999893,65.01999664,42.29999924,56.88000107,30.07999992,115.7099991,151.7599945,22.91765866,17.4508794,9.901758235
2020-02-26 00:00:00,60.81999969,58.47000122,318.1099854,319.5,55.15000153,64.76999664,42.24000168,56.61000061,29.64999962,115.7900009,151.7200012,22.66491679,17.3465284,9.99961045
2020-02-27 00:00:00,58.50999832,57.88999939,311.5599976,311.0299988,54.08000183,63.63999939,41.40999985,56.22000122,28.85000038,116.3399963,153.0800018,22.53542979,17.06290847,9.917912128
2020-02-28 00:00:00,56.38000107,53.88999939,297.8900146,297.9599915,52.34000015,62.09999847,40.56999969,54.97000122,28,117.4499969,155.9799957,21.97561319,17.08641938,9.073801575
2020-03-02 00:00:00,58.22000122,55.95999908,309.1600037,310.5,53.16999817,62.79000092,41.29999924,56.29999924,28.88999939,117.9400024,156.5,22.09215876,16.8540759,8.952126943
2020-03-03 00:00:00,59.02000046,57.49000168,313.8399963,315.1499939,54.29999924,63.40000153,41.97000122,56.68999863,29.46999931,119.2900009,159.6999969,21.9850371,16.82710737,9.383857298
2020-03-04 00:00:00,58.70999908,59,313.1000061,314.75,54.58000183,63.5,41.72000122,57.81999969,28.90999985,118.9100037,157.3500061,21.56465469,16.38503489,9.166901368
2020-03-05 00:00:00,58.65999985,58.16999817,308.4700012,309.8099976,53.40999985,62.75,41.50999832,57.06999969,28.20000076,119.3199997,158.8200073,21.35959771,16.66022871,9.257113172
2020-03-06 00:00:00,56.00999832,55.90999985,298.7799988,300.0400085,52.27999878,61.61000061,40.27000046,55.70999908,26.78000069,121.3099976,169.3300018,20.86355165,16.63507592,9.233837572
2020-03-09 00:00:00,52.70999908,53.58000183,284.1900024,285.2900085,49.38999939,58.65999985,37.95000076,52.97000122,24.28000069,123.4100037,179.6999969,20.33010199,15.79774678,8.842022449
2020-03-10 00:00:00,54,53.79999924,288.519989,289.7399902,49.40000153,60.15999985,39.02999878,54.75,24.60000038,121.7600021,172.9299927,19.24686157,16.03033443,8.472803192
2020-03-11 00:00:00,53.54000092,52.65000153,281.9400024,283.0299988,47.90999985,58.58000183,38.20000076,52.90000153,23.95000076,120.5899963,167.0299988,19.1967571,15.9564168,8.120215344
2020-03-12 00:00:00,50.09000015,49.93000031,266.6600037,267.7799988,42.86000061,53.38999939,34.49000168,47.52999878,20.69000053,120.7699966,166.3600006,18.33004389,14.61276226,7.960109968
2020-03-13 00:00:00,55,49.56000137,271.480011,272.0700073,43.79000092,54.93000031,36.52000046,50.43999863,22.40999985,118.9800034,158.1999969,16.46700881,15.08428288,7.793546152
2020-03-16 00:00:00,52.25,47.88000107,256.8999939,257.8200073,39.97000122,50.61999893,33.25,44.79999924,19.87999916,120.6800003,166.1499939,15.22815612,13.49105873,6.819928586
2020-03-17 00:00:00,51.63000107,47.5,256.1700134,257,40.16999817,52.09999847,33.61000061,44.95999908,19.70999908,120.2900009,165.6300049,15.2719513,13.56689007,6.366379699
2020-03-18 00:00:00,50.04999924,45.15000153,248.3699951,246.8899994,38.36000061,50.50999832,31.89999962,41.77000046,18.18000031,117.8000031,154.1399994,12.11559154,11.85497601,5.618385871
2020-03-19 00:00:00,49.22999954,44.65999985,247.3800049,248.25,38.84000015,50.84999847,31.46999931,39.40000153,17.69000053,117.6299973,153.4499969,9.672281876,10.86754111,5.074460383
2020-03-20 00:00:00,49.41999817,42.06999969,244.4700012,246.6999969,39.59999847,51.83000183,32.56000137,41.77999878,18.29000092,119.8799973,159.4299927,10.94626406,8.816193298,4.668444399
2020-03-23 00:00:00,50.49000168,38.88999939,229.6799927,231.4600067,38.11000061,49.47999954,30.96999931,39.70000076,16.51000023,121.0599976,166.6900024,10.46073747,8.34534389,4.515551673
2020-03-24 00:00:00,54.63999939,41.40000153,244.1000061,246.3500061,40.70999908,52.88999939,32.47000122,44.13000107,17.57999992,119.9700012,165.4499969,11.60714275,8.986549079,5.50788492
2020-03-25 00:00:00,53.79000092,43.45000076,256.3500061,257.2000122,42.70000076,54.59999847,33.91999817,47.04999924,19.17000008,120.2600021,166.6799927,13.56084174,10.74254506,5.91960222
2020-03-26 00:00:00,55.95000076,45.27000046,262.7999878,263.6300049,44.13000107,56.27000046,34.84000015,47.91999817,19.67000008,120.5,165.6799927,12.46740959,9.089831895,5.795212251
2020-03-27 00:00:00,54.63999939,44.02999878,260.8099976,261.6300049,43.34999847,55.59000015,33.40999985,46.27000046,18.52000046,121.3899994,168.25,12.59104617,9.223673358,5.752595223
2020-03-30 00:00:00,56.09999847,45.56000137,262.4299927,263.2000122,43.33000183,56.20999908,33.38999939,46.34999847,18.13999939,122.0899963,170.1100006,12.51570654,9.414612608,5.762091757
2020-03-31 00:00:00,55.79999924,45.50999832,263.3299866,264.1000061,43.68000031,55.63000107,33.95999908,47.59000015,18.69000053,121.8099976,166.9199982,12.43374968,9.352962699,5.724359729
2020-04-01 00:00:00,54.68999863,43.65000153,257.6600037,252.2200012,42.40000153,53.61000061,32.95000076,44.63999939,17.59000015,122.2600021,168.9600067,11.19245599,8.89688575,5.261198826
2020-04-02 00:00:00,54.56000137,44.18999863,252.6799927,253.4700012,42.45999908,53.81000137,33.43000031,46.16999817,18.32999992,122.2200012,169.2200012,11.51560099,8.964065608,5.200593996
2020-04-03 00:00:00,55.13000107,44.34000015,253.3200073,254.0500031,41.68000031,52.93000031,33.38000107,45.93000031,17.70999908,122.2900009,170.3300018,11.96112943,8.862391233,5.205880165
2020-04-06 00:00:00,58.77000046,47.00999832,267,267.8099976,43.47999954,55.70999908,34.33000183,48.31000137,18.53000069,121.5999985,168.2700043,11.36474748,8.627431955,5.774024928
2020-04-07 00:00:00,61.49000168,48.59999847,275.0299988,276,44.75999832,57.90999985,35.49000168,50.02999878,19.59000015,120.8899994,166.4199982,12.0898211,9.278300245,6.218174834
2020-04-08 00:00:00,59.50999832,48.09000015,276,276.25,44.36000061,56.27000046,34.99000168,49.25,19.39999962,120.8700027,166.1900024,11.94383534,9.216988639,6.527157952
2020-04-09 00:00:00,59.72000122,49.72999954,281.2000122,282.0700073,45.50999832,57.38000107,35.47999954,50.04000092,20.12000084,121.1100006,165.7899933,12.59139834,10.02602486,7.02689258
2020-04-10 00:00:00,59.72000122,49.72999954,281.2000122,282.0700073,45.50999832,57.38000107,35.47999954,50.04000092,20.12000084,121.1100006,165.7899933,12.65412828,10.0759742,7.061900332
2020-04-13 00:00:00,58.77000046,48.63999939,277.5100098,278.3099976,45.34000015,56.90999985,34.97999954,48.88000107,19.46999931,121.0199966,165.7100067,12.66043604,10.08099681,7.065420506
2020-04-14 00:00:00,60.90000153,49.25,284.8999939,285.7999878,45.79000092,58.29999924,35.93999863,50.29999924,20.07999992,121.0500031,164.7400055,12.72433475,10.6453588,7.439227209
2020-04-15 00:00:00,59.83000183,48.40000153,283.9400024,280.4599915,44.02999878,57.04999924,35.04000092,48.52000046,19.20000076,122.0299988,168.6000061,12.43686896,9.608586069,6.35101024
2020-04-16 00:00:00,60.95999908,47.84999847,280.0299988,280.8999939,44.06000137,56.99000168,35.34999847,49.31000137,19.03000069,122.25,170.3200073,11.832319,9.991736047,5.98502485
2020-04-17 00:00:00,62.13000107,48.29999924,287.2999878,288.2200012,45.33000183,57.86999893,35.90000153,51.20000076,19.20000076,122.3000031,170.8399963,12.71260479,10.30245477,6.231424158
2020-04-20 00:00:00,60.04000092,48,286.7900085,287.2099915,45.34999847,57.56999969,35.70999908,50.38999939,18.79999924,122.0800018,169.2899933,12.45195988,10.36463466,6.162586992
2020-04-21 00:00:00,58.59999847,46.90000153,278.0400085,278.9100037,44.31999969,56.29999924,34.74000168,48.79000092,18.20999908,122.6900024,172.1499939,11.65886879,10.17678643,5.945151939
2020-04-22 00:00:00,60.5,46.15000153,281,281.9299927,44.43999863,57.02000046,35.38999939,49.90000153,18.48999977,122.25,170.3899994,11.19173529,9.666707625,5.903332901
2020-04-23 00:00:00,60.09999847,46.09999847,283.9400024,284.8099976,45.09000015,57.86000061,35.77000046,50.70999908,18.60000038,122.1399994,170.9299927,11.79399328,9.994700676,5.58889859
2020-04-24 00:00:00,59.40000153,45.75,283.7000122,284.5799866,44.75999832,57.49000168,35.27000046,49.86000061,17.77000046,122.1500015,170.8399963,11.69756797,9.832380261,5.218819925
2020-04-27 00:00:00,59.83000183,46.97999954,288.269989,289.2000122,45.40999985,58.31000137,35.81000137,51.31999969,17.86000061,121.8799973,169.75,12.46552803,10.07877514,5.373285644
2020-04-28 00:00:00,60.22000122,48,291.3999939,292.3599854,46.22999954,59.45000076,36.29999924,52,18.88999939,122.0899963,169.8500061,12.12452488,10.50957792,5.503242338
2020-04-29 00:00:00,62.02999878,47.86000061,294.8800049,295.8399963,47.08000183,60.29999924,36.88999939,52.79000092,19.98999977,122.2099991,170.2599945,12.65948769,10.84388336,5.334892159
2020-04-30 00:00:00,61.54000092,47,293.3200073,293.1799927,46.5,59.22999954,36.77999878,52.66999817,19.48999977,122.2600021,169.2299957,13.24283227,11.28668218,5.362732971
2020-05-01 00:00:00,59.31999969,46.38999939,290.6600037,286.9299927,45.59999847,57.61000061,35.43999863,50.34999847,18.69000053,121.9100037,168.1100006,12.9589092,10.44261615,5.347122729
2020-05-04 00:00:00,58.06999969,45.47999954,283.8999939,284.8599854,45.09000015,57.47000122,35.40000153,50.20000076,18.65999985,121.8199997,167.6799927,12.16778348,10.01320155,5.355319238
2020-05-05 00:00:00,59.29999924,46.09999847,289.25,290.2000122,45.40999985,58.31000137,35.90000153,50.95999908,19.22999954,121.6800003,166.2700043,12.23447434,10.20535195,5.577971603
2020-05-06 00:00:00,59.95000076,45.63000107,288.4599915,289.3900146,45.33000183,58.33000183,35.84000015,50.72000122,18.68000031,121.2799988,163.6399994,11.87176957,9.843364494,5.288786232
2020-05-07 00:00:00,60.09999847,45.24000168,289.7799988,290.7000122,45.63999939,58.47000122,35.88000107,51.22999954,18.48999977,121.9800034,166.3699951,11.52442967,9.8358234,5.361633056
2020-05-08 00:00:00,59.77999878,46.22000122,292.9500122,293.8699951,46.20999908,59.24000168,36.56999969,52.02999878,19.04000092,121.9800034,165.3999939,11.57149618,9.875993528,5.383530307
2020-05-11 00:00:00,60.84000015,46.11000061,294,294.9899902,46.06000137,59.65000153,36.52999878,51.02999878,18.89999962,121.5800018,164.2200012,11.79655254,10.12020034,5.351909626
2020-05-12 00:00:00,60.63999939,45.84999847,294.2399902,295.1700134,46.20000076,59.59000015,36.88000107,51.40000153,18.92000008,121.6299973,164.9299927,11.47566648,9.72946478,5.543907351
2020-05-13 00:00:00,59.22999954,44.77999878,287.1900024,288.1199951,45.50999832,59.49000168,36.63999939,51.33000183,18.29000092,121.9899979,166.2899933,11.32352956,9.46078444,5.496323603
2020-05-14 00:00:00,59.15000153,44.06000137,285.1099854,286.019989,44.43999863,58.40999985,36.27000046,50.93999863,18.11000061,122.2099991,168.1499939,11.04187872,9.217887665,5.318953772
2020-05-15 00:00:00,58.36999893,44.68999863,286.3299866,287.230011,44.61000061,58.43999863,35.93999863,50.20999908,18.37999916,122.2300034,168.4900055,10.54563296,9.273306012,5.260582566
2020-05-18 00:00:00,60.27999878,45.38999939,296.75,297.7000122,46.61999893,60.27000046,37.18999863,52.15000153,19.12000084,121.6699982,165.0599976,10.13995334,9.497957782,5.124362593
2020-05-19 00:00:00,61.77000046,45.33000183,296.2099915,297.1700134,46.38999939,60.11999893,37.16999817,52.45000076,19.12000084,121.5599976,163.6999969,10.38222662,9.503824368,5.343491581
2020-05-20 00:00:00,63.49000168,46.16999817,297.8699951,298.8699951,47.06000137,60.95000076,37.49000168,52.95000076,19.17000008,121.7099991,164.6999969,10.04988191,9.240988977,5.484539214
2020-05-21 00:00:00,63.79999924,46.09000015,297.6700134,298.6600037,47.00999832,60.27000046,37.13999939,52.59999847,19.63999939,121.8499985,165.3600006,10.40137035,9.483602375,5.384238768
2020-05-22 00:00:00,62.31999969,45.31000137,295.6300049,296.6199951,46.41999817,59.47000122,36.29000092,51.31999969,19.52000046,121.8799973,165.6799927,10.47549252,9.192030773,5.256081426
2020-05-25 00:00:00,62.31999969,45.31000137,295.6300049,296.6199951,46.41999817,59.47000122,36.29000092,51.31999969,19.52000046,121.8799973,165.6799927,10.44345031,9.163914394,5.240004241
2020-05-26 00:00:00,64.13999939,46.93000031,302.1900024,303.2000122,47.91999817,61.77000046,37.34999847,53.56999969,20.79999924,121.6299973,163.7899933,10.73720665,9.090021539,5.435710866
2020-05-27 00:00:00,63.59000015,47.09000015,303.5700073,304.6099854,48.27000046,62.08000183,37.08000183,53.13000107,21.09000015,121.8399963,163.9100037,11.0981865,9.473294678,5.427408409
2020-05-28 00:00:00,63.45000076,47.45999908,306.8399963,307.9100037,49.25999832,63.15000153,37.27999878,53.31999969,21.09000015,121.6100006,162.5700073,11.87234839,10.17980286,5.739937034
2020-05-29 00:00:00,63.65999985,47.18999863,304.9599915,305.9899902,48.90000153,62.31000137,37.40999985,53.77000046,20.65999985,121.9899979,164.0899963,11.76702527,10.38701812,5.828065921
2020-06-01 00:00:00,62.65999985,47.22999954,306.2099915,307.25,49.86000061,63.61000061,38.24000168,54.97999954,21.21999931,121.7699966,162.4400024,11.85407639,10.63162476,6.007300168
2020-06-02 00:00:00,62.16999817,47.27999878,308.1300049,309.230011,50.41999817,64.51000214,39.16999817,56.56999969,22.17000008,121.7399979,162.0899963,12.09994596,10.82626744,6.118651724
2020-06-03 00:00:00,62.54000092,48.11999893,313.2200012,314.3200073,52.00999832,65.43000031,39.95999908,58.72000122,23.31999969,121.1900024,160.3300018,13.14794602,12.07820663,6.16491797
2020-06-04 00:00:00,63.47000122,48.27000046,313,314.1199951,52.06000137,65.13999939,39.65000153,57.95999908,23.20999908,120.6699982,159.0099945,13.10329215,12.12243151,6.287568212
2020-06-05 00:00:00,65.11000061,49.49000168,321.269989,322.4500122,53.15999985,66.40000153,40.54999924,60.31000137,24.62999916,119.8099976,156.1600037,13.56735862,11.94078867,6.304534674
2020-06-08 00:00:00,64.15000153,49.97000122,323.4100037,324.5499878,53.36999893,66.87999725,40.63000107,60.31999969,25.22999954,120.0100021,156.8500061,15.19451301,12.394854,6.362861395
2020-06-09 00:00:00,63.70999908,49.59000015,323.2799988,323.5400085,52.65000153,66.54000092,40.43999863,59.5,24.70999908,120.5299988,159.6399994,14.82386985,11.94541598,6.361274046
2020-06-10 00:00:00,64.29000092,49.27000046,322.3900146,323.5599976,52.75999832,66.79000092,40.70000076,60.29999924,24.70000076,121.2300034,160.8999939,14.61802477,11.97406898,6.60988946
2020-06-11 00:00:00,63.29999924,47.91999817,312.1499939,313.1000061,50.91999817,64.88999939,39.50999832,58.41999817,22.81999969,121.8499985,164.2299957,13.52111284,11.69382539,6.298141826
2020-06-12 00:00:00,60.95999908,46.25,309.0799866,310.1400146,50.72999954,64.65000153,39.61999893,57.88999939,23.12999916,121.6600037,163.6600037,13.43227256,11.59461694,6.225631946
2020-06-15 00:00:00,60.36000061,46.45000076,308.2799988,308.0499878,50.65999985,63.77999878,39.41999817,55.75999832,22.48999977,121.7399979,164.2200012,13.55949142,11.5205642,6.185579804
2020-06-16 00:00:00,61.65000153,47.68999863,315.6400146,315.5,51.59999847,65.25,40.11000061,57.75,23.04000092,121.2699966,161.2299957,14.50813963,12.24598197,6.192498624
2020-06-17 00:00:00,61.27999878,47.06000137,314.3900146,314.2000122,51.56999969,65.33999634,39.91999817,57.63000107,22.64999962,121.2699966,160.7700043,14.17959038,11.96843684,6.040851402
2020-06-18 00:00:00,60.50999832,47.04000092,312.2999878,312.1300049,51.09999847,65.01000214,39.90999985,57.41999817,22.34000015,121.5599976,162.4799957,13.98373175,11.63637283,6.050411763
2020-06-19 00:00:00,60.88999939,47.79000092,314.3800049,315.6000061,51.59999847,65.41999817,40.27999878,57.93000031,22.39999962,121.6100006,162.5,13.74408248,11.45754434,6.127922137
2020-06-22 00:00:00,60.54999924,46.15000153,311.0499878,312.2399902,51.04000092,65,40.15999985,57.81000137,22.61000061,121.7099991,163.4199982,13.73110703,11.3602684,5.865355968
2020-06-23 00:00:00,60.47000122,46.29000092,314.5,315.75,51.70999908,65.62000275,40.72000122,58.18999863,22.89999962,121.4300003,162.0599976,14.06419562,11.67645969,5.875734532
2020-06-24 00:00:00,59.81000137,45.43999863,310.5100098,311.730011,50.74000168,64.69999695,40.36000061,58.27999878,22.37999916,121.6600037,163.0899963,13.80414784,11.62310097,6.011948776
2020-06-25 00:00:00,59.09000015,44.97999954,307.6400146,308.8299866,50.68999863,64.43000031,40.09000015,57.45000076,22.17000008,121.8300018,164.3500061,13.25703548,11.33302752,5.82788217
2020-06-26 00:00:00,58.72999954,45.00999832,306.3900146,307.5599976,50.54000092,64.44000244,39.93999863,57.77000046,21.75,122.0699997,165.3200073,13.39463262,11.3817101,5.808896801
2020-06-29 00:00:00,58.34999847,44.56999969,304.6099854,305.6600037,50.45000076,64.05999756,39.81999969,57.20999908,21.70999908,122.1399994,165.2700043,13.7491819,11.31777361,5.776137457
2020-06-30 00:00:00,59.97999954,44.83000183,310.2000122,311.4100037,50.56000137,64.02999878,39.77999878,57.38999939,21.73999977,122.1900024,165.2899933,13.59087112,11.20262022,5.884453259
2020-07-01 00:00:00,60.02999878,45.52999878,311.8900146,313.0899963,50.81999969,63.88999939,40.31999969,57.68000031,22.14999962,121.6600037,163.5599976,13.52908422,11.44768664,6.014991196
2020-07-02 00:00:00,59.81000137,45.43000031,315.7000122,316.9100037,51.61000061,64.88999939,41.34000015,58.81999969,22.77000046,121.7399979,163.7400055,13.91070203,11.54239255,6.11397791
2020-07-03 00:00:00,59.81000137,45.43000031,315.7000122,316.9100037,51.61000061,64.88999939,41.34000015,58.81999969,22.77000046,121.7399979,163.7400055,13.91250602,11.5189566,5.983873558
2020-07-06 00:00:00,59.61999893,45.27000046,317.6799927,318.6499939,52.18999863,65.55000305,42.91999817,60.20000076,23.05999947,121.5599976,163.0200043,14.04743191,11.80183889,5.988248062
2020-07-07 00:00:00,59.56999969,45.5,317.519989,318.75,51.83000183,65.09999847,42.66999817,59.40000153,22.84000015,121.9400024,165.3399963,13.54508953,11.44585056,5.860375452
2020-07-08 00:00:00,58.70000076,45.18000031,316.2999878,317.5400085,51.95999908,64.76000214,43.36999893,59.20000076,22.82999992,121.8700027,164.9199982,13.64656868,11.26343628,5.9829166
2020-07-09 00:00:00,58.75,45.04999924,317.1000061,318.3299866,51.90000153,64.58000183,43.81999969,59.29000092,23.04000092,122.2399979,167.4499969,13.74873878,11.41523724,5.802220035
2020-07-10 00:00:00,59.68999863,45.25,317.8800049,319.1400146,51.72999954,64.76000214,43.18000031,58.47999954,22.63999939,122.2900009,168.2100067,13.53787193,11.26895485,5.804646206
2020-07-13 00:00:00,60.61999893,45.68000031,322.7099915,323.9700012,52.40000153,65.30999756,43.75,59.52999878,22.87999916,122.0400009,166.9600067,13.46092167,11.72005608,5.587671518
2020-07-14 00:00:00,59.25,45.93999863,319.7600098,320.5899963,52.36000061,65.05999756,42.99000168,59.13000107,22.85000038,122.2300034,168.1399994,12.9305634,11.38446099,5.460022634
2020-07-15 00:00:00,59.34000015,47.18999863,323.0400085,324.3200073,53.22000122,66.09999847,43.13999939,59.81999969,23.27000046,122.0899963,166.9499969,12.72011947,11.18666633,5.461355643
2020-07-16 00:00:00,59.36000061,46.68999863,321.2799988,322.5,52.91999817,65.12999725,42.36999893,59.13999939,22.93000031,122.25,167.7700043,12.31399994,10.68976069,5.376357849
2020-07-17 00:00:00,60.45999908,46.90999985,322.5700073,323.8500061,53.06999969,65.20999908,42.63000107,59.56000137,22.94000053,122.1500015,167.3999939,12.25807291,10.37414777,5.300109394
2020-07-20 00:00:00,61.38000107,46.83000183,325.1300049,326.3599854,53.49000168,65.37000275,43.15000153,59.83000183,23.14999962,122.2200012,167.6199951,11.49785683,10.28322903,5.116472147
2020-07-21 00:00:00,61.93000031,47.99000168,326.9299927,328.2200012,53.88999939,65.98999786,43.77000046,60.45000076,23.87000084,122.2799988,167.7200012,11.19299044,10.05343259,5.178657342
2020-07-22 00:00:00,61.77000046,48.52000046,327.2000122,330.0599976,53.95999908,65.62999725,43.45999908,60.06999969,24.12000084,122.3899994,168.4600067,11.07574822,9.90451967,5.047740423
2020-07-23 00:00:00,61.74000168,48.56999969,327.230011,328.519989,53.93000031,65.62000275,43.49000168,59.45999908,24,122.4499969,169.8800049,11.0658778,9.712939988,5.038635325
2020-07-24 00:00:00,52.18000031,48.79999924,321.9899902,323.269989,53.18999863,65.13999939,42.91999817,59.04000092,23.65999985,122.4300003,169.9199982,10.78497766,10.13367308,4.88860611
2020-07-27 00:00:00,51.13999939,48.50999832,323.4100037,324.6900024,53.72999954,66.22000122,43.50999832,60.16999817,24.35000038,122.4599991,170.3000031,10.65059556,10.15994942,4.984005413
2020-07-28 00:00:00,50.22999954,49.27999878,323.6400146,324.9299927,53.68999863,66.02999878,43.36999893,60.56000137,24.30999947,122.4700012,170.3399963,10.64693646,10.00244878,5.027003896
2020-07-29 00:00:00,49.5,48.5,325.730011,327.019989,54.13000107,66.29000092,43.84999847,61.59000015,24.47999954,122.5999985,170.3899994,10.27437152,9.731574537,4.885172875
2020-07-30 00:00:00,48.5,48.22999954,324.4100037,325.7099915,53.31999969,65.41000366,43.43000031,60.86999893,24.22999954,122.7799988,171.2599945,9.944565473,9.82772332,4.861931814
2020-07-31 00:00:00,48.31999969,47.77000046,326.6300049,327.8900146,53.20999908,64.5,43.36999893,60.75,23.95000076,122.8899994,171.4600067,10.3631023,10.53363437,4.919194132
2020-08-03 00:00:00,48.63000107,47.36000061,329.6199951,330.9299927,53.20999908,65.05999756,43.43000031,60.97000122,23.30999947,122.6500015,169.9900055,10.44205153,10.61237358,4.991746091
2020-08-04 00:00:00,49.13999939,46.86000061,330.0599976,331.3999939,53.38999939,65.80000305,43.84000015,61.77000046,23.04999924,123.0899963,171.5800018,10.36196776,10.58069651,4.904525578
2020-08-05 00:00:00,49.72000122,47.27000046,332.3900146,333.7000122,54.06999969,66.41000366,44.45999908,63.49000168,23.52000046,122.7799988,170.5599976,10.70442462,10.62590806,5.103576529
2020-08-06 00:00:00,48.81999969,47.52999878,334.4599915,335.8099976,53.84999847,66.23999786,44.34999847,64.05000305,23.31999969,123.0599976,172.25,11.00026245,10.90837481,5.106327078
2020-08-07 00:00:00,48.65000153,48.08000183,334.8800049,336.1799927,53.52999878,66,43.66999817,64.12999725,23.07999992,122.9000015,171.5,10.82572458,10.77317252,4.941601748
2020-08-10 00:00:00,49.38999939,48.27999878,335.769989,337.1499939,53.59999847,66.44999695,43.52999878,65.25,23.20000076,122.7200012,170.25,10.45487146,10.78117831,5.070808445
2020-08-11 00:00:00,49.72999954,48.65000153,337.5400085,338.8800049,54.52000046,67.80000305,43.70000076,66.54000092,23.27000046,122.0400009,167.4900055,11.11561549,11.11561549,5.100105929
2020-08-12 00:00:00,49.25999832,48.68999863,338.2799988,339.6400146,55.20000076,68.41999817,43.86999893,67.13999939,23.05999947,121.7600021,166.0700073,11.31499241,11.81092057,5.070212862
2020-08-13 00:00:00,49.33000183,48.72999954,338.25,339.6199951,55.11999893,68.13999939,43.77000046,66.87999725,23.23999977,121.7099991,165.5800018,11.33872679,11.84759946,5.101774657
2020-08-14 00:00:00,49.20999908,48.68999863,337.4200134,338.7900085,54.34999847,67.84999847,43.74000168,65.95999908,23.09000015,121.5899963,164.1499939,11.12301976,11.79186481,5.136717703
2020-08-17 00:00:00,49.31000137,48.75,338.3399963,339.7200012,54.68000031,68.19999695,44.18999863,67,22.93000031,121.8300018,164.4600067,10.74774146,11.57348257,4.974107176
2020-08-18 00:00:00,49.56999969,48.5,339.1000061,340.4599915,55,68.19999695,44.43000031,64.63999939,23.06999969,121.9199982,164.8699951,10.72224418,11.7184429,5.056495134
2020-08-19 00:00:00,48.97999954,48.38000107,339.6099854,341,54.91999817,68.33000183,44.18000031,64.93000031,23.02000046,121.9700012,165.6100006,10.81525229,11.65025338,5.043141537
2020-08-20 00:00:00,50.20000076,47.59999847,338.7999878,340.1499939,54.27000046,67.43000031,43.72999954,62.65999985,22.57999992,122.0800018,165.6499939,11.66861181,11.77349821,5.113211918
2020-08-21 00:00:00,49.31000137,47.5,339.7200012,341.0499878,53.83000183,67.19999695,44,62.75,22.42000008,122.1500015,166.3300018,12.36102126,11.76063255,5.146679598
2020-08-24 00:00:00,49.40000153,47.97999954,343,344.4200134,54.72000122,68.04000092,44.59999847,63.84999847,22.61000061,122.2099991,166.9700012,12.30849748,11.67997846,5.106717038
2020-08-25 00:00:00,49.88000107,48.04999924,344.2099915,345.6000061,54.99000168,68.19999695,44.83000183,64.54000092,22.63999939,121.7200012,165.0899963,12.06407505,12.0126001,5.052089161
2020-08-26 00:00:00,49.66999817,48.18000031,347.8599854,349.269989,55.13999939,68.44000244,44.90999985,65.01999664,22.69000053,121.6699982,164.3300018,12.2052261,12.15261736,5.050438385
2020-08-27 00:00:00,49.93000031,48.81999969,349.8999939,351.3200073,55.22000122,68.27999878,45.06000137,64.48999786,22.40999985,121.8700027,164.8200073,12.40019029,12.14901372,5.077071352
2020-08-28 00:00:00,50.79999924,49.84999847,350.7200012,352.1900024,54.93000031,68.33000183,45.16999817,64.63999939,22.95999908,121.5299988,162.0500031,12.14361115,12.14361115,5.174234314
2020-08-31 00:00:00,51.5,50.06999969,351.2999878,352.769989,54.97999954,68.18000031,44.40999985,63.36999893,22.61000061,121.7099991,163.25,12.28796544,12.28796544,5.235741796
2020-09-01 00:00:00,51,49.34999847,352.7099915,354.1799927,54.54999924,68.20999908,45.08000183,64.01999664,22.98999977,121.8199997,164.0700073,12.50918744,12.33544873,5.33912434
2020-09-02 00:00:00,52.68000031,51.36000061,358.75,360.2600098,55.22000122,68.94000244,45.11000061,64.20999908,23,122.0400009,165.5599976,12.86346016,12.52847422,5.359775066
2020-09-03 00:00:00,52.61999893,52.13999939,356.3800049,357.8800049,55.13000107,68.58000183,44.65999985,64.61000061,23.27000046,122.3899994,167.2400055,12.56358542,12.34996441,5.307146868
2020-09-04 00:00:00,51.22999954,51.47000122,347.8299866,349.2900085,54.20000076,68.01000214,44.43000031,64.23000336,23.11000061,121.9199982,164.6999969,12.59913564,12.13495696,5.172276735
2020-09-07 00:00:00,51.22999954,51.47000122,347.8299866,349.2900085,54.20000076,68.01000214,44.43000031,64.23000336,23.11000061,121.9199982,164.6999969,12.41125385,12.2390593,5.179082451
2020-09-08 00:00:00,49.90000153,51.04000092,342.6400146,339.3999939,53.72999954,67.68000031,43.59000015,64.31999969,22.54999924,121.9199982,165.2599945,12.33300416,12.46462641,5.087199689
2020-09-09 00:00:00,49.97000122,50.75999832,342.4599915,343.8900146,54.68999863,68.04000092,43.95999908,64.77999878,22.82999992,121.8300018,164.25,12.32006222,12.25521979,4.902087915
2020-09-10 00:00:00,50.09000015,50.68000031,342.5299988,343.9100037,54.88000107,68.23999786,43.93000031,64.90000153,22.89999962,121.8399963,164.3500061,12.20621823,12.54419658,4.790193202
2020-09-11 00:00:00,50.04999924,51.20000076,336.9700012,338.269989,54.5,68.37999725,43.83000183,64.79000092,22.55999947,122.0100021,164.5700073,11.71959037,12.3361436,4.675027853
2020-09-14 00:00:00,49.72000122,51.22999954,340.3800049,341.6600037,54.65999985,69.08000183,44.27999878,65.97000122,22.95000076,122.0999985,165.0800018,11.84606561,12.48639348,4.719216408
2020-09-15 00:00:00,50.59999847,51.38000107,342.019989,343.4200134,55.02000046,69.43000031,44.81000137,66.76999664,23.11000061,121.9000015,164.4700012,11.87309678,12.92676987,4.754378581
2020-09-16 00:00:00,51.02999878,51.45000076,343.0599976,344.4700012,55.16999817,69.76000214,44.93000031,67.13999939,23.12000084,122,164.8899994,12.22764846,12.85900228,4.818904662
2020-09-17 00:00:00,50.49000168,50.63000107,337.7000122,339.0100098,54.90000153,69.37999725,44.52999878,66.43000031,22.96999931,122.0500031,164.9600067,12.3379189,13.19274726,4.782239574
2020-09-18 00:00:00,50.5,51.15999985,335.4899902,338.2099915,54.70999908,69.44999695,44.56000137,66.72000122,22.82999992,121.8799973,164.2400055,11.95048566,13.18316334,4.846369593
2020-09-21 00:00:00,49.75,50.02000046,327.1300049,329.7399902,52.52999878,67.77999878,43.33000183,65.5,21.77000046,122.1500015,165.3999939,11.47135981,12.95862743,4.713991715
2020-09-22 00:00:00,50.20999908,50.04000092,330.8999939,333.5700073,52.40000153,67.73999786,43.15000153,64.75,21.94000053,122.0299988,164.8800049,11.74359014,13.00000043,4.750000159
2020-09-23 00:00:00,50.15000153,49.91999817,331.2000122,332.3800049,52.47999954,68.19000244,42.88000107,64.48999786,21.45999908,121.9599991,164.5299988,11.36157467,12.99892981,4.619717702
2020-09-24 00:00:00,49.63999939,49.09999847,326.7999878,327.8999939,51.93999863,67.55000305,42.41999817,63.29000092,21.57999992,122.0199966,165.1199951,11.17865502,12.84464343,4.578288746
2020-09-25 00:00:00,50.27999878,48.75999832,329.5799866,330.7099915,51.72999954,67.52999878,42.15999985,63.06999969,21.29000092,122.1200027,165.4199982,11.06036631,12.70602635,4.700974608
2020-09-28 00:00:00,51.45999908,49.70999908,334.9599915,336.1000061,52.66999817,68.48999786,42.79000092,64.41999817,21.70999908,122.0800018,164.8999939,11.49014354,13.09876363,4.672658372
2020-09-29 00:00:00,51.74000168,49.56000137,334.769989,335.8999939,52.86000061,68.51000214,42.70999908,64.75,21.07999992,122.2200012,165.2400055,11.49602857,13.20820304,4.673077683
2020-09-30 00:00:00,52.38000107,49.61999893,338.2900085,339.4700012,52.93999863,68.37000275,43.31000137,65.61000061,21.19000053,122.0299988,164,11.51554899,13.17533203,4.741318216
2020-10-01 00:00:00,52.72000122,49.65999985,338.7399902,339.8699951,52.90999985,68.37999725,43.65999985,66.04000092,21.04000092,121.9000015,163.7400055,11.58705162,13.09840618,4.908672929
2020-10-02 00:00:00,51.97999954,49.58000183,337.0100098,337.0899963,52.97999954,68.11000061,43.50999832,65.68000031,21.12000084,121.9300003,163.6699982,11.5460939,13.06667323,4.903224029
2020-10-05 00:00:00,51.81000137,49.54999924,339.9599915,341.1199951,53.77000046,68.83999634,43.70000076,66.66999817,21.54999924,121.3600006,160.9499969,11.6897059,13.18971241,5.012608147
2020-10-06 00:00:00,52.70000076,49.72999954,342.1700134,343.3500061,53.84000015,69.01000214,44.13000107,66.56999969,21.87000084,121.4000015,161.4100037,11.87521915,13.17447726,4.995647444
2020-10-07 00:00:00,52.90000153,49.75999832,341.6300049,342.7999878,53.58000183,69.19999695,44.34000015,67.48999786,21.54000092,121.0999985,160.4199982,11.74954966,13.14094369,5.024478471
2020-10-08 00:00:00,53.58000183,50.54000092,343.8500061,345.0299988,53.97999954,69.41999817,44.61000061,67.81999969,22.11000061,121.0899963,160.25,12.07791892,13.02090082,5.386622661
2020-10-09 00:00:00,53.84999847,51.22999954,347.3500061,348.5400085,54.54999924,69.61000061,44.97999954,68.48999786,22.52000046,121.1299973,160.2700043,12.09933163,13.01810441,5.428523656
2020-10-12 00:00:00,54.20000076,51.52999878,354.019989,355.25,54.90999985,69.88999939,45.43000031,68.16000366,22.44000053,121.1399994,160.6799927,12.15857022,13.16201063,5.434216272
2020-10-13 00:00:00,54.29000092,50.99000168,352.4700012,353.6000061,54.24000168,69.48999786,45.24000168,67.73000336,22.29999924,121.4300003,161.8300018,11.95973122,12.98735254,5.892651907
2020-10-14 00:00:00,54.40000153,50.49000168,351.9299927,353.0899963,54.29000092,69.66999817,45.27999878,67.26000214,22.37999916,121.5500031,162.75,11.93925648,12.83179028,5.594634816
2020-10-15 00:00:00,53.97999954,50.13000107,348.019989,349.2399902,53.09999847,68.84999847,44.61999893,66.66000366,22.17000008,121.5999985,163.1900024,12.01041079,12.83018964,5.69694249
2020-10-16 00:00:00,54.70000076,50.34999847,350.75,351.9700012,53.68000031,68.86000061,44.84999847,66.90000153,22.04999924,121.4599991,162.3200073,11.77958146,12.63111747,5.593043334
2020-10-19 00:00:00,56.22999954,50.47999954,349.3299866,350.519989,53.81000137,69.13999939,45.08000183,66.87000275,22.31999969,121.1299973,160.9799957,11.68668308,12.44942014,5.358551037
2020-10-20 00:00:00,54.70000076,50.61999893,346.8800049,348.1000061,53.95999908,69.04000092,45.25999832,67.69000244,22.60000038,120.9800034,160.0099945,11.79623981,12.52136542,5.198891639
2020-10-21 00:00:00,54.06999969,50.43000031,345.6700134,346.7900085,53.56000137,69.51999664,45.36999893,68.08999634,22.87000084,120.7600021,159.3699951,11.7104507,12.51360108,5.311155736
2020-10-22 00:00:00,54.22000122,51.20000076,345.2399902,346.4500122,53.15000153,69.26999664,45.27000046,67.52999878,23.02000046,120.5699997,158.6300049,12.10768199,12.69862092,5.344714284
2020-10-23 00:00:00,48.66999817,51.18000031,345.9899902,347.1900024,53.52000046,69.41000366,45.36000061,68.30000305,23.07999992,120.4899979,158.2100067,12.14950902,12.7118652,5.185447068
2020-10-26 00:00:00,47.86000061,50.50999832,342.980011,344.1900024,52.75,68.80999756,45.06999969,67.61000061,22.85000038,120.8300018,160.0200043,12.14083432,12.74134871,5.169645581
2020-10-27 00:00:00,46.40999985,50.29000092,340.1199951,341.2999878,52.11000061,68.65000153,45.08000183,67.19999695,22.67000008,121.0100021,160.6999969,11.98750525,12.43004073,5.069634413
2020-10-28 00:00:00,45.29000092,49.15000153,338.25,334,50.11999893,68.06999969,44.29000092,66.59999847,21.71999931,121.1800003,161.4600067,11.72867668,12.11963257,5.1099236
2020-10-29 00:00:00,44.47000122,48.47999954,333.3999939,334.5400085,49.95999908,68.08000183,44.43000031,66.51000214,21.37999916,120.9400024,160.8300018,11.48305484,11.83378163,4.936154795
2020-10-30 00:00:00,44.79999924,48.11999893,329.6900024,330.8200073,49.75999832,67.37999725,44.06000137,65.41999817,21.27000046,120.4499969,159.3500061,11.59993785,11.88444022,4.888268123
2020-11-02 00:00:00,45.06000137,48.95000076,332.3599854,333.5299988,50.36000061,68.01999664,44.36999893,66.05000305,21.30999947,120.4199982,159.1900024,11.69870352,11.85382445,4.853992456
2020-11-03 00:00:00,45.45999908,49.95999908,338.25,339.4299927,52,69.70999908,44.58000183,67.58000183,21.75,120.0299988,157.9799957,12.16139316,12.44571904,4.92400722
2020-11-04 00:00:00,46.15000153,50.20999908,347.9400024,349.1900024,53.02000046,70.33000183,46.04000092,69.15000153,22.19000053,121.0599976,162.1699982,12.12439379,12.59677277,5.08463484
2020-11-05 00:00:00,46.38000107,50.20999908,352.1900024,353.4500122,53.93999863,71.54000092,46.81999969,70.69000244,23.10000038,121.0199966,161.7400055,12.17582943,12.668568,5.251555824
2020-11-06 00:00:00,45.79999924,49.99000168,351.5100098,352.7600098,54.18999863,71.83999634,47.04999924,70.44999695,23.67000008,120.5899963,159.9199982,12.46928653,13.03428055,5.218968138
2020-11-09 00:00:00,47.34999847,53.25999832,364.3800049,365.6900024,56.58000183,74.98999786,48.43000031,72.48999786,25.04000092,119.6299973,156.1499939,13.31241965,13.68147683,5.575399518
2020-11-10 00:00:00,46.47999954,54.27999878,355.1799927,356.4200134,56.65999985,74,47.11000061,71.77999878,25.01000023,119.5,155.8099976,14.24959079,14.19691208,6.189748311
2020-11-11 00:00:00,46.45999908,54.29999924,357.5599976,358.8599854,56.88999939,74.09999847,46.93999863,72.59999847,25.04000092,119.5100021,155.9400024,14.98554552,16.019946,6.299233735
2020-11-12 00:00:00,46.18999863,53.20999908,356.7200012,357.6900024,56.68000031,73.47000122,47.15999985,72.48000336,24.85000038,120.1500015,158.3999939,14.46726307,15.68388849,6.512913221
2020-11-13 00:00:00,45.58000183,53.5,358.8999939,360.1900024,56.99000168,74.12000275,47.16999817,73.56999969,24.76000023,120.1299973,158.5,14.0139097,15.08988404,6.121244266
2020-11-16 00:00:00,46.75,54.61999893,362.7799988,363.8699951,57.61999893,75.12999725,47.84000015,74.95999908,25.43000031,120,158.2799988,14.64833486,15.60021222,6.339238778
2020-11-17 00:00:00,46.11999893,53.75,361.9200134,363.2399902,57.66999817,75.18000031,47.77000046,75.08000183,26,120.25,159.1600037,15.60206761,16.3689489,6.091549523
2020-11-18 00:00:00,45.68999863,54.02000046,361.5,362.8200073,57.81999969,75.29000092,47.86999893,75.29000092,26.20999908,120.2799988,159.5700073,16.49429929,17.71413493,6.549987018
2020-11-19 00:00:00,45.66999817,53.22999954,358.1799927,359.5,57.65000153,74.98000336,47.63999939,74.69999695,26.02000046,120.4100037,160.7200012,16.14635138,17.4454831,6.608338392
2020-11-20 00:00:00,45.88000107,53.25,357.7200012,359.0400085,57.70000076,75.63999939,48.02999878,74.88999939,25.80999947,120.5199966,161.5399933,16.2170755,16.85303925,6.359637451
2020-11-23 00:00:00,46.20999908,53.16999817,358.8200073,360.0499878,57.86999893,76.23999786,48.36000061,76.37999725,25.93000031,120.3600006,160.9900055,16.60479778,16.95073107,6.280019674
2020-11-24 00:00:00,47.29999924,53.59000015,363.8099976,365.1000061,58.45000076,77.01000214,48.52999878,77.41000366,26.87000084,120.1900024,160.0200043,17.14118046,17.99424076,6.226140399
2020-11-25 00:00:00,47.18000031,53.27999878,363.1600037,364.480011,58.54000092,76.66999817,48.31999969,76.88999939,27.03000069,120.3300018,159.9100037,16.86444319,17.82659842,6.280735576
2020-11-26 00:00:00,47.18000031,53.27999878,363.1600037,364.480011,58.54000092,76.66999817,48.31999969,76.88999939,27.03000069,120.3300018,159.9100037,16.61000184,17.37431055,6.605718225
2020-11-27 00:00:00,48.09999847,53.18999863,364.1799927,365.519989,58.77000046,77.41999817,48.86000061,78.06999969,27.09000015,120.4700012,160.2700043,16.05213686,16.66644493,6.50365279
2020-11-30 00:00:00,48.5,52.18999863,363.1199951,364.3900146,58.93000031,76.26999664,48.15999985,76.86000061,26.81999969,120.5100021,160.5299988,15.46501741,16.20733897,6.599296224
2020-12-01 00:00:00,50.22999954,52.33000183,367.6799927,368.9899902,59.20000076,77.05999756,48.72999954,78.05000305,27.71999931,120.0100021,158.7400055,15.92424635,16.99119753,6.548412864
2020-12-02 00:00:00,50.06000137,52.13000107,366.9599915,368.269989,59.25,77.18000031,48.63999939,79.55000305,27.87000084,119.5800018,156.9299927,16.10716581,16.99305993,6.597226664
2020-12-03 00:00:00,51.11000061,52.93999863,368.1900024,369.5299988,59.59999847,77.73999786,49.22999954,81.19000244,28.54999924,119.9000015,157.8200073,16.35967417,17.27503666,6.952801132
2020-12-04 00:00:00,52.65000153,53.86999893,369.8500061,371.2000122,59.97000122,78.16999817,49.36000061,83,28.77000046,119.4400024,155.7899933,16.79179825,16.65724858,7.602056098
2020-12-07 00:00:00,51.29000092,53.77999878,369.6199951,370.9899902,59.70999908,77.68000031,49.45999908,83.45999908,28.92000008,119.7600021,156.8800049,16.55709087,16.2350729,7.37957859
2020-12-08 00:00:00,50.72000122,53.47999954,370.7799988,372.1600037,59.72000122,77.40000153,49.47999954,81.58999634,28.95000076,120.0400009,158.0700073,16.66219153,16.08228054,7.279769844
2020-12-09 00:00:00,50.84000015,53.59999847,371.0499878,372.4200134,60.00999832,78.08999634,49.49000168,83.08999634,28.72999954,119.7699966,157.3200073,16.38621258,15.95851372,7.284246212
2020-12-10 00:00:00,50.72000122,53.50999832,367.8599854,369.2099915,59.79999924,78.20999908,49.61000061,83.11000061,29.39999962,119.9499969,158.2899933,16.30776281,15.90675225,7.338493266
2020-12-11 00:00:00,50.13999939,53.54000092,366.7399902,367.9299927,59.29000092,78.13999939,49.40000153,82.83999634,29.21999931,120.2699966,159.3899994,16.12106844,16.23290288,7.131832743
2020-12-14 00:00:00,51.34000015,53.84000015,369.7999878,369.5700073,59.74000168,78.80999756,49.40000153,82.08999634,29.05999947,120.1600037,158.6900024,16.35479805,16.56788988,6.992075711
2020-12-15 00:00:00,51.00999832,54.22000122,369.5899963,369.3500061,60.09000015,79.02999878,49.52999878,82.55999756,29.14999962,120.0299988,158.3899994,16.18364539,16.29029215,6.998693436
2020-12-16 00:00:00,51.45999908,53.79999924,371.1600037,370.9100037,60.47999954,79.06999969,49.83000183,82.23000336,29.46999931,120,157.8899994,16.53670417,16.61737102,6.883571167
2020-12-17 00:00:00,51.31999969,53.70999908,372.4599915,372.2000122,61.09000015,79.45999908,50.20000076,81.91999817,29.96999931,120.0699997,158.4600067,16.41956192,16.63560879,7.035026119
2020-12-18 00:00:00,50.68000031,53.84000015,371.1499939,372.480011,60.84000015,79.25,50.15000153,81.58999634,29.92000008,119.8499985,157.3800049,16.50133736,16.61003462,6.987285368
2020-12-21 00:00:00,46.45000076,53,378.4599915,370.1400146,59.5,77.44000244,49.27999878,80.73000336,29.12999916,119.8300018,157.3399963,16.24316557,16.40412314,6.955612979
2020-12-22 00:00:00,46.34000015,53.18000031,368.3299866,369.6700134,59.33000183,77.19000244,48.99000168,79.86000061,29.02000046,119.9000015,157.8300018,15.92425129,16.1125448,7.047557158
2020-12-23 00:00:00,47.02999878,53.38999939,369.6199951,370.9599915,60.11000061,77.62999725,49.31000137,81.05999756,29.18000031,119.6600037,156.6900024,16.32051508,16.56170496,7.034704775
2020-12-24 00:00:00,47.09000015,53.54999924,369.0299988,370.3599854,60.22999954,77.75,49.09999847,82.30999756,29.20000076,119.8000031,157.4299927,16.63852995,16.53048755,7.090282649
2020-12-25 00:00:00,47.09000015,53.54999924,369.0299988,370.3599854,60.22999954,77.75,49.09999847,82.30999756,29.20000076,119.8000031,157.4299927,16.69607492,16.58765885,7.114804655
2020-12-28 00:00:00,47.63999939,54.43999863,372.5899963,373.9400024,60.86999893,78.44999695,49.18000031,83.16999817,29.23999977,119.8099976,157.4499969,16.72118311,16.612604,7.125504166
2020-12-29 00:00:00,50.66999817,54.49000168,374,375.3999939,61.40000153,79.41999817,49.61999893,84.65000153,29.55999947,119.8300018,157.2899933,16.77865897,16.69786286,7.365912086
2020-12-30 00:00:00,49.18999863,54.63000107,373.1000061,374.4299927,61.38999939,80.04000092,50.36000061,86.51999664,29.72999954,119.8700027,157.5299988,17.09087806,17.06387825,7.613945675
2020-12-31 00:00:00,50.18999863,54.93000031,374.6600037,376.0400085,60.77999878,79.72000122,50.49000168,86.44999695,29.59000015,120,158.0800018,17.11582006,17.06559027,7.701324683
2021-01-01 00:00:00,50.18999863,54.93000031,374.6600037,376.0400085,60.77999878,79.72000122,50.49000168,86.44999695,29.59000015,120,158.0800018,17.16899121,17.11860538,7.725249231
2021-01-04 00:00:00,51.38999939,54.63000107,375.4500122,376.8200073,61.93999863,80.34999847,51.09000015,89.69999695,30.10000038,120.0599976,158.1799927,17.0505088,17.4610347,7.511255778
2021-01-05 00:00:00,50.83000183,52.61999893,372.5,373.8299866,61.70999908,80.52999878,51.50999832,90.66000366,29.71999931,119.8899994,156.9499969,16.77449284,17.42592945,7.46437788
2021-01-06 00:00:00,52.15000153,52.02000046,376.980011,378.3699951,62.66999817,81.47000122,51.70000076,90.88999939,30.45000076,119.1200027,153.8500061,17.39130547,18.18181936,7.564400107
2021-01-07 00:00:00,52.68999863,50.25999832,379.8999939,381.2600098,62.56000137,81.33000183,51.47000122,92.12000275,30.37999916,118.6600037,152.1699982,17.54935714,18.28512211,7.589279445
2021-01-08 00:00:00,52.52999878,51.13000107,381.4899902,382.8599854,62.83000183,82.70999908,52.49000168,96.30000305,30.75,118.4300003,151.9600067,17.5319563,18.18329833,7.70754735
2021-01-11 00:00:00,52.24000168,50.86000061,380.5799866,381.9200134,61.95999908,82.09999847,52.06000137,95.70999908,30.09000015,118.1600037,151.2100067,17.46299918,17.9766168,7.56910181
2021-01-12 00:00:00,53.84999847,50.36999893,379.8599854,381.230011,62.11000061,82.20999908,52.56000137,94.84999847,30.62000084,118.0400009,151.1600037,16.90514237,18.04116793,7.370642072
2021-01-13 00:00:00,60.25,50.36000061,380.8599854,382.2399902,62.09000015,82.40000153,52.86000061,94.79000092,30.46999931,118.5500031,153.0700073,16.6174707,18.31852341,7.327409363
2021-01-14 00:00:00,60.13999939,50.18000031,381.1300049,382.5299988,62.45999908,83.12000275,53.47999954,95.86000061,30.87000084,118.4700012,152.6399994,17.28352242,18.20812371,7.468333195
2021-01-15 00:00:00,59.65000153,49.18000031,377.5799866,378.9200134,61.65000153,81.83999634,52.84000015,92.65000153,30.06999969,118.5299988,152.3600006,17.29611464,18.22660182,7.785988313
2021-01-18 00:00:00,59.65000153,49.18000031,377.5799866,378.9200134,61.65000153,81.83999634,52.84000015,92.65000153,30.06999969,118.5299988,152.3600006,16.79692598,17.86514184,7.615763351
2021-01-19 00:00:00,58.34000015,49.04000092,379.230011,380.6099854,61.84000015,82.13999939,53.72999954,93.58000183,29.98999977,118.5199966,152.3600006,16.77346548,18.06304468,7.673398679
2021-01-20 00:00:00,59.22000122,48.81999969,384.7900085,386.1900024,62.20000076,82.81999969,54.45999908,93.93000031,29.94000053,118.5699997,152.4799957,16.64597414,17.9285328,7.504332602
2021-01-21 00:00:00,63.95000076,49.09000015,384.9500122,386.3800049,62.43000031,82.98000336,54.52999878,96.04000092,29.60000038,118.4800034,151.75,16.7848992,17.93305191,7.46299264
2021-01-22 00:00:00,59.61999893,48.93999863,384.1300049,385.5,62.13000107,82.45999908,54.11000061,94.01999664,28.56999969,118.5999985,152.0099945,16.5577463,17.98561165,7.482563627
2021-01-25 00:00:00,56.5,48.84000015,384.769989,386.1799927,61.59999847,82.97000122,54.56000137,95.81999969,28.39999962,119.0599976,153.6900024,16.37109233,17.5482779,7.282124681
2021-01-26 00:00:00,56.20000076,49.40000153,385.8500061,387.2000122,61.90999985,82.80999756,54.02000046,94.55000305,28.73999977,119.0599976,153.6000061,16.27800165,16.93459332,7.097482101
2021-01-27 00:00:00,54.84999847,49.31999969,380.3200073,381.7000122,61.02000046,81.56999969,53.13999939,92.06999969,28.26000023,119.3399963,154.5,16.57230696,17.20441817,7.214312732
2021-01-28 00:00:00,57.40000153,49.5,381.9299927,383.3399963,61.24000168,81.68000031,53.00999832,92.83999634,28.34000015,119.0100021,153.4600067,15.6651545,16.67669153,7.217453384
2021-01-29 00:00:00,57.15999985,49.11999893,376.6700134,378.0100098,60.43999863,80.16999817,52.18999863,89.41000366,27.85000038,118.7900009,152.4900055,16.05826049,17.15626121,7.191904697
2021-02-01 00:00:00,57.38999939,48.68999863,377.3399963,378.75,60.56000137,80.51000214,53.06000137,91.87999725,27.96999931,118.7699966,152.3600006,16.10848457,17.03992756,7.24607852
2021-02-02 00:00:00,58.27999878,49.34999847,383.2200012,384.6400146,61.15000153,81.30999756,53.86000061,92.62000275,28.57999992,118.4599991,151.0899963,16.15038341,17.50882263,7.55067976
2021-02-03 00:00:00,58.33000183,49.09000015,383.7000122,385.1099854,61.25,81.70999908,54.18999863,93.20999908,28.68000031,118.3099976,150.5899963,16.25092223,17.62054417,7.444338429
2021-02-04 00:00:00,58.88000107,49.06999969,386.2399902,387.6400146,61.24000168,81.59999847,54.11000061,91.81999969,28.46999931,118.1299973,149.4900055,15.96942616,17.36163254,7.616187859
2021-02-05 00:00:00,59.08000183,49.77999878,388.4700012,389.8900146,61.65999985,82.31999969,54.52000046,93,29.09000015,118.1800003,149.5700073,16.32932149,17.80634555,7.535557908
2021-02-08 00:00:00,59.22000122,50.16999817,390.5599976,392.0499878,62.02000046,83.25,54.86000061,92.01000214,29.11000061,118.0400009,149.2599945,16.156731,17.86033189,7.624987847
2021-02-09 00:00:00,59.31000137,50.02000046,390.8900146,392.3500061,62.22000122,83.52999878,55.43000031,92.45999908,29.07999992,118.1299973,149.6699982,16.27491318,17.67697495,7.601374145
2021-02-10 00:00:00,59.41999817,50.58000183,392.2799988,393.730011,62.40999985,83.87999725,55.90000153,93.51999664,29.11000061,118.2699966,149.7799988,16.13941769,17.68703308,7.668987
2021-02-11 00:00:00,60.99000168,50.59000015,391.6900024,393.1499939,62.36999893,84.05000305,56.31000137,94.30999756,29.29000092,118.3099976,149.7899933,16.32246532,17.26308197,7.407633008
2021-02-12 00:00:00,62.50999832,50.84999847,392.8999939,394.3800049,62.75,84.26000214,56.33000183,94.30000305,29.21999931,118.0199966,148.0800018,15.93702525,16.84850156,7.388482243
2021-02-15 00:00:00,62.50999832,50.84999847,392.8999939,394.3800049,62.75,84.26000214,56.33000183,94.30000305,29.21999931,118.0199966,148.0800018,15.98002487,17.42266601,7.351921165
2021-02-16 00:00:00,62.86999893,50.72000122,394.1700134,395.6499939,63.50999832,84.90000153,56.65999985,94.33000183,29.59000015,117.3799973,145.6600037,16.00200319,17.83875486,7.513984108
2021-02-17 00:00:00,62.18999863,50.49000168,392.6600037,394.0899963,62.79000092,84.48000336,56.5,93.09999847,29.35000038,117.1699982,146.3800049,15.97133464,17.49902751,7.277373347
2021-02-18 00:00:00,61.97999954,50.84999847,391.519989,392.9899902,62.52999878,83.52999878,55.75999832,91.75,29.25,117.0999985,145.6000061,15.83537789,17.33294427,7.224371173
2021-02-19 00:00:00,63.25999832,50.83000183,392.3800049,393.8299866,62.97999954,84.20999908,56.31000137,93.63999939,29.20000076,116.7699966,144.3200073,16.31398817,17.06823077,7.433480054
2021-02-22 00:00:00,62.70000076,50.88000107,389.6199951,391.0799866,62.86999893,84.05000305,54.97999954,91.54000092,27.84000015,116.6699982,143.7400055,15.68682475,16.13561085,7.310228707
2021-02-23 00:00:00,61.5,51.50999832,388.9500122,390.3800049,62.61000061,84.09999847,54.95000076,91.18000031,28.20000076,116.5800018,142.5,15.47835135,15.98491558,7.626605849
2021-02-24 00:00:00,63.27999878,50.90000153,392.230011,393.6700134,63.02999878,83.48000336,54.45000076,90.09999847,28.45999908,116.3399963,141.1799927,15.36289268,15.95594553,7.596724508
2021-02-25 00:00:00,63.54000092,50.75,391.8800049,393.3299866,63.34999847,83.63999939,54.52000046,91.91999817,28.30999947,115.7200012,139.9199982,15.44991593,16.07244001,7.116582154
2021-02-26 00:00:00,61.68999863,50.20999908,385.5799866,387.019989,61.93999863,81.47000122,52.97999954,88.58000183,27.29999924,115.8099976,143.3000031,14.60286798,15.46500034,7.522377884
2021-03-01 00:00:00,63.08000183,50.43999863,390.9200134,392.3800049,62.34999847,82.5,54.04000092,90.75,27.26000023,115.6900024,141.4100037,14.33581493,15.62128762,7.09804482
2021-03-02 00:00:00,63.13999939,50.56000137,390.0700073,391.5100098,62.68999863,82,53.68999863,89.79000092,27.35000038,115.7799988,141.1300049,14.18024858,15.37818707,7.104053807
2021-03-03 00:00:00,61.52000046,50.56000137,386.8299866,388.25,62.58000183,81.98999786,53.95999908,90.22000122,27.29999924,115.2399979,140.1499939,13.84334171,15.37838969,7.006670697
2021-03-04 00:00:00,60.24000168,51.09000015,384,385.4200134,62.38999939,81.80000305,53.38000107,89.94999695,27.69000053,115.2699966,139.9400024,14.12197273,15.51467221,6.893862426
2021-03-05 00:00:00,61.18000031,50.95000076,384.7600098,386.2099915,61.84000015,81.44999695,52.91999817,89.12999725,27.36000061,114.5699997,139.3399963,14.69995674,15.78369646,7.07209639
2021-03-08 00:00:00,61.70000076,52.49000168,387.6799927,389.1300049,62.18000031,80.87999725,51.90999985,87.27999878,27.20000076,114.1800003,138.8999939,14.93024625,15.82089972,6.996107143
2021-03-09 00:00:00,63.16999817,51.88000107,389.9100037,391.3699951,62.81999969,81.51999664,52.59999847,88.08000183,26.94000053,114.6100006,139.8200073,14.95714661,15.59303269,6.884158051
2021-03-10 00:00:00,64.12000275,51.63000107,391.3999939,392.8699951,63.15000153,81.40000153,52.70999908,86.62000275,27.47999954,114.8600006,140.1499939,15.19613274,15.66611497,6.972996924
2021-03-11 00:00:00,64.08999634,51.43000031,395.6499939,397.1400146,63.72000122,81.69000244,53.84000015,88.91999817,28.38999939,114.8700027,139.3800049,15.24101374,15.88186076,7.049317143
2021-03-12 00:00:00,63.29999924,50.68000031,394.2099915,395.7200012,63.65999985,81.87999725,52.86999893,88.5,27.98999977,113.9899979,136.4600067,15.24902127,15.78063852,7.582540851
2021-03-15 00:00:00,63.88000107,51.11999893,396.6900024,398.2200012,63.54999924,82.48999786,52.84999847,89.34999847,27.88999939,114.1299973,137.0899963,15.62891838,15.85179065,7.821423947
2021-03-16 00:00:00,65.73000336,51.52000046,397.8299866,399.3599854,63.72999954,82.87000275,53.25,89.95999908,28.04999924,114.2399979,137.1199951,16.48435643,15.78940042,7.866901972
2021-03-17 00:00:00,66.29000092,51.61999893,398.1199951,399.6499939,64.04000092,83.31999969,53.33000183,90.08000183,28.19000053,114.0500031,135.5299988,16.29339291,15.70949999,8.037981053
2021-03-18 00:00:00,65.69999695,51.18999863,396.7200012,398.2399902,63.90999985,83.59999847,52.83000183,89.12999725,28.21999931,113.2300034,134.4700012,16.35174351,15.87656464,7.924306469
2021-03-19 00:00:00,64.98999786,51.08000183,391.5700073,394.3299866,63.33000183,83.51000214,52.84000015,88.98999786,28.19000053,113.1999969,134.8300018,16.06951378,15.5960619,7.88158128
2021-03-22 00:00:00,66.37999725,51.08000183,394.0700073,396.8599854,63.29999924,83.27999878,52.81000137,89.33999634,27.84000015,113.4599991,136.4100037,15.76916142,15.54783985,7.766312166
2021-03-23 00:00:00,66.05000305,51.65000153,393.4599915,396.2399902,62.84999847,82.19000244,52.25999832,87.37999725,27.82999992,113.9800034,137.5399933,15.69236371,15.60918864,8.317507267
2021-03-24 00:00:00,67.44000244,51.88999939,392.75,395.5400085,62.54999924,81.41000366,51.45000076,87.09999847,27.40999985,114.1299973,138.2799988,15.37806759,15.37806759,7.826337969
2021-03-25 00:00:00,62.43999863,52.06000137,390.5499878,392,62.47999954,81.87999725,50.79999924,87.47000122,26.97999954,114.2399979,138.6600037,15.44105553,14.86612261,7.884794312
2021-03-26 00:00:00,64.97000122,53.11000061,396.4100037,397.8900146,63.27999878,83.05999756,51.91999817,89.20999908,27.27000046,113.8899994,137.2400055,15.5364897,14.71154335,7.777318891
2021-03-29 00:00:00,65.12999725,53.93999863,396.75,398.2000122,63.13000107,82.62000275,51.81000137,88.55000305,27.12000084,113.6900024,136.8500061,15.58384308,14.75638238,7.971204689
2021-03-30 00:00:00,64,53.79000092,395.4500122,396.8999939,63.15000153,82.16000366,51.86999893,88.91000366,27.36000061,113.1600037,136.5099945,15.23520864,14.19829119,7.948205595
2021-03-31 00:00:00,64.48999786,53.16999817,398,399.480011,63.29999924,82.02999878,52.13999939,90.02999878,27.70000076,113.1900024,136.5899963,15.42374021,14.1590485,8.028043032
2021-04-01 00:00:00,64.88999939,53.15000153,400.6700134,402.2000122,64.09999847,82.51000214,52.84999847,90.80999756,27.79999924,113.4199982,137.6199951,15.41303722,14.19984646,8.313113995
2021-04-02 00:00:00,64.88999939,53.15000153,400.6700134,402.2000122,64.09999847,82.51000214,52.84999847,90.80999756,27.79999924,113.4199982,137.6199951,15.46762573,14.2501382,8.342556635
2021-04-05 00:00:00,66.73999786,53.22000122,406.9400024,408.480011,65.16999817,83.41999817,52.84999847,92,27.95000076,113.1299973,136.9700012,15.46334758,14.24619678,8.340249184
2021-04-06 00:00:00,66.58000183,53.65000153,407.2399902,408.75,64.56999969,82.76000214,53.11999893,92.26999664,28.26000023,113.6100006,137.9799957,16.11242557,15.02713265,8.417977089
2021-04-07 00:00:00,66.56999969,53.5,406.9599915,408.480011,64.80999756,82.76000214,52.31000137,91.95999908,28.26000023,113.8000031,138.1000061,15.87952969,14.8824347,8.284924148
2021-04-08 00:00:00,67.29000092,53.38000107,408.5799866,410.1099854,65.19000244,83.08000183,52.86999893,92.20999908,28.55999947,113.9199982,138.0700073,15.53051143,15.03573407,8.301264515
2021-04-09 00:00:00,68.40000153,53.27999878,411.6700134,413.2000122,65.22000122,83.33999634,52.22999954,91.38999939,28.19000053,113.8199997,138.1900024,15.49237796,14.94300285,8.208351121
2021-04-12 00:00:00,68.48999786,53.54999924,411.9299927,413.4700012,65.01000214,83.13999939,51.90000153,91.18000031,28.05999947,113.5699997,137.5299988,15.87867506,15.22568893,8.227292776
2021-04-13 00:00:00,65.62999725,53.29000092,413.5299988,415.0799866,65.30000305,83.5,52.06000137,92.72000122,28.12999916,114.0100021,138.5099945,15.70687953,15.56934118,8.224793308
2021-04-14 00:00:00,65.37999725,53.18999863,413.9599915,415.5100098,65.51999664,84.01000214,52.43000031,93.63999939,28.57999992,113.9100037,138.2400055,15.76091003,15.41086407,8.242060336
2021-04-15 00:00:00,65.22000122,53.65999985,416.1600037,417.7200012,65.88999939,84.33999634,52.65999985,94.13999939,28.87999916,114.7699966,140.9799957,15.84611326,15.4327364,8.198641211
2021-04-16 00:00:00,65.51999664,53.79999924,417.9100037,419.480011,66.66999817,84.40000153,52.90000153,93.88999939,29.01000023,114.4700012,139.7299957,15.68789689,15.52247091,8.1610149
2021-04-19 00:00:00,64.73999786,54.36000061,416.7399902,418.3200073,66.81999969,84.22000122,52.84999847,93.69999695,29.06999969,114.3600006,139.3099976,15.47777285,15.86358468,8.215485594
2021-04-20 00:00:00,63.75999832,54.59000015,415.0899963,416.230011,66.02999878,82.95999908,52.70000076,93.86000061,28.88999939,114.5899963,139.7599945,15.67310371,16.06493131,8.186397922
2021-04-21 00:00:00,63.77999878,54.74000168,416.2900085,417.8900146,66.16000366,83.09999847,52.70999908,93.01000214,28.78000069,114.6299973,139.9100037,15.4999868,15.63937517,8.209975023
2021-04-22 00:00:00,63.90999985,54.86999893,416.7799988,418.3399963,66.27999878,83.31999969,52.86999893,92.44000244,28.94000053,114.6900024,140.3899994,15.55824893,15.74298533,8.119061831
2021-04-23 00:00:00,60,54.59000015,418.25,419.8399963,66.69000244,83.84999847,53.36000061,93.06999969,29.04000092,114.6500015,140.4700012,15.36268387,15.1966008,7.958147049
2021-04-26 00:00:00,59.52000046,54.50999832,418.2200012,419.8099976,66.80999756,83.81999969,53.43000031,93.73000336,29.21999931,114.5500031,140.5099945,15.47485265,15.16979283,8.194461703
2021-04-27 00:00:00,58.63000107,53.70000076,418.1400146,419.730011,66.80999756,83.05999756,53.59000015,93.55000305,29.30999947,114.3300018,139.8200073,15.37823893,14.97188973,8.071701725
2021-04-28 00:00:00,58.15999985,54.04999924,419.0100098,420.6000061,67.08000183,83.19999695,54.15999985,93.20999908,29.47999954,114.1100006,138.8899994,15.37734202,15.01584935,8.021550376
2021-04-29 00:00:00,58.29999924,54.36000061,420.7200012,422.2799988,67.22000122,83.25,54.18000031,92.97000122,29.47999954,113.9000015,138.3600006,15.21284,14.90579185,7.955338347
2021-04-30 00:00:00,58.43000031,54.27000046,418.5400085,420.1300049,66.68000031,82.47000122,53.31000137,91.41000366,28.98999977,114.0299988,138.7299957,15.20803626,14.14817913,8.082740015
2021-05-03 00:00:00,57.88000107,54.79999924,419.8399963,421.4299927,66.91000366,82.69000244,53.18000031,90.73999786,28.79000092,114.3499985,139.6499939,15.06301894,14.01326815,8.00566647
2021-05-04 00:00:00,56.97999954,54.61999893,416.6000061,418.1700134,66.12999725,82.26999664,52.52999878,90.52999878,28.45000076,114.5599976,140.1600037,14.79359907,13.83423973,7.883431084
2021-05-05 00:00:00,57.29999924,54.24000168,417.6300049,419.2099915,66.72000122,82.87999725,52.68999863,90.70999908,28.89999962,114.4300003,139.8500061,15.08249514,13.87422896,8.027331669
2021-05-06 00:00:00,57.25,54.61000061,419.2099915,420.769989,67.19000244,83.33999634,53.02999878,92.33999634,29.38999939,114.5800018,140.1900024,15.30072892,14.16012913,8.088966563
2021-05-07 00:00:00,58.00999832,54.77000046,422.8200073,424.4299927,68.20999908,84.15000153,53.70999908,94.01999664,30.05999947,114.9499969,140.6000061,15.62195979,14.59346777,8.269631737
2021-05-10 00:00:00,57.22999954,55.5,422.7399902,424.3399963,68.23999786,84.73999786,53.20999908,94.86000061,30.45999908,114.6299973,139.25,15.96343755,15.22065787,8.466841972
2021-05-11 00:00:00,55.63000107,55.13999939,415.269989,416.8399963,67.01999664,82.75,52.40999985,92.31999969,30.31999969,114.1699982,137.4799957,15.96834526,15.34656898,8.803786812
2021-05-12 00:00:00,54.65000153,54.56000137,412.5899963,414.1400146,66.94999695,81.47000122,51.77999878,89.73999786,30.18000031,113.7300034,136.8000031,15.89141751,15.43899282,9.288844578
2021-05-13 00:00:00,54.38999939,54.77999878,412.3500061,413.8999939,66.83000183,80.80000305,51.45000076,89.34999847,29.78000069,113.9400024,136.3699951,15.49820708,15.2169329,9.141410708
2021-05-14 00:00:00,55.84999847,55.09999847,417.4899902,419.0700073,67.98000336,81.76999664,51.86999893,90.63999939,30.04999924,114.1900024,137.0800018,15.65266248,15.25923828,8.866095172
2021-05-17 00:00:00,55.88999939,55.02000046,416.3900146,417.9400024,67.93000031,81.16999817,51.84000015,89.01000214,30.11000061,114.1200027,137.1699982,15.68118671,15.42735456,9.011041646
2021-05-18 00:00:00,56.13999939,54.56000137,416.0599976,417.6300049,68.30000305,82.29000092,52.83000183,90.69000244,30.34000015,114.0899963,136.5700073,15.98800163,16.12948837,9.041002693
2021-05-19 00:00:00,55.43000031,54.18000031,411.0499878,412.6000061,67.54000092,81.62999725,52.56000137,90.77999878,29.87000084,114.25,137.3000031,16.94049615,15.91586546,9.009392846
2021-05-20 00:00:00,56.24000168,54.79999924,416.6300049,418.2000122,68.33000183,82.38999939,52.72000122,90.76000214,29.81999969,114.1800003,137.4900055,16.70169674,15.48856674,9.027944183
2021-05-21 00:00:00,56.70999908,55.11999893,418.2000122,419.8099976,68.41999817,82.44999695,52.63999939,90.51000214,29.79999924,114.3099976,137.6999969,17.02272463,15.433937,8.965301638
2021-05-24 00:00:00,57.38999939,54.93000031,420.3200073,421.9400024,68.81999969,82.70999908,52.68000031,90.51999664,29.70000076,114.4300003,138.5800018,17.84830308,15.95315838,8.980723023
2021-05-25 00:00:00,57.56000137,54.81999969,420.7099915,422.3299866,69.01000214,82.94000244,53.34000015,91.33999634,29.81999969,114.7600021,139.5,18.01224469,15.89242795,9.017426306
2021-05-26 00:00:00,57.22999954,55.04999924,419.6099854,421.2099915,68.73000336,82.98000336,53.54999924,91.59999847,29.70000076,114.8099976,139.9100037,18.10415649,15.78456144,8.788054694
2021-05-27 00:00:00,57.88000107,55.56999969,420.7200012,422.3200073,68.87999725,83.05999756,53.68999863,91.13999939,30.04999924,114.4100037,138.6900024,18.43565161,16.23353702,8.667297156
2021-05-28 00:00:00,57.65000153,55.70999908,421.25,422.8900146,69.16000366,83.58999634,53.97999954,92.09999847,30.67000008,114.6399994,139.3000031,18.83415813,17.32856178,8.721095848
2021-05-31 00:00:00,57.65000153,55.70999908,421.25,422.8900146,69.16000366,83.58999634,53.97999954,92.09999847,30.67000008,114.6399994,139.3000031,18.80317612,17.30005646,8.706749725
2021-06-01 00:00:00,57.81999969,55.65000153,422.7200012,424.3599854,69.77999878,83.63999939,55.15999985,93.62000275,31.63999939,114.3199997,138.2599945,18.95006453,16.64532695,8.80637383
2021-06-02 00:00:00,57.68999863,55.56000137,421.230011,422.8599854,69.65000153,83.87999725,55.15000153,93.26000214,32.13999939,114.5100021,138.7899933,18.97049766,16.42222185,9.134719196
2021-06-03 00:00:00,57.09999847,55.74000168,419.9899902,421.6300049,69.15000153,83.72000122,54.74000168,92.94000244,31.85000038,114.3300018,138.5099945,18.45185823,15.92753956,9.183413315
2021-06-04 00:00:00,57.75,56.47999954,422.9200134,424.5599976,69.66000366,84.63999939,55.00999832,93.87999725,32.29000092,114.7799988,139.8999939,18.08894834,15.52093852,9.016254283
2021-06-07 00:00:00,57.43999863,56.34000015,422.7799988,424.4299927,70,84.69000244,54.81000137,93.68000031,32.52000046,114.7200012,139.7100067,18.18697034,15.69405229,9.036827941
2021-06-08 00:00:00,57.63999939,56.25,423.2099915,424.8800049,70.05999756,84.61000061,54.63000107,92.87999725,32.43999863,115.0699997,140.6600037,18.67534363,15.82103635,8.888700532
2021-06-09 00:00:00,57.47999954,55.91999817,423.2600098,424.9200134,70.05999756,84.19999695,54.70999908,92.12999725,32.27000046,115.5500031,142.1499939,18.47973759,15.77231468,8.8295224
2021-06-10 00:00:00,58.02999878,56.11999893,424.6300049,425.0400085,70.06999969,84.41999817,54.99000168,92.73999786,31.95999908,115.7900009,142.5599976,18.34603453,15.89048837,8.904882913
2021-06-11 00:00:00,57.93999863,56.20999908,424.4299927,424.8399963,70.16999817,84.36000061,54.88999939,92.97000122,31.70999908,115.7200012,142.3999939,18.51603323,15.75718113,8.969690337
2021-06-14 00:00:00,58.20000076,55.70999908,425.3699951,425.7799988,70.34999847,84.33999634,55,93,32.00999832,115.5,142.1000061,18.75044102,15.61595464,8.965760577
2021-06-15 00:00:00,58.41999817,55.79000092,425.4599915,425.9400024,70.37999725,84.44000244,54.74000168,93.05000305,31.70999908,115.2900009,141.0899963,18.87910521,15.69025784,8.748165345
2021-06-16 00:00:00,58.36999893,55.45999908,424.8699951,425.2799988,70.41000366,84.69000244,54.45999908,93.72000122,31.79000092,115.3799973,141.6699982,18.86925256,15.60233719,8.815883741
2021-06-17 00:00:00,57.90000153,55.15000153,423.019989,423.4400024,69.29000092,83.91000366,54.27999878,92.25,31.57999992,115.2600021,144.9299927,18.65940895,15.47372502,8.856119292
2021-06-18 00:00:00,56.75,54.61999893,417.8299866,419.6099854,68.04000092,82.45999908,53.95999908,91.66999817,31.17000008,115.5800018,146.0399933,18.67778127,15.58340258,8.85103814
2021-06-21 00:00:00,56.04000092,54.43000031,421.0599976,422.8699951,67.97000122,82.61000061,53.63999939,92.08999634,31.35000038,115.3499985,144.4900055,18.51493707,15.44753705,9.257468534
2021-06-22 00:00:00,56.27999878,54.84999847,424,425.7900085,68.11000061,82.73000336,53.43999863,92.13999939,31.57999992,115.4100037,143.6799927,18.83104647,15.54075148,9.566752925
2021-06-23 00:00:00,55.97000122,54.59999847,424.0499878,425.8599854,68.04000092,82.41999817,54.04999924,92.80000305,31.98999977,115.3700027,143.5,19.10162605,15.84710905,9.513845398
2021-06-24 00:00:00,56.09999847,54.41999817,425.5499878,427.3800049,68.23999786,82.93000031,54.18000031,93.52999878,32.36000061,115.2799988,143.8999939,19.16334912,15.81115977,9.525804737
2021-06-25 00:00:00,56.40999985,54.47000122,427.0899963,428.9100037,68.34999847,83.36000061,54.65000153,94.06999969,32.43999863,115.25,143.3999939,18.75394763,15.69828086,9.560921055
2021-06-28 00:00:00,57.72999954,54.36999893,427.6499939,429.4899902,68.11000061,83.11000061,54.75,93.48999786,31.92000008,115.3600006,143.8000031,18.89728785,15.97932428,9.698755085
2021-06-29 00:00:00,57.83000183,54.34000015,428.5599976,430.3800049,67.98999786,82.98999786,54.65000153,93.12000275,31.79999924,115.3199997,143.7200012,18.90077851,15.79436841,9.99292202
2021-06-30 00:00:00,56.38000107,54.18000031,428.7799988,430.6199951,67.48000336,82.48999786,54.43000031,93.37000275,31.62999916,115.6600037,144.9299927,18.82613459,16.19601284,10.54817247
2021-07-01 00:00:00,56.63999939,54.47999954,430.6000061,432.4700012,67.66999817,82.20999908,54.40999985,92.72000122,31.68000031,115.4499969,144.3099976,19.19486544,16.26308484,9.818699181
2021-07-02 00:00:00,56.99000168,54.45000076,434.1000061,435.980011,67.84999847,82.69999695,53.95999908,93.12999725,31.53000069,115.75,145.0399933,20.22648221,16.40133796,9.769253314
2021-07-05 00:00:00,56.99000168,54.45000076,434.1000061,435.980011,67.84999847,82.69999695,53.95999908,93.12999725,31.53000069,115.75,145.0399933,20.08298809,16.48686074,9.958506489
2021-07-06 00:00:00,57.00999832,54.09000015,434.0100098,435.8699951,67.91999817,82.66999817,53.36000061,92.98000336,30.93000031,116.4400024,146.9900055,20.49074377,16.84217775,9.948731899
2021-07-07 00:00:00,56.45000076,54.38000107,434.7600098,436.6199951,67.91000366,82.44999695,53.36000061,92.31999969,30.55999947,116.9100037,148.5599976,20.01822257,16.72418987,9.857248907
2021-07-08 00:00:00,55.72000122,54.16999817,431.730011,433.6000061,67.09999847,81.13999939,52.20999908,89.69999695,29.97999954,117.1900024,149.4400024,19.73557166,16.2024903,9.798780334
2021-07-09 00:00:00,56.11000061,54.52000046,435.8399963,437.7000122,68.02999878,82.55999756,52.99000168,90.23999786,30.43000031,116.5400009,146.9900055,20.16218006,15.83186232,9.515666378
2021-07-12 00:00:00,56.75999832,54.59999847,437.3500061,439.269989,68.37999725,82.80999756,53.02000046,91.01000214,30.62999916,116.5599976,147.2299957,20.56459788,16.17902537,9.201473191
2021-07-13 00:00:00,57.29999924,55.29999924,437.8399963,439.75,68.15000153,82.88999939,53.33000183,91.26999664,30.56999969,116.5299988,147.4600067,20.44160622,16.49770936,9.504791446
2021-07-14 00:00:00,57.45999908,56.34999847,437.9200134,439.8099976,68.13999939,83.09999847,53.56999969,91.44999695,31.12000084,116.5199966,146.9199982,20.15407569,16.56726265,9.236248927
2021-07-15 00:00:00,56.40000153,56.47000122,435.5299988,437.4100037,67.55000305,82.44000244,53.61999893,91.91000366,30.98999977,117.0400009,148.6000061,20.47487569,16.93458967,9.146341395
2021-07-16 00:00:00,56.93000031,56.68000031,436.0599976,437.9599915,67.33999634,82.29000092,53.47999954,91.66000366,30.85000038,116.9800034,148.3399963,20.41267907,16.81694969,8.975493709
2021-07-19 00:00:00,54.81000137,56.34999847,431.4100037,428.5499878,65.69999695,80.76000214,52.29999924,89.06999969,29.78000069,118.1100006,151.9499969,20.04018951,16.35147331,8.93274931
2021-07-20 00:00:00,55.56000137,56.33000183,432.4200134,434.2799988,66,81.29000092,52.40000153,90.16999817,29.87999916,118.5199966,152.7100067,19.49339087,15.77515643,8.748786926
2021-07-21 00:00:00,56.27999878,57.56000137,434.7000122,436.5799866,67.18000031,81.73000336,52.70000076,89.55999756,30.29999924,117.4100037,148.5,19.82276803,16.05998675,8.820722775
2021-07-22 00:00:00,56.54000092,56.74000168,435.7200012,437.6099854,67.51000214,82.05000305,52.84999847,90.26999664,30.28000069,117.6399994,149.8099976,20.13220448,16.42941483,8.836405904
2021-07-23 00:00:00,54.70999908,57.33000183,440.2999878,442.2000122,67.98000336,82.13999939,52.20000076,90.16999817,30.30999947,117.25,148.6600037,20.24762814,16.63886721,8.801519988
2021-07-26 00:00:00,54.54000092,57.11999893,441.0299988,442.9400024,68.12000275,81.93000031,51.22999954,90.05999756,30.53000069,117.4199982,149.0599976,20.16894683,16.34427615,9.437856431
2021-07-27 00:00:00,53.20000076,57.54000092,439.9400024,441.8699951,68,81.51999664,50,89.31999969,30.34000015,117.7099991,149.6900024,20.32885605,16.51200961,9.005545108
2021-07-28 00:00:00,53.91999817,57.15999985,440.2999878,442.230011,68.37000275,82.02999878,51.34999847,90,30.96999931,117.75,149.6699982,20.71301716,16.77032489,9.495779986
2021-07-29 00:00:00,54.09999847,57.25,441.7999878,443.7200012,69,82.44000244,51.66999817,90.80999756,31.18000031,117.5299988,149.2200012,20.88809171,16.82729093,8.87257158
2021-07-30 00:00:00,53.90000153,57.25,440.0599976,441.980011,68.83000183,81.80000305,51.36999893,88.95999908,30.88999939,117.7799988,149.7200012,21.22578878,17.0085597,8.797530878
2021-08-02 00:00:00,54.47000122,57.24000168,440.9299927,442.8599854,69.11000061,82.51999664,51.79000092,89.15000153,30.59000015,118.3799973,151.2299957,21.03888209,16.95339243,8.754620683
2021-08-03 00:00:00,54.15999985,57,441.2799988,443.1700134,69.37000275,82.73999786,51.66999817,90.13999939,30.20000076,118.3700027,151.2299957,20.78355154,17.03250948,8.752431464
2021-08-04 00:00:00,54.43999863,56.95000076,441.1199951,442.3200073,69.66999817,82.70999908,52.09999847,91.68000031,30.12000084,118.6299973,151.8200073,20.59290029,16.97981803,8.754348806
2021-08-05 00:00:00,54.02000046,56.59000015,441.8500061,443.7799988,69.70999908,82.73999786,51.86000061,91.56999969,30.35000038,117.9599991,150.9199982,21.55795065,17.22413583,8.750972235
2021-08-06 00:00:00,54.13000107,56.74000168,442.9400024,444.8699951,69.48999786,82.56999969,51.52000046,90.79000092,29.98999977,117.25,148.7599945,23.14763221,18.57938711,8.774373221
2021-08-09 00:00:00,54.40999985,56.88000107,442.7999878,444.7200012,69.30999756,82.48999786,51.61000061,90.61000061,29.93000031,117.3099976,148.5599976,22.85524084,18.08448668,8.806479329
2021-08-10 00:00:00,54.38999939,57.16999817,443.4400024,445.3900146,69.38999939,82.31999969,51.77999878,89.19999695,30.10000038,116.8799973,147.5700073,22.0754234,18.11458833,8.946501577
2021-08-11 00:00:00,54.36000061,57.18000031,443.8800049,445.8399963,69.87000275,82.91999817,52.02999878,88.55000305,30.12999916,116.9899979,147.2299957,22.10999652,18.40193703,8.910411615
2021-08-12 00:00:00,54.18000031,56.97999954,445.2600098,447.2099915,69.88999939,82.47000122,51.52999878,87.47000122,29.95000076,116.6999969,146.4400024,22.2666608,18.63715714,9.179909244
2021-08-13 00:00:00,53.56000137,57.29999924,445.9400024,447.8800049,70.38999939,82.62000275,51.40000153,86.41000366,29.95000076,117.2399979,148.5599976,22.07090856,18.34178133,9.018963259
2021-08-16 00:00:00,53.49000168,57.49000168,447.1099854,449.0700073,70.01999664,82.12999725,51.02000046,85.98000336,29.67000008,117.8199997,150.0200043,21.6276166,18.68847896,9.066962342
2021-08-17 00:00:00,53.18000031,57.56000137,444.9599915,446.9100037,69.65000153,81.04000092,50.31999969,84.26000214,29.34000015,117.6999969,149.4700012,21.3366548,18.68770713,9.025470405
2021-08-18 00:00:00,53.02999878,57.22999954,444.6300049,446.5599976,69.76999664,81.25,50.63000107,85.19000244,29.14999962,117.4899979,149.4700012,21.29764599,19.64879597,8.890049647
2021-08-19 00:00:00,52.66999817,56.97999954,441.1400146,443.0499878,68.66999817,80.18000031,49.50999832,83.26999664,28.25,117.7200012,150.4600067,20.5882355,19.65365605,8.79604187
2021-08-20 00:00:00,52.38000107,57.02999878,443.7099915,445.6600037,68.84999847,80,49.45000076,82.76000214,28.28000069,117.7099991,150.8099976,20.11913331,19.35580575,8.560173249
2021-08-23 00:00:00,53.54000092,56.75,448.230011,450.2099915,69.51000214,80.94000244,50.13000107,84.16000366,28.51000023,117.5800018,150.5,20.46516648,19.32064318,8.774678569
2021-08-24 00:00:00,53.97000122,56.63999939,448.5400085,450.519989,69.52999878,81.75,51.22000122,85.58999634,29.43000031,117.5100021,150.0700073,21.49297947,19.37936591,8.577977121
2021-08-25 00:00:00,54.22999954,56.16999817,449.4599915,451.4500122,69.61000061,81.63999939,51.29000092,85.63999939,29.59000015,117.2399979,149.3699951,22.17323084,19.40788244,8.578448743
2021-08-26 00:00:00,53.75,55.97999954,448.8599854,450.8399963,69.44999695,81.23999786,51.06999969,84.68000031,29.43000031,116.8300018,148.5700073,22.1365642,18.97140732,8.604075015
2021-08-27 00:00:00,53.93999863,55.79000092,450.6499939,452.6499939,69.98000336,81.79000092,51.47000122,85.76000214,29.75,117.1600037,149.4900055,21.89641001,18.7722664,8.57769253
2021-08-30 00:00:00,54.86999893,56.20000076,453.0700073,455.0899963,70.04000092,81.83999634,51.72000122,85.44000244,29.79000092,117.4000015,149.8999939,21.99326792,18.85530479,8.615635619
2021-08-31 00:00:00,54.5,56.52000046,452.4899902,454.5100098,69.94999695,82.34999847,52.34999847,87.04000092,30,117.4899979,150.0899963,23.28269533,19.76001802,8.724130518
2021-09-01 00:00:00,54.15999985,56.79999924,453.1099854,455.1400146,70.47000122,83.33000183,53.04999924,87.72000122,29.79000092,117.2900009,149.3899994,23.13321654,19.80489407,8.870942134
2021-09-02 00:00:00,53.88999939,57.02999878,454.0499878,456.0799866,70.69999695,83.51000214,52.95999908,86.95999908,29.55999947,117.2799988,149.5500031,22.66811758,19.94133308,8.676132488
2021-09-03 00:00:00,54.08000183,56.77000046,453.6300049,455.6499939,70.48000336,84.93000031,52.95000076,87.76999664,29.28000069,117.0500031,148.5099945,22.72003907,19.95267743,8.717189169
2021-09-06 00:00:00,54.08000183,56.77000046,453.6300049,455.6499939,70.48000336,84.93000031,52.95000076,87.76999664,29.28000069,117.0500031,148.5099945,22.74815017,20.23449883,8.717465594
2021-09-07 00:00:00,53.95000076,56.68999863,452.8099976,454.8299866,70.44999695,85.22000122,53.45000076,86.65000153,29.5,116.6800003,147.5200043,22.17086173,20.15029631,8.732717699
2021-09-08 00:00:00,53.91999817,56.47999954,451.6700134,453.6799927,69.70999908,85.06999969,53.04000092,85.41999817,28.69000053,116.9400024,148.1900024,21.74452242,19.67755261,8.68127321
2021-09-09 00:00:00,53.88999939,56.41999817,452.5700073,454.5799866,69.55000305,84.91999817,52.72000122,83.97000122,28.45999908,117.3199997,149.8899994,22.11085759,20.10077963,8.549715171
2021-09-10 00:00:00,54.97999954,56.13000107,451.4899902,453.5100098,69.58999634,85.48999786,53.06000137,84.36000061,28.64999962,117.0299988,149.1699982,22.37581639,20.2612932,8.676649733
2021-09-13 00:00:00,55.49000168,56.40000153,448.9200134,450.9299927,69.5,85.59999847,52.84000015,84.40000153,28.73999977,117.0599976,149.4900055,22.17301018,19.93079567,8.678753944
2021-09-14 00:00:00,55.43999863,55.97999954,448.3399963,450.3200073,69.62999725,85.69999695,52.56999969,85.06999969,28.67000008,117.5199966,151.5700073,21.53216033,19.87158241,8.565814422
2021-09-15 00:00:00,55.15000153,56,448.4100037,450.3900146,69.16999817,85.66000366,52.20000076,85.20999908,28.37999916,117.3499985,151.25,21.03438715,19.77627397,8.438061029
2021-09-16 00:00:00,54.95000076,55.99000168,448.3599854,450.3399963,69.16999817,85.23000336,51.70999908,83.77999878,28.05999947,117.0100021,150.4499969,21.29958009,19.69310981,8.572457786
2021-09-17 00:00:00,54.59000015,55.18999863,445.3699951,448.7799988,68.91999817,84.70999908,51.70000076,83.75,27.76000023,116.5699997,149.3600006,21.61604392,19.81249978,8.416173303
2021-09-20 00:00:00,53.5,54.40000153,436.5599976,439.8900146,66.54000092,82.70999908,50.02000046,81.61000061,26.82999992,117.2099991,151.3699951,21.11622153,19.24898738,8.282831434
2021-09-21 00:00:00,53.45000076,54.81999969,437.9100037,441.25,67.37999725,83.65000153,50.11999893,81.62999725,27.06999969,117.1500015,150.9600067,20.60334539,18.66324258,8.320581794
2021-09-22 00:00:00,53.86999893,54.56000137,440.0299988,443.4100037,68.23999786,83.63999939,51.06000137,82.62000275,27.75,117.2200012,151.7899933,21.49685739,19.01119789,8.303741608
2021-09-23 00:00:00,54.29999924,54.61999893,444.8900146,448.2900085,68.69000244,84.08999634,51.04000092,84.19000244,27.87000084,116.6100006,150.4499969,21.43333717,18.98225668,8.320056549
2021-09-24 00:00:00,54.41999817,54.24000168,444.6700134,446.3999939,67.97000122,83.37000275,50.54999924,83,27.5,115.9100037,147.8500061,21.48943999,19.15661445,8.521674478
2021-09-27 00:00:00,54.86999893,54.25,444.0499878,445.769989,67.76999664,83.44999695,50.77999878,83.25,27.62999916,115.5999985,146.8699951,21.67910532,18.91795824,8.498318239
2021-09-28 00:00:00,54.59000015,53.45999908,440.0400085,441.75,66.56999969,82.16999817,50.52999878,81.41999817,27.28000069,115.2200012,145.0700073,21.37454782,18.99046364,8.365669142
2021-09-29 00:00:00,54.04999924,53.15999985,437.0400085,438.730011,66.25,81.87000275,50.09999847,80.69999695,26.89999962,115.3600006,145.4299927,21.47799967,18.68829732,8.125346661
2021-09-30 00:00:00,53.97999954,53.33000183,436.769989,438.4700012,66.08000183,81.66999817,50.38999939,81.45999908,26.90999985,115.2600021,144.5099945,20.9720747,19.52202088,8.190118802
2021-10-01 00:00:00,54.11000061,53.20000076,436.0299988,437.730011,66.18000031,81.08999634,50.22000122,80.62000275,27.19000053,115.6600037,145.3999939,21.23982924,19.74676664,8.405172157
2021-10-04 00:00:00,54.33000183,53.52999878,433.9599915,435.6099854,66.11000061,80.33000183,49.83000183,80.11000061,26.95000076,115.6699982,145.4600067,21.63203924,19.9221039,8.441109416
2021-10-05 00:00:00,54.34000015,53.47000122,435.4899902,437.1700134,66.26000214,80.20999908,49.97999954,79.18000031,26.73999977,115.3199997,144.6999969,21.77196693,19.97577966,8.314169873
2021-10-06 00:00:00,54.06999969,53.77000046,435.1199951,436.8200073,65.59999847,79.22000122,49.66999817,77.23000336,26.44000053,115.2600021,144.7200012,21.84318621,19.86917387,8.299263983
2021-10-07 00:00:00,54.99000168,54.27999878,441.6799927,443.3900146,66.30999756,80.15000153,50.81000137,78.76999664,26.67000008,114.9100037,143.3399963,22.15516793,19.70858496,8.399934833
2021-10-08 00:00:00,54.58000183,54.38999939,439.8900146,441.5899963,66.30000305,79.84999847,50.88000107,78.22000122,26.85000038,114.6200027,142.3500061,22.20103507,20.02179236,8.376464152
2021-10-11 00:00:00,54.40999985,54.38999939,440.2600098,441.9700012,66.23999786,80.44000244,51.18000031,78.51000214,26.76000023,114.3199997,141.8999939,22.05882447,19.90066812,8.455882713
2021-10-12 00:00:00,53.72000122,54.83000183,436.1000061,437.769989,66.15000153,79.55000305,50.86999893,76.91000366,26.54000092,114.7099991,144.0099945,21.69067639,19.97825457,8.630062348
2021-10-13 00:00:00,52.58000183,54.43000031,436.0499878,437.7399902,66.98999786,79.68000031,51.22999954,78.36000061,26.68000031,115.0500031,145.5299988,21.45456421,20.06952273,8.758350581
2021-10-14 00:00:00,54,54.81000137,442.6600037,444.3900146,67.72000122,80.43000031,51.40000153,79.51999664,26.76000023,115.2099991,145.9600067,21.65206369,20.14844816,8.748308563
2021-10-15 00:00:00,54.49000168,54.88000107,446.2600098,448,68.19999695,81.12999725,51.88999939,80.52999878,27.32999992,114.7699966,145.1399994,21.59679723,20.47595079,8.748069763
2021-10-18 00:00:00,54.56000137,54.38999939,447.5499878,449.2900085,67.93000031,80.76000214,51.88000107,79.84999847,27.17000008,114.5199966,146,21.9635045,21.05523927,8.793658755
2021-10-19 00:00:00,55.22000122,54.20000076,450.7099915,452.5100098,68.31999969,81.59999847,52.40000153,81.23999786,26.82999992,114.3199997,144.7299957,21.97832489,21.84096036,8.651217967
2021-10-20 00:00:00,55.49000168,54.75999832,452.730011,454.519989,68.58999634,81.58000183,52.41999817,80.94999695,26.88999939,114.2099991,143.6799927,22.3598766,22.47408468,8.620748669
2021-10-21 00:00:00,56.06999969,54.66999817,453.8299866,455.6400146,68.55000305,80.73999786,52,80.41000366,26.20000076,113.9499969,143.1499939,21.86889729,23.30557631,8.667020373
2021-10-22 00:00:00,50.54999924,54.52999878,454.6700134,456.4599915,68.97000122,81.18000031,52.13999939,80.87999725,25.92000008,114.0500031,144.3999939,21.18328491,22.36932821,8.619500697
2021-10-25 00:00:00,50.06999969,54.47000122,455.8999939,457.7000122,68.69999695,81.36000061,52.06000137,81.62999725,26.54999924,114.2200012,144.3000031,21.46985936,22.02036858,8.7943847
2021-10-26 00:00:00,49.43999863,54.58000183,458.4899902,460.2900085,69.05999756,81.66000366,52.13000107,82.44999695,26.37999916,114.2399979,145.1000061,21.44499167,21.74780927,8.492657163
2021-10-27 00:00:00,48.81999969,56.08000183,457.1600037,458.9500122,69.01000214,81.15000153,51.70999908,81.41999817,26.42000008,115.0599976,148.1799927,21.53024443,22.57647114,8.419371461
2021-10-28 00:00:00,48.36000061,56.11000061,458.3999939,460.2000122,69.45999908,81.27999878,51.34000015,81.22000122,25.92000008,114.9100037,148.3300018,21.25848033,22.0549867,8.366750093
2021-10-29 00:00:00,49.27999878,56.47000122,459.5599976,461.3900146,68.94000244,80.86000061,50.88999939,79.62999725,25.61000061,114.8600006,148,21.3359094,21.94314097,8.354954767
2021-11-01 00:00:00,49.59999847,56.40000153,460.7000122,462.519989,69.54000092,81.55000305,51.15000153,79.84999847,25.40999985,114.6299973,146.7599945,21.20905221,21.88926153,8.483620882
2021-11-02 00:00:00,49.90000153,56.5,462.230011,464.0499878,69.45999908,81.44999695,50.70999908,80.75,25.17000008,114.9599991,147.5700073,21.41169754,21.54825173,8.425393739
2021-11-03 00:00:00,50.45000076,56.33000183,465.1499939,466.9700012,70.08000183,81.66999817,51.06999969,79.62999725,25.47999954,114.8799973,147.9799957,21.32483709,21.32483709,8.306609595
2021-11-04 00:00:00,50.34999847,56.63000107,467,468.8599854,69.80999756,81.86000061,51.09999847,79.62999725,25.30999947,115.1699982,147.3600006,21.74746756,21.93919586,8.381265836
2021-11-05 00:00:00,51.58000183,57.15999985,470.6499939,472.5400085,69.93000031,82,51.09000015,79.59999847,25.44000053,115.8099976,149.5800018,21.15447133,21.47867779,8.348316271
2021-11-08 00:00:00,51.99000168,56.88999939,470.230011,472.1000061,70.18000031,82,51.47999954,79.68000031,25.55999947,115.5199966,149.2799988,21.31620934,21.63999986,8.216184486
2021-11-09 00:00:00,51.77000046,56.52000046,469.5700073,471.4400024,70.22000122,81.70999908,51.65999985,79.79000092,25.79999924,115.9800034,151.7700043,21.27945764,21.75747077,8.355736904
2021-11-10 00:00:00,51.38999939,56.91999817,467.3800049,469.25,69.83000183,81.16999817,51.65999985,78.75,25.81999969,115.5699997,150.9299927,21.69600296,21.53328294,8.380081143
2021-11-11 00:00:00,51.06999969,56.88000107,465.2900085,467.1199951,69.54000092,80.94000244,52.15000153,78.97000122,26.15999985,114.8000031,148.6600037,22.47974663,21.4067277,8.315896726
2021-11-12 00:00:00,50.90000153,56.99000168,467.8599854,469.7200012,69.62999725,81.62000275,52.16999817,79.81999969,25.85000038,114.9400024,148.5099945,22.66955391,21.38637161,8.40751734
2021-11-15 00:00:00,50.63000107,56.68000031,468.8099976,470.6799927,69.72000122,81.88999939,52.20999908,80.44000244,25.71999931,114.5800018,146.9600067,22.25916385,21.73563008,8.452745032
2021-11-16 00:00:00,51.15000153,56.93999863,470.4899902,472.3800049,69.43000031,81.54000092,52.08000183,79.94999695,25.44000053,114.4000015,146.3800049,21.18530374,21.58755634,8.809331996
2021-11-17 00:00:00,50.93999863,56.04999924,469.1900024,471.0799866,69.33999634,80.84999847,52.11000061,79.08000183,25.10000038,114.4899979,146.2899933,21.31829756,21.37199604,8.833400373
2021-11-18 00:00:00,50.24000168,55.93000031,470.0100098,471.8999939,69.36000061,80.87999725,51.31999969,78.33999634,24.44000053,114.5800018,146.8999939,22.09929866,21.88343249,8.97193749
2021-11-19 00:00:00,49.72999954,55.49000168,470.9400024,472.8200073,68.76999664,81.11000061,51.38999939,78.69000244,24.42000008,115.1100006,148.6000061,22.46341522,21.57243842,8.963766651
2021-11-22 00:00:00,50.84999847,56.02000046,473.5400085,475.5,68.47000122,81.34999847,50.99000168,80.70999908,24.65999985,114.4400024,147.6399994,22.74521418,21.49526405,8.866796422
2021-11-23 00:00:00,50.45000076,56.11000061,469.1000061,470.9500122,67.87000275,80.98999786,50.81000137,79.73999786,24.54000092,113.8799973,146.1100006,22.37406276,21.11468438,8.815648682
2021-11-24 00:00:00,49.77999878,55.84000015,469.5700073,471.4700012,67.22000122,80.23999786,50.54999924,79.33000183,24.59000015,113.9199982,146.8200073,22.0168272,20.94675055,8.801380498
2021-11-25 00:00:00,49.77999878,55.84000015,469.5700073,471.4700012,67.22000122,80.23999786,50.54999924,79.33000183,24.59000015,113.9199982,146.8200073,22.04892325,21.3024059,8.798240232
2021-11-26 00:00:00,49.18000031,54.75,463.8999939,465.730011,66.16000366,78.45999908,49.31999969,76.52999878,23.98999977,115.3899994,150.6799927,21.70208292,21.14288815,8.787346458
2021-11-29 00:00:00,50.13000107,54.72999954,466.5599976,468.4200134,66.19999695,78.41000366,49.41999817,76.68000031,24.22999954,115.1999969,149.6399994,21.22710353,21.05206991,8.845071198
2021-11-30 00:00:00,50.40000153,53.63000107,464.0299988,465.8800049,66.30000305,77.62999725,49.5,76.05000305,24.11000061,116.1500015,152.0700073,20.98451411,20.98451411,8.64146552
2021-12-01 00:00:00,50.31000137,53.52000046,464.6700134,466.5100098,66.77999878,78.76999664,50.13999939,78.77999878,24.54000092,115.9300003,152.4100037,21.0873403,21.19370771,8.775311852
2021-12-02 00:00:00,49.79000092,53.34000015,459.0700073,460.8800049,66.09999847,78.36000061,50.04000092,79.5,24.61000061,115.9499969,152.9900055,21.54016111,20.95584108,8.89760046
2021-12-03 00:00:00,50.06000137,53.61000061,460.2999878,462.0899963,66.05999756,78.63999939,49.81000137,79.30000305,24.95999908,116.6399994,155.1199951,21.91839088,21.27999115,9.01739625
2021-12-06 00:00:00,51.20999908,55.25,460.7900085,462.6199951,66.25,78.75,49.40999985,79.80000305,24.82999992,116.2799988,154.3500061,21.57682996,21.44445677,8.829291768
2021-12-07 00:00:00,55,55.41999817,468.8800049,470.75,67.55000305,80.29000092,50.13000107,81.18000031,25.23999977,115.6999969,152.5299988,21.45980965,20.79851528,8.767741455
2021-12-08 00:00:00,52.88000107,55.34999847,470,471.8999939,67.81999969,80.37000275,50.47999954,81.37999725,25.5,115.1999969,150.4799957,21.16724676,20.9288172,8.715925138
2021-12-09 00:00:00,51.59000015,55.13000107,469.6300049,471,67.37999725,80,50.40000153,81.04000092,25.18000031,115.4400024,149.8399963,21.05680239,20.66050121,8.665785675
2021-12-10 00:00:00,51.06999969,56.31999969,470.8999939,472.8099976,67.33000183,79.98000336,50.27000046,80.95999908,25.25,115.6600037,150.2400055,21.42290275,21.10552641,8.833641381
2021-12-13 00:00:00,51.02000046,57.93000031,470.5599976,470.9400024,67.12000275,79.44999695,49.90000153,78.61000061,23.70000076,115.9899979,151.3099976,21.60915167,21.21143723,8.749717855
2021-12-14 00:00:00,50.27000046,58.16999817,465.7399902,466.1199951,66.55999756,79.02999878,49.45000076,78.05999756,23.34000015,115.8099976,150.9299927,21.14164925,20.87737863,8.628435599
2021-12-15 00:00:00,50.77999878,58.25,470.8599854,471.269989,67.01999664,79.91999817,49.20999908,78.77999878,23.07999992,115.7300034,150.7899933,21.01004382,20.87773875,8.586598512
2021-12-16 00:00:00,51.40000153,58.88000107,472.8699951,473.2799988,67.47000122,80.19000244,49.77999878,78.94999695,23.55999947,115.9100037,149.8800049,20.79658253,20.79658253,8.570632578
2021-12-17 00:00:00,51.02000046,58.91999817,464.7399902,466.730011,66.76000214,79.48999786,49.13999939,78.77999878,23.54000092,116.3399963,150.9799957,20.99821387,21.50451598,8.500545971
2021-12-20 00:00:00,50.13000107,57.77999878,455.3999939,457.3999939,65.51999664,76.98000336,47.84999847,77.30000305,22.93000031,116.3499985,151.0200043,20.55854676,20.92897102,8.493299239
2021-12-21 00:00:00,50.84000015,57.97000122,463.2099915,465.2399902,66.34999847,77.52999878,48.63999939,77.94999695,22.92000008,115.5400009,149.1999969,20.95106725,21.00390726,8.461668265
2021-12-22 00:00:00,51.02000046,58.18999863,467.8099976,469.8699951,67.19000244,77.93000031,48.90999985,78.48999786,23.12000084,115.6399994,149.8600006,21.17834387,21.62951159,8.426220775
2021-12-23 00:00:00,51.72999954,58.61000061,472.1900024,474.230011,67.75,78.40000153,49.29999924,78.80999756,23.20999908,115.4899979,149.6000061,21.20301689,21.76380197,8.465184324
2021-12-24 00:00:00,51.72999954,58.61000061,472.1900024,474.230011,67.75,78.40000153,49.29999924,78.80999756,23.20999908,115.4899979,149.6000061,20.91326088,21.74554348,8.553425858
2021-12-27 00:00:00,52.06000137,58.68999863,477.3099976,479.3999939,68.37000275,78.40000153,49.43999863,79.16999817,23.45999908,115.4199982,149.0099945,20.90964216,21.74178075,8.551945817
2021-12-28 00:00:00,52.11999893,58.93999863,478.8099976,480.8999939,68.59999847,78.66999817,49.36999893,79.37999725,23.51000023,115.5800018,149.7799988,20.96948497,21.80400511,8.576421247
2021-12-29 00:00:00,52.13999939,59.09999847,478.5599976,480.6400146,68.58000183,78.44999695,49.11999893,79.11000061,23.39999962,115.0699997,147.3099976,21.81564283,22.29924083,8.86730622
2021-12-30 00:00:00,52.13999939,59.22999954,479,481.0899963,68.59999847,78.47000122,49.74000168,78.51999664,23.59000015,115.1399994,147.9700012,21.94903685,22.4079958,8.774215221
2021-12-31 00:00:00,52.15999985,59.34999847,476.8599854,478.9299927,68.58000183,78.37000275,49.88999939,78.48000336,23.62000084,115.3099976,149.0299988,22.51528622,22.38030249,9.664835091
2022-01-03 00:00:00,53.22999954,59.31000137,477.8500061,479.8999939,68.88999939,78.19999695,49.86000061,78.26999664,23.44000053,114.4100037,146.9400024,22.55516976,22.41994692,9.681955366
2022-01-04 00:00:00,53.93999863,60.54000092,479.980011,482.0700073,69.25,79.15000153,49.88000107,78.08999634,23.47999954,113.8899994,144.1300049,22.3552564,22.38222294,10.00458399
2022-01-05 00:00:00,56.16999817,61.20000076,477.980011,480.0299988,69.37999725,79.16999817,49.75999832,77.30000305,23.43000031,113.9000015,144.1600037,22.29493103,22.59749368,10.01326067
2022-01-06 00:00:00,54.66999817,61.11999893,470.8200073,472.8500061,68.47000122,77.87999725,49.36000061,76.22000122,23.20999908,113.2099991,143.4400024,22.28548193,22.3939271,9.651619911
2022-01-07 00:00:00,54.38999939,60.72000122,469.2000122,471.25,68.55000305,77.79000092,49.50999832,77.55000305,23.57999992,113,143.2400055,22.16808655,22.0598175,9.47354126
2022-01-10 00:00:00,55.31000137,60.81999969,465.7399902,467.7799988,67.58000183,77.41000366,49.68999863,76.56999969,23.52000046,112.75,142.8099976,21.99235943,21.85643632,9.486753729
2022-01-11 00:00:00,56.08000183,60.49000168,469.8500061,471.8999939,68.36000061,78.30000305,50.47000122,78.34999847,24.02000046,112.9899979,143.6300049,21.72850227,21.42973537,9.31609535
2022-01-12 00:00:00,56.27999878,60.68999863,473.2000122,475.2600098,69.01999664,79.27999878,51.25999832,79.83999634,24.68000031,113.4300003,144.0099945,21.81322479,21.54055948,9.379686661
2022-01-13 00:00:00,56.20999908,61.04000092,472.8800049,474.9200134,69.26000214,79.33000183,51.09999847,79.36000061,24.84000015,113.4000015,144.4199982,22.01824934,21.90856939,9.54215538
2022-01-14 00:00:00,55.77000046,61.45000076,465.0899963,467.0799866,68.52999878,78.40000153,50.75,77.69000244,24.88999939,113.0899963,143.4600067,22.05156375,21.94185448,9.544706697
2022-01-17 00:00:00,55.77000046,61.45000076,465.0899963,467.0799866,68.52999878,78.40000153,50.75,77.69000244,24.88999939,113.0899963,143.4600067,21.71356694,21.76826106,9.425164625
2022-01-18 00:00:00,55.65000153,61.18999863,459.9599915,461.9400024,67.73999786,77.27999878,50.22999954,75.69000244,24.89999962,112.1999969,141.3099976,21.50925138,21.31817935,9.219907684
2022-01-19 00:00:00,54.84999847,61.18000031,459.6099854,461.6000061,68.04000092,77.08000183,50.38000107,76.23000336,25.20000076,112.2200012,141.7100067,21.06876364,20.91720174,9.241921205
2022-01-20 00:00:00,54.09000015,61.43999863,458.7399902,460.75,67.98000336,77.38999939,51.20000076,76.94000244,25.48999977,112.2399979,141.9900055,20.79392426,20.93001015,9.349100761
2022-01-21 00:00:00,53.13000107,61.29999924,448.0599976,450.0100098,66.72000122,76.48000336,50.36999893,75.47000122,25.27000046,113.0500031,144.1000061,20.31492195,20.5324847,9.17842859
2022-01-24 00:00:00,52.13000107,60.34999847,440.3800049,442.3200073,65.05999756,75.12999725,49.00999832,73.22000122,24.55999947,113.2900009,144.3699951,19.91703997,20.17107611,8.946848273
2022-01-25 00:00:00,51.61999893,60.04999924,439.7200012,441.6300049,65,75.18000031,49.25,72.43000031,25.07999992,113.0899963,143.7100067,19.88318253,19.34361177,8.619642903
2022-01-26 00:00:00,52.72000122,60.34999847,444.0400085,446.0700073,65.80000305,75.01999664,49.38999939,72.62000275,25.59000015,112.7600021,142.5700073,20.37424955,19.40147371,8.633385587
2022-01-27 00:00:00,50.06000137,60.93000031,441.5899963,443.5,65.33999634,73.36000061,48.61999893,70.08000183,25.68000031,112.5199966,143.3699951,20.20201921,19.25925832,8.861952429
2022-01-28 00:00:00,48.20000076,60.88999939,442,443.8800049,64.83000183,72.91000366,48.15999985,70.66000366,25.38999939,112.6600037,143.4600067,19.78793022,19.06496119,8.755958297
2022-01-31 00:00:00,48.86999893,61.13999939,450.2799988,452.2399902,65.84999847,74.26000214,49.74000168,72.48999786,25.54999924,112.6500015,142.9499969,19.97104851,19.03281133,8.913253194
2022-02-01 00:00:00,49.02999878,61.13999939,453.6300049,455.5899963,66.59999847,74.56999969,49.95999908,72.98999786,26,112.5400009,142.3600006,20.00672327,19.52268964,8.954622109
2022-02-02 00:00:00,49.58000183,61.27000046,458.1199951,460.1400146,67.08000183,75.5,50.11999893,73.55000305,25.87000084,112.8099976,143.5700073,20.39629266,20.17988637,9.129640281
2022-02-03 00:00:00,49.68999863,61.77999878,452.9700012,454.9500122,66.58999634,74.86000061,49.65999985,72.23000336,25.61000061,112.1600037,141.4799957,20.23901601,20.5103165,9.393779215
2022-02-04 00:00:00,48.24000168,61.68000031,452.7799988,454.769989,66.20999908,74.98000336,49.70000076,72.98000336,25.53000069,111.4499969,140.1399994,19.74489462,20.15284699,9.423699707
2022-02-07 00:00:00,48.65999985,61.72000122,450.9899902,452.9700012,66.23000336,75.31999969,49.72999954,73.33999634,25.75,111.3499985,139.3099976,20.27310508,20.54377403,9.270411867
2022-02-08 00:00:00,48.93999863,62.33000183,451.9200134,453.8800049,66.22000122,75.59999847,49.93999863,73.23999786,25.93000031,110.9899979,138.5800018,20.68576981,20.65869419,9.246322498
2022-02-09 00:00:00,49.97000122,62.31999969,457.8800049,459.8099976,67.29000092,76.58999634,50.70000076,74.51000214,26.21999931,111.3700027,139.3699951,20.91744181,21.18839313,9.483296156
2022-02-10 00:00:00,49.93000031,62.29999924,457.7099915,459.7200012,67.37999725,76.58999634,50.99000168,74.66000366,26.64999962,110.6800003,137.8300018,21.32842657,21.65322495,9.540952241
2022-02-11 00:00:00,49.11000061,61.97999954,451.6099854,453.5700073,66.62000275,75.91999817,50.50999832,74.41000366,27,111.2300034,138.5099945,21.41182556,21.7099649,9.472700043
2022-02-14 00:00:00,48.18000031,60.79000092,441.6000061,443.5299988,64.83000183,75.05000305,49.45999908,72.55000305,26.63999939,110.8300018,137.7400055,21.49428698,21.71140099,9.186636542
2022-02-15 00:00:00,48.45999908,61.77999878,446.2799988,448.2399902,66.02999878,75.73000336,50.40999985,72.86000061,26.87000084,110.2399979,135.8399963,22.16688762,22.27515081,9.153652826
2022-02-16 00:00:00,48.49000168,61.40000153,448.0599976,450.0100098,66.40000153,76.22000122,50.93000031,73.95999908,27.30999947,110.3399963,136.0700073,22.2887252,22.07206688,9.194437675
2022-02-17 00:00:00,48.25999832,62.27999878,446.5700073,445.7200012,65.72000122,75.76999664,50.52999878,73.93000031,26.95999908,110.9000015,137.5700073,22.22493915,21.808725,9.237749767
2022-02-18 00:00:00,46.20999908,62.81999969,438.6600037,440.5899963,65.23999786,75.34999847,49.99000168,73.37999725,26.64999962,111.2300034,138.3699951,20.94568788,20.91845032,8.974777838
2022-02-21 00:00:00,46.20999908,62.81999969,438.6600037,440.5899963,65.23999786,75.34999847,49.99000168,73.37999725,26.64999962,111.2300034,138.3699951,20.29633654,20.36592151,8.951267717
2022-02-22 00:00:00,45.40999985,62.63999939,435.5,437.3999939,64.27999878,75.04000092,49.25,73.19000244,26.79000092,111.2200012,138.6699982,20.42120375,19.4694832,8.660656984
2022-02-23 00:00:00,45.70999908,62.33000183,433.2600098,435.1499939,64.55999756,74.91000366,49.25999832,73.09999847,26.95999908,110.9000015,137.8500061,20.51992928,19.40560199,8.805903425
2022-02-24 00:00:00,46.79000092,60.61999893,428.7600098,430.6099854,62.18000031,73.27999878,47.50999832,70.73000336,26.09000015,111.5500031,139.3699951,19.4787599,17.98872959,8.28998683
2022-02-25 00:00:00,47.79000092,62.90000153,437.8399963,439.769989,63.84999847,74.77999878,48.40999985,72.70999908,26.62000084,110.8799973,137.3099976,18.34813303,16.6631004,7.676259737
2022-02-28 00:00:00,47.81999969,62.34000015,438.2000122,440.1199951,63.31999969,74.55999756,47.90000153,72.58000183,26.94000053,112.1399994,140.0399933,17.67946929,16.58286076,7.649513187
2022-03-01 00:00:00,47.90000153,62.75,437.1700134,439.0899963,62.20999908,74.20999908,47.90999985,72.73999786,27.52000046,113.4899979,142.3300018,17.69127437,16.42952946,7.664429183
2022-03-02 00:00:00,48.99000168,62.88000107,439.7200012,441.4700012,61.84000015,73.94000244,47.52000046,71.80000305,27.37999916,112.5599976,140.4199982,16.4021867,15.60208004,7.117749053
2022-03-03 00:00:00,48.54999924,63.02000046,441.1099854,443.0299988,61.24000168,73.98999786,47.22999954,72.45999908,27.88999939,112.0999985,138.6999969,16.77294977,15.67440194,6.899416238
2022-03-04 00:00:00,48.27000046,62.59000015,433.3699951,435.2600098,57.88999939,72.91000366,46.06999969,70.41000366,27.54999924,113.3000031,140.8200073,15.9677439,14.89966739,6.328353353
2022-03-07 00:00:00,48.54000092,62.06999969,432.2999878,433.6900024,57.36000061,71.69000244,45.25,68.83000183,27.55999947,113.0800018,140.6399994,14.0845068,12.71040858,6.170229528
2022-03-08 00:00:00,48.72000122,61.54000092,427.2099915,429,58.00999832,70.69000244,44.81000137,68.29000092,27.10000038,112.0699997,138.25,14.21372872,12.64025321,6.303080783
2022-03-09 00:00:00,48.45999908,59.84000015,429.5100098,431.3699951,60.27000046,71.58000183,45.56000137,70.43000031,27.62999916,111.4300003,137.3399963,15.11658356,12.92900171,6.864029279
2022-03-10 00:00:00,47.31000137,58.65999985,426.4299927,428.2600098,59.04000092,71.55000305,44.93000031,68.79000092,27.57999992,110.8300018,135.1699982,15.26898697,13.14609673,7.067510376
2022-03-11 00:00:00,47.27999878,58.84999847,428.769989,430.6300049,59.38999939,71.51000214,45.08000183,68.62999725,27.76000023,110.6999969,135.4499969,15.51423702,13.88943517,7.128162956
2022-03-14 00:00:00,45.97999954,59.04000092,424.5499878,426.3599854,59.83000183,70.93000031,43.65000153,67.83000183,27.12999916,109.7399979,132.8899994,15.58205664,13.59841124,7.112412786
2022-03-15 00:00:00,44.90000153,59.88999939,426.8399963,428.6799927,59.63000107,70.98000336,42.84999847,67.55999756,26.28000069,109.8000031,133.1499939,14.96363175,13.24606706,7.143507679
2022-03-16 00:00:00,46.63000107,59.93999863,435.6799927,437.5899963,61.88000107,73,46.13999939,70.55000305,26.86000061,109.1200027,133.1300049,14.92517905,13.17695004,7.358217645
2022-03-17 00:00:00,47.29000092,60.13999939,441.0700073,443.0799866,62.47999954,73.66999817,45.84999847,71.30000305,27.54000092,109.2399979,133.3399963,16.40012157,14.21869515,7.634992496
2022-03-18 00:00:00,47.59999847,60.29999924,444.8599854,448.2399902,62.83000183,74.56999969,46.58000183,71.66000366,28.17000008,109.2200012,133.5399933,16.07664766,14.21323886,7.883083404
2022-03-21 00:00:00,47.88999939,61.09999847,446.4599915,449.8299866,62.43999863,74.5,45.93999863,70.37999725,28.84000015,108.4499969,131.6699982,15.71404186,14.21370621,8.014951
2022-03-22 00:00:00,48.47000122,60.95000076,450.5799866,453.9599915,62.90999985,74.65000153,46.65000153,71.26000214,29.17000008,107.2399979,129.3399963,16.01264168,13.87937856,7.942981392
2022-03-23 00:00:00,49.58000183,60.97999954,448.4899902,451.8699951,62.06999969,74.5,46.65999985,71.05000305,29.56999969,107.7799988,131.6000061,15.97007087,14.16859042,7.89795398
2022-03-24 00:00:00,51.65000153,61.02000046,450.5,452.3900146,62.06999969,74.87999725,46.5,71.05999756,29.88999939,107.5,131.1799927,16.08494179,13.91915324,7.831174453
2022-03-25 00:00:00,51.97999954,61.61000061,452.980011,454.9500122,62.25,74.87000275,46.11999893,70.5,30.11000061,106.6999969,129.5200043,15.91406961,13.96109921,8.049405026
2022-03-28 00:00:00,51.56999969,61.93999863,455.9100037,457.8599854,62.27000046,74.19000244,46.24000168,70.88999939,29.95999908,106.6999969,130.5599976,15.96964156,14.12496349,8.103407228
2022-03-29 00:00:00,52.29000092,62.52999878,462.0700073,464.0499878,64.05999756,75.51000214,47.06999969,72.51000214,30.31999969,106.9800034,131.5500031,17.03465927,15.40981484,8.386293793
2022-03-30 00:00:00,52.50999832,62.20999908,461.2000122,463.1700134,63.79000092,75.43000031,47.27000046,72.05999756,30.42000008,107.3000031,132.0099945,16.89100732,15.50306408,8.41931605
2022-03-31 00:00:00,51.25999832,62.63999939,458.7600098,460.7200012,63.25,74.88999939,46.68000031,71.83999634,30.57999992,107.6200027,132.6699982,16.52870896,15.31993215,8.330048871
2022-04-01 00:00:00,49.90000153,62.95000076,453.4599915,455.4200134,63.04000092,74.58000183,47.25,71.37000275,31.12000084,107.0100021,132.9600067,16.40745163,14.90869403,8.414077759
2022-04-04 00:00:00,49.22999954,62.79000092,456.9100037,458.9100037,63.18000031,75.29000092,47.91999817,72.08000183,31.23999977,106.7799988,131.9799957,16.26660916,14.83345147,8.582959992
2022-04-05 00:00:00,48.97999954,63.24000168,457.8299866,459.7900085,63.09999847,74.70999908,47.70999908,71.73999786,31.09000015,106.2900009,130.7799988,16.05224874,14.79324883,8.485134748
2022-04-06 00:00:00,48.16999817,63.25999832,448.9299927,450.8800049,62.04000092,73.26999664,46.79999924,70.70999908,30.17000008,105.3199997,128.3000031,15.9543855,14.67280371,8.56567418
2022-04-07 00:00:00,47.90999985,63.66999817,450.6900024,452.6199951,62.16999817,72.91999817,46.31000137,69.81999969,30.11000061,104.9700012,126.6699982,15.92177676,14.61457013,8.627563763
2022-04-08 00:00:00,47.58000183,64.04000092,450.6300049,452.5599976,62.31000137,72.70999908,46.45000076,69.40000153,29.95999908,104.4199982,125.8300018,15.95674124,15.10814876,8.429719681
2022-04-11 00:00:00,47.29999924,64.30000305,445,446.8900146,62.18000031,71.87000275,45.93000031,69.01000214,29.87000084,103.9000015,124.1900024,16.05567375,15.43012802,8.666414809
2022-04-12 00:00:00,47.90999985,64.80999756,445.75,447.6499939,61.84000015,71.62000275,45.99000168,69.13999939,30.29000092,104.5899963,124.1600037,16.28028154,15.47277958,8.33550415
2022-04-13 00:00:00,47.27000046,64.87000275,444.1099854,445.980011,61.83000183,71.83999634,45.97999954,70.26999664,29.86000061,104.9100037,124.3000031,16.22718018,15.94112411,8.191605377
2022-04-14 00:00:00,46.75,65.56999969,444.730011,446.6499939,61.95000076,72.08000183,45.79000092,69.44000244,29.61000061,104.2699966,122.9300003,16.29536322,16.08150233,8.164318169
2022-04-15 00:00:00,46.75,65.56999969,444.730011,446.6499939,61.95000076,72.08000183,45.79000092,69.44000244,29.61000061,104.2699966,122.9300003,16.23295976,16.01991786,8.133052729
2022-04-18 00:00:00,46.88999939,65.18000031,439.75,441.6400146,61.81000137,71.19000244,45.45999908,69.09999847,29.62999916,103.5500031,121.0800018,16.21748622,16.0046474,8.125300164
2022-04-19 00:00:00,48,65.25,445.7999878,447.730011,61.61999893,71.16000366,45.04999924,69.19000244,29.55999947,102.9300003,119.7200012,16.23365699,16.02810116,8.066089869
2022-04-20 00:00:00,48.75,66.23999786,447.5700073,449.5,62.29999924,71.76999664,45.09000015,69.66999817,29.42000008,103.4199982,121.9700012,16.59118804,16.31920104,8.159600519
2022-04-21 00:00:00,48.90000153,67,450.0100098,451.9700012,62.95000076,72.12000275,44.81999969,69.69000244,29.36000061,102.9800034,120.9100037,17.35539328,17.12015451,8.141875008
2022-04-22 00:00:00,47.65000153,66.33999634,438.0799866,439.0899963,61.5,70.61000061,44.27999878,68.30000305,28.37999916,103.0199966,121.4400024,16.88432764,16.88203468,8.050229502
2022-04-25 00:00:00,47.13999939,67.19999695,428.6900024,430.5299988,60.15999985,69.54000092,43.16999817,67.13999939,27.18000031,103.9800034,122.1900024,16.1669039,16.62881544,7.865327057
2022-04-26 00:00:00,46.84000015,66.37000275,426.0400085,427.8699951,59.59000015,69.05999756,42.91999817,66.54000092,26.65999985,104.2699966,123.0299988,16.20526697,16.45497046,7.87331367
2022-04-27 00:00:00,46.06000137,66.27999878,422.9200134,424.730011,58.75,68.86000061,43.06000137,65.58000183,26.55999947,104.1299973,122.3199997,15.62932606,15.71424348,7.739662125
2022-04-28 00:00:00,47.27000046,66.27999878,429.6400146,431.480011,59.22999954,69.69999695,43.45000076,66.59999847,26.69000053,103.3899994,121.0699997,15.90307589,15.52682015,7.700700786
2022-04-29 00:00:00,45.36000061,66.02999878,425.8699951,427.6799927,59.59000015,70.44000244,44.29999924,67.75,27.23999977,103.2099991,120.9700012,15.62593384,15.72938444,7.652806695
2022-05-02 00:00:00,44.99000168,65.30999756,415.9200134,417.6799927,58.56999969,68.98999786,43.52000046,66.94000244,25.94000053,102.2200012,118.2699966,15.76386223,15.86822598,7.72035717
2022-05-03 00:00:00,45.49000168,63.93999863,418.9299927,420.730011,58.83000183,69.62999725,43.74000168,67.25,25.98999977,102.5999985,119.3099976,15.84782182,15.79782869,7.623952138
2022-05-04 00:00:00,46.63999939,65.12000275,429.6600037,431.5,59.68999863,70.80999756,44.16999817,68.38999939,26.62000084,102.7799988,118.9700012,15.60050583,15.7755115,7.62524724
2022-05-05 00:00:00,45.90999985,65.02999878,425,426.4299927,58.68000031,69.87999725,43.27999878,67.26000214,26.14999962,102.0299988,116.4700012,15.44460042,15.82314455,7.697063935
2022-05-06 00:00:00,45.15000153,65.30999756,414.7999878,416.5499878,57.20000076,68.72000122,42.24000168,66.22000122,25.76000023,101.6100006,115.0400009,14.78752089,15.08426044,7.54213022
2022-05-09 00:00:00,44.20000076,65.36000061,406.4100037,408.0899963,55.77999878,67.33000183,41.40000153,64.91000366,24.88999939,101.8899994,114.7099991,14.74268127,15.08782765,7.359013978
2022-05-10 00:00:00,44.74000168,65.31999969,406.0799866,407.7600098,56.16999817,67.33999634,41.43000031,64.94000244,24.80999947,102.5800018,116.9599991,14.92997737,15.2507868,7.218212199
2022-05-11 00:00:00,44.29000092,65.19999695,404.0400085,405.6900024,56.61000061,67.29000092,41.50999832,64.94999695,25.27000046,102.8499985,117.9400024,15.7065493,15.82964138,7.02855772
2022-05-12 00:00:00,42.90999985,64.52999878,395.7999878,397.4500122,55.63000107,66.48999786,40.81999969,63.34000015,25.21999931,103.5699997,118.8899994,15.61085472,16.07575478,7.132545689
2022-05-13 00:00:00,43.84000015,65.80000305,403.1799927,404.8800049,56.68999863,67.75,41.49000168,65.51000214,25.75,102.9400024,117.1500015,15.81915379,16.52710974,7.128384113
2022-05-16 00:00:00,43.61000061,66.37999725,403.9700012,405.7399902,57.09999847,67.75,41.56000137,64.95999908,26.21999931,103.3300018,116.9400024,16.79415461,16.45091641,7.134451082
2022-05-17 00:00:00,44.41999817,66.09999847,408.5700073,410.3299866,58.20999908,68.41000366,42.47000122,66.55000305,26.86000061,102.6500015,115.3499985,16.98361943,16.66317378,7.247001615
2022-05-18 00:00:00,43.97999954,65.51999664,403.7999878,405.5,57.49000168,68.34999847,42.24000168,65.88999939,26.61000061,103.0999985,117,17.30337052,17.37827688,7.490636587
2022-05-19 00:00:00,42.70000076,60.95999908,394.1400146,395.7399902,57.38000107,68.41000366,42.20999908,65.73999786,26.86000061,103.9300003,118.7200012,16.83971402,16.41378284,7.407498837
2022-05-20 00:00:00,42.29000092,61.24000168,397.0299988,395.4899902,57.63999939,69.06999969,42.58000183,66.48000336,27.27000046,103.9899979,119.0199966,17.67132343,16.7740489,7.514674208
2022-05-23 00:00:00,42.25,63.09999847,397.730011,399.4200134,58.63000107,69.61000061,42.58000183,67.34999847,27.95999908,103.7699966,118.25,17.98084381,17.50568938,7.790031775
2022-05-24 00:00:00,41.88999939,64.19000244,395.1499939,396.7900085,58.68000031,69.11000061,41.86000061,66.26000214,27.79000092,104.4700012,119.6399994,18.29835272,18.09727192,7.77899892
2022-05-25 00:00:00,42.52000046,64.47000122,399.4500122,401.1600037,58.75999832,69.23999786,42.06999969,66.16000366,28.05999947,104.4700012,119.6200027,18.48832223,18.08694753,7.826806698
2022-05-26 00:00:00,43.68000031,65.09999847,407.0400085,408.7999878,59.36999893,69.66999817,42.68999863,66.69000244,28.51000023,104.4100037,119.0899963,18.8539851,18.65260742,8.055107117
2022-05-27 00:00:00,44.54999924,64.83000183,415.3800049,417.25,59.97000122,70.30999756,43.06000137,67.72000122,28.90999985,104.5899963,119.7399979,19.55687898,19.02695065,8.27697588
2022-05-30 00:00:00,44.54999924,64.83000183,415.3800049,417.25,59.97000122,70.30999756,43.06000137,67.72000122,28.90999985,104.5899963,119.7399979,20.28110754,19.09404396,8.385215073
2022-05-31 00:00:00,44.75,64.31999969,416.4599915,418.2999878,60.18000031,70.16000366,44.11000061,68.80999756,28.95000076,103.6299973,117.2300034,20.99405456,19.22347164,8.435562885
2022-06-01 00:00:00,44.93000031,63.68000031,416.2399902,418.0499878,59.90000153,70.63999939,43.95000076,68.73000336,28.55999947,103.3700027,117.3399963,20.71993087,18.6359684,8.558044971
2022-06-02 00:00:00,44.88000107,63.74000168,417.4400024,419.2900085,60.27000046,70.66000366,44.13999939,68.66000366,28.56999969,102.9199982,116.7099991,20.5132687,18.45009183,8.472686379
2022-06-03 00:00:00,44.25,63.63000107,414.0400085,415.8399963,59.70000076,69.68000031,43.75999832,67.62999725,28.45999908,102.6500015,116.0599976,20.67119051,18.59213023,8.537913526
2022-06-06 00:00:00,44.04000092,63.77000046,416.6099854,418.4100037,60.29000092,70.23999786,44.29000092,68.22000122,28.62999916,102.4100037,115.5100021,20.71223583,18.61352918,8.357349679
2022-06-07 00:00:00,43.59000015,63.36999893,416.2200012,418.0400085,59.93999863,69.65000153,43.90000153,66.54000092,27.85000038,102.4300003,115.7799988,20.78897986,18.63494099,8.390732837
2022-06-08 00:00:00,42.25999832,63.20999908,415.8200073,417.6199951,59.52999878,69.20999908,44.25,66.61000061,27.87999916,102.1699982,115.1299973,20.89495847,18.85533406,8.420920011
2022-06-09 00:00:00,41.34999847,63.34999847,411.7399902,412.1499939,58.70999908,68.86000061,43.81000137,66.12999725,26.06999969,101.9400024,114.7099991,20.39050436,18.61931455,8.4396122
2022-06-10 00:00:00,40.08000183,61.88999939,395.7799988,396.1000061,56.36000061,67.04000092,43.16999817,63.88999939,24.98999977,101.3099976,114.6100006,20.01374213,17.93990867,8.470235431
2022-06-13 00:00:00,38.81000137,62.29000092,381.8099976,382.1499939,54.68999863,65.29000092,41.97999954,61.29999924,24.06999969,99.80000305,111.6699982,19.07520862,17.18487263,7.782292318
2022-06-14 00:00:00,38.20000076,60.88999939,377.9400024,378.2399902,54.08000183,64.69000244,42.13000107,61.04999924,23.97999954,99.30000305,110.9800034,18.87296614,16.90551407,7.699781551
2022-06-15 00:00:00,39.16999817,60.63999939,383.8999939,384.2399902,54.90999985,65.08000183,42.84999847,61.50999832,24.32999992,99.55999756,110.9899979,18.06693382,16.74554904,7.29164151
2022-06-16 00:00:00,37.79000092,59.52000046,370.9400024,371.230011,53.68000031,63.91999817,41.45999908,59.58000183,23.52000046,100.2200012,111.7200012,18.21280802,16.89797963,7.207207451
2022-06-17 00:00:00,38.11999893,60.13000107,369.3800049,371.269989,53.72000122,63.49000168,41.79999924,59.95000076,23.26000023,100.4599991,112.8300018,18.70521338,17.09908542,7.104027539
2022-06-20 00:00:00,38.11999893,60.13000107,369.3800049,371.269989,53.72000122,63.49000168,41.79999924,59.95000076,23.26000023,100.4599991,112.8300018,18.46462406,16.58147697,6.994546332
2022-06-21 00:00:00,38.02999878,60.88000107,376.5299988,378.4500122,53.34999847,63.43000031,41.95999908,59.77000046,23.38999939,99.94999695,111.0199966,18.52464455,16.46635071,7.204028435
2022-06-22 00:00:00,37.77000046,61.45000076,378.7200012,380.6600037,53.20999908,62.91999817,41.38000107,58.13000107,23.14999962,101.1200027,113.3099976,18.44900784,16.16741511,7.372243158
2022-06-23 00:00:00,37.61999893,61.90999985,378.8299866,380.7600098,52.40000153,62.83000183,41.5,57.36000061,22.94000053,102.1699982,115.1699982,18.35177181,16.14661899,6.958482237
2022-06-24 00:00:00,38.63999939,63.06000137,390.0899963,392.0799866,54.15000153,64.20999908,42.22000122,59.58000183,22.71999931,101.7600021,114.1699982,17.87619166,16.18420644,6.951852311
2022-06-27 00:00:00,39.06000137,63.29000092,391.3599854,393.3599854,54.38000107,64.26000214,42.43999863,59.88000107,23.20000076,101.0199966,112.2200012,18.15345611,16.33565401,7.050124362
2022-06-28 00:00:00,39.02000046,63.75999832,393.1600037,395.1400146,54.45999908,64.94000244,42.68999863,60.04000092,23.55999947,100.7399979,112.1800003,18.00851349,16.75724075,7.519903793
2022-06-29 00:00:00,37.59999847,63.11000061,382.269989,384.2200012,53.61000061,63.86999893,42,58.54000092,23.21999931,101.5199966,113.9000015,17.69954567,16.28425269,7.216343689
2022-06-30 00:00:00,38,63.11000061,380.6600037,382.5799866,52.88000107,63.54999924,41.70999908,58.43000031,22.79000092,102.5400009,115.7699966,16.45072007,15.6985485,7.509583865
2022-07-01 00:00:00,37.20000076,64.44999695,381.7000122,383.6400146,52.86000061,63.5,41.43000031,57.43999863,22.45999908,103.9700012,117.5899963,16.58741833,15.56590576,7.339324804
2022-07-04 00:00:00,37.20000076,64.44999695,381.7000122,383.6400146,52.86000061,63.5,41.43000031,57.43999863,22.45999908,103.9700012,117.5899963,16.55653175,15.41887533,7.334253101
2022-07-05 00:00:00,36.74000168,64.18000031,381.980011,383.9700012,51.36000061,62.88999939,41.08000183,57.04000092,21.96999931,104.0199966,117.75,16.62103486,15.48227591,7.32924642
2022-07-06 00:00:00,37.41999817,64.08999634,385.8699951,387.8599854,51.56999969,63.00999832,40.93999863,56.72000122,21.98999977,104.0100021,117.5400009,16.01185377,14.48236326,7.181435906
2022-07-07 00:00:00,38.33000183,63.58000183,389.8299866,391.8399963,52.25,63.95000076,41.77999878,58.04999924,22.55999947,102.7699966,115.1699982,16.40634274,14.68939989,7.070466019
2022-07-08 00:00:00,38.13999939,63.41999817,390.6400146,392.6400146,52.49000168,64.27999878,41.70999908,58.47000122,22.57999992,101.8399963,113.5,16.81521282,14.81855665,7.156689292
2022-07-11 00:00:00,37.66999817,63.45999908,386.8699951,388.8500061,51.86000061,63.33000183,40.75,56.95000076,22.01000023,102.4599991,114.7900009,16.70311594,14.90062141,7.143706212
2022-07-12 00:00:00,37.70000076,63.45000076,386.1600037,388.1499939,51.90999985,63.29999924,40.56999969,56.97999954,21.73999977,103.0299988,116.2300034,16.80412215,14.44773675,7.0417486
2022-07-13 00:00:00,37.43000031,63,381.9200134,383.8800049,51.65999985,63.04999924,40.41999817,57.20999908,21.93000031,103.0500031,116.6500015,17.08020987,14.72841463,7.257307532
2022-07-14 00:00:00,38.15999985,62.25,379.0499878,380.4899902,50.61999893,62.27000046,40.00999832,56.06000137,21.20999908,102.6399994,116.1600037,16.8940567,14.02301617,7.225056553
2022-07-15 00:00:00,38.66999817,62.97000122,385.25,387.2200012,51.61000061,62.95000076,40.11999893,56.86999893,21.44000053,102.9899979,116.8199997,17.06516557,14.11285531,7.281380886
2022-07-18 00:00:00,39.34000015,62.56000137,389.0899963,391.0499878,52.59999847,63.77999878,40.84999847,58.04000092,22.01000023,102.5999985,115.3199997,17.11921577,14.12335301,7.406438491
2022-07-19 00:00:00,40.72999954,62.65000153,392.8699951,394.8900146,53.61000061,64.22000122,40.93999863,58.77000046,21.93000031,102.4100037,115.1500015,17.22943056,14.14677238,7.32430023
2022-07-20 00:00:00,40.66999817,62.58000183,396.2600098,398.3099976,53.41999817,64.5,40.86000061,58.52000046,21.89999962,102.4899979,115.5500031,17.38107557,14.47622731,7.526197779
2022-07-21 00:00:00,40.65000153,61.88000107,398.8399963,400.9100037,53.63999939,65.01999664,41.20000076,59.27999878,21.79000092,103.0400009,116.7200012,17.23931522,14.72524842,7.530228664
2022-07-22 00:00:00,40.50999832,61.86999893,400.1799927,402.2399902,54.08000183,65.61000061,41.18000031,58.97999954,22.10000038,104.4599991,119.2699966,17.27447319,14.9712101,7.557582021
2022-07-25 00:00:00,39.40999985,62.29999924,396.4700012,398.5499878,54,65.30000305,40.97000122,59.15000153,22.39999962,103.9000015,117.5400009,17.76467144,15.91867994,7.575757322
2022-07-26 00:00:00,39.56999969,63.79999924,394.0599976,396.0899963,53.38999939,65.11000061,41.00999832,59.18000031,22.56999969,104.6999969,119.2399979,17.72109193,15.98514823,7.510367531
2022-07-27 00:00:00,40.41999817,63.18999863,402.8800049,404.980011,54.36000061,66,41.47000122,59.99000168,22.84000015,104.6100006,118.4899979,17.30903381,15.88868194,7.474902638
2022-07-28 00:00:00,40.11999893,64.25,406.7999878,408.9100037,54.65999985,66.51000214,41.56000137,60.63999939,23.45000076,105.3199997,118.9199982,17.63646942,16.34718269,7.711394217
2022-07-29 00:00:00,36.61999893,64.29000092,413.0299988,415.2000122,55.52000046,66.91000366,41.34999847,60.59000015,23.70999908,105.5800018,119.3099976,18.43059968,16.84805149,7.730139232
2022-08-01 00:00:00,37.68999863,65.04000092,413.4100037,415.5799866,55.65000153,67.63999939,41.31999969,60.5,23.70000076,105.6699982,120.0999985,18.92878298,17.02933441,7.701947676
2022-08-02 00:00:00,36.65999985,64.59999847,413,415.1499939,55.08000183,66.95999908,41.25,60.02000046,23.19000053,105.75,120.6900024,19.55762516,17.47441948,7.842656708
2022-08-03 00:00:00,36.59000015,64.09999847,415.6799927,417.8999939,55.11000061,66.51000214,41.11999893,60.56999969,23.04999924,104.5800018,119.4899979,19.74451084,17.80163154,7.868661146
2022-08-04 00:00:00,36.09999847,63.72999954,415.0899963,417.2600098,55.52000046,66.62000275,41.47999954,60.86999893,23.55999947,105.1299973,119.5500031,20.22237195,18.08603494,8.035540357
2022-08-05 00:00:00,35.68999863,63.63000107,414.1499939,416.3500061,55.02000046,66.26999664,41.45999908,61.06999969,23.80999947,103.7699966,117.1100006,21.05851779,18.69976927,8.170510368
2022-08-08 00:00:00,35.95999908,63.81000137,417.6199951,419.8399963,55.56000137,66.93000031,41.72999954,61.47999954,24.5,104.2399979,118.5299988,20.91121885,18.69226599,8.019585085
2022-08-09 00:00:00,35.29999924,63.31000137,412.75,414.8900146,55.25,66.20999908,41.61999893,61.11999893,24.65999985,104.0800018,118.3600006,20.5682241,18.63466602,8.084689733
2022-08-10 00:00:00,35.40000153,63.79000092,420.1400146,422.3599854,56.33000183,67.48000336,41.95999908,61.61999893,25.23999977,104.7099991,118.9100037,20.93671846,18.69091129,8.089735508
2022-08-11 00:00:00,36.29000092,63.99000168,424.9500122,427.2099915,56.43000031,67.97000122,42.63999939,62.36000061,25.42000008,104.2900009,117.0599976,21.69027964,19.12555063,8.182706845
2022-08-12 00:00:00,36.13999939,63.75999832,427.2099915,429.480011,56.34000015,68.05999756,42.54999924,62.20999908,25.90999985,103.6999969,115.5699997,22.12383957,20.12366885,8.086056029
2022-08-15 00:00:00,36.43000031,64.69000244,429.4100037,431.6900024,55.84999847,67.94000244,42.45000076,61.91999817,25.90999985,104.3300018,116.75,22.16993653,20.30222853,8.125742602
2022-08-16 00:00:00,36.58000183,65.23000336,431.730011,434.0299988,55.97000122,67.80999756,42.45999908,61.79999924,25.87999916,103.9100037,116.0199966,23.51097178,21.00313479,8.078128767
2022-08-17 00:00:00,36.08000183,65.22000122,429.5,431.8099976,55.59999847,67.59999847,42.47999954,60.97999954,25.63999939,103.3600006,115.0999985,24.02700453,21.3895992,8.083986066
2022-08-18 00:00:00,36.33000183,65.34999847,428.6099854,430.8900146,55.22999954,67.30000305,42.20000076,60.40000153,25.59000015,103.7300034,115.6399994,24.45164684,21.92216613,8.082293118
2022-08-19 00:00:00,36.02999878,65.47000122,425.2600098,427.5400085,54.61999893,66.30000305,41.79000092,59.24000168,25.03000069,102.6900024,113.3399963,24.70078704,21.40734877,8.090402713
2022-08-22 00:00:00,35.06000137,64.91999817,417.230011,419.3900146,53.45999908,65.68000031,41.40999985,58.20999908,24.80999947,102.4499969,112.9599991,24.75890996,21.2725718,8.036304903
2022-08-23 00:00:00,34.38999939,64.37000275,415.4200134,417.6000061,53.47999954,66.01000214,41.66999817,58.47000122,25.52000046,102.4899979,113.4800034,24.88615859,21.01497836,8.06005609
2022-08-24 00:00:00,33.99000168,64.58000183,415.1099854,417.3200073,53.34999847,65.77999878,41.77000046,58.59999847,25.76000023,101.6399994,111.8700027,25.08549285,21.10967889,8.140952396
2022-08-25 00:00:00,34.93000031,64.70999908,419.5599976,421.8099976,53.68999863,66.55000305,42.34000015,59.61999893,25.71999931,102.1299973,113.0899963,25.05748436,21.10724565,8.159896083
2022-08-26 00:00:00,35.02999878,64.80000305,419.9599915,422.1600037,53.75999832,66.61000061,42.70000076,59.70999908,25.88999939,102.2300034,113.9899979,24.59393463,20.85754841,8.231873842
2022-08-29 00:00:00,33.40999985,63.02999878,405.8399963,407.9599915,52.36999893,64.81999969,41.90999985,57.47000122,25.82999992,101.5800018,113.0100021,24.32464027,20.62916608,8.141737911
2022-08-30 00:00:00,33.06999969,62.90999985,404.1000061,406.2099915,52.52000046,65.08000183,41.72999954,57.99000168,25.51000023,101.7200012,113.5100021,23.73807281,20.9363941,8.431294448
2022-08-31 00:00:00,32.38999939,62.52999878,401.2399902,403.2999878,51.88999939,64.76000214,41.59999847,58.49000168,24.84000015,101.4400024,113.3399963,23.49443177,20.82434498,8.068559198
2022-09-01 00:00:00,31.82999992,62.04000092,396.7799988,398.8200073,50.54000092,63.54000092,40.95999908,56.79999924,24.36000061,100.3099976,110.25,23.42898207,20.43656753,7.97977211
2022-09-02 00:00:00,32.38000107,62.77000046,401.5599976,403.6499939,51.56000137,63.75,41.04999924,56.86000061,25.07999992,100.7900009,110.5599976,23.90631555,20.23375113,7.968771851
2022-09-05 00:00:00,32.38000107,62.77000046,401.5599976,403.6499939,51.56000137,63.75,41.04999924,56.86000061,25.07999992,100.7900009,110.5599976,23.92454315,20.08200854,7.90020538
2022-09-06 00:00:00,31.38999939,61.97000122,394.1199951,396.2600098,50.95999908,62.47000122,40.59999847,55.47000122,24.73999977,99.94000244,108.9700012,24.28325101,20.70393376,7.980799383
2022-09-07 00:00:00,30.79000092,62.49000168,398.5899963,400.6700134,51.11999893,62.04000092,40.63999939,55.31999969,24.68000031,100.1699982,109.4800034,24.117329,21.27390166,8.000736827
2022-09-08 00:00:00,30.85000038,62.29999924,400.8599854,402.9400024,51.02000046,62.45000076,40.5,54.70999908,24.79000092,100.2600021,109.5199966,24.62071129,21.31164622,7.970094726
2022-09-09 00:00:00,31.5,62.88000107,407.5100098,409.6700134,52.40999985,63.77999878,41.09000015,55.88999939,25.43000031,100.0899963,108.8000031,24.82904904,21.98321373,7.995990736
2022-09-12 00:00:00,31.86000061,62.81000137,411.730011,413.9400024,53.63000107,64.30999756,41.65999985,56.65999985,25.93000031,100.0500031,108.8899994,25.62076601,22.35571601,8.319486833
2022-09-13 00:00:00,30.93000031,62.22000122,403.1000061,405.2099915,52.68000031,63.09999847,40.95000076,55.63000107,25.5,98.94999695,107.7399979,25.89280671,22.44432907,8.369864383
2022-09-14 00:00:00,29.77000046,61.08000183,396.2000122,398.2399902,51.70999908,62.75999832,40.65999985,55.27999878,25.14999962,99.18000031,108.2099991,24.91082715,21.79265895,8.192382879
2022-09-15 00:00:00,29.40999985,60.40000153,395.9599915,398.0299988,51.54000092,62.50999832,40.52999878,54.56000137,24.94000053,98.79000092,108.1900024,24.59073082,20.85016895,8.196333168
2022-09-16 00:00:00,29.31999969,59.79999924,386.25,389.8599854,50.77999878,62.06999969,39.79999924,54.58000183,24.39999962,98.98999786,108.0500031,24.33689103,20.56896766,8.124513453
2022-09-19 00:00:00,29.5,60.09999847,388.5499878,392.1700134,50.50999832,62.00999832,39.31000137,54.36999893,25.20999908,98.61000061,107.8199997,24.29543272,20.53392807,8.110673206
2022-09-20 00:00:00,29.17000008,60.02999878,386.1199951,389.6600037,49.68999863,61.52999878,39.29999924,53.79999924,25.40999985,98.04000092,106.8399963,24.31683823,20.46047377,7.990639042
2022-09-21 00:00:00,29.59000015,60.70000076,389.3099976,392.9299927,49.84999847,61.63999939,39.09999847,54.15000153,25.63999939,98.27999878,108.0400009,23.89921439,20.62160784,7.917627515
2022-09-22 00:00:00,28.5,59.72999954,378.2999878,381.1000061,48.88999939,61.02000046,38.61999893,52.77999878,25.60000038,97.22000122,105.9599991,24.08770692,20.35073557,7.642781776
2022-09-23 00:00:00,27.89999962,59.09999847,370.6199951,374.019989,47.13000107,59.59999847,37.75999832,51.18000031,24.82999992,96.97000122,106.4300003,23.76741717,19.84748296,7.445622156
2022-09-26 00:00:00,27.70000076,58.56999969,370.2099915,371.7200012,46.52999878,58.86999893,37.41999817,50.11999893,24.04000092,96.30000305,105.4100037,22.83647175,18.63628853,7.223451347
2022-09-27 00:00:00,27.60000038,58.36999893,370.3999939,371.9299927,46.38000107,58.47000122,37.5,50.00999832,23.81999969,95.34999847,102.9800034,22.73069949,18.91388056,6.679162884
2022-09-28 00:00:00,27.28000069,57.25,372.2999878,373.7999878,46.88000107,58.88999939,37.40000153,49.47999954,23.86000061,96.80000305,104.4499969,22.04509767,18.10808996,6.609452784
2022-09-29 00:00:00,26.78000069,57.29000092,367.1099854,368.5599976,46.13999939,58.25,36.68999863,48.59999847,23.54000092,96.58000183,104.2300034,21.72617372,17.92273882,6.739556849
2022-09-30 00:00:00,26.56999969,57.13000107,365.9100037,367.3500061,46.77999878,58.13000107,36.81000137,48.20000076,24.01000023,96.87999725,104.8600006,22.29420373,19.03272703,7.008656363
2022-10-03 00:00:00,27.25,56.84999847,368.5499878,370.0700073,47.36999893,58.70999908,37.13999939,48.54999924,25.60000038,97.65000153,104.6800003,22.67106368,19.00013375,6.907154536
2022-10-04 00:00:00,27.79999924,57.81000137,378,379.5299988,49.45000076,60.45999908,38.20999908,50.70000076,26.15999985,97.69999695,104.6500015,22.89496582,19.90275246,7.027167726
2022-10-05 00:00:00,27.84000015,56.65000153,379.4599915,381,48.93000031,60.24000168,38.27999878,50.15000153,25.98999977,96.58999634,102.8399963,22.91791638,20.06275346,7.167040991
2022-10-06 00:00:00,27.76000023,56.09999847,378.7200012,380.230011,48.16999817,60.04000092,38.18000031,50.75999832,26.04000092,96.19000244,102.8399963,22.66533574,20.16715244,7.040334749
2022-10-07 00:00:00,26.28000069,55.09000015,373.2900085,370.7799988,47.31000137,59.41999817,37.59000015,50.22999954,25.87999916,95.52999878,101.6200027,22.43578953,20.11407598,6.903749165
2022-10-10 00:00:00,25.98999977,54.95999908,364.2099915,365.7000122,46.83000183,58.5,36.90999985,49.15999985,25.81999969,95.13999939,100.5100021,21.94614343,19.66516182,6.876163001
2022-10-11 00:00:00,25.47999954,55.22000122,363.0299988,364.4899902,46.74000168,58.47000122,36.45000076,49.16999817,25.56999969,95.43000031,100.9000015,21.90912919,19.33940321,6.712301459
2022-10-12 00:00:00,25.52000046,56.04000092,359.8200073,361.25,46.09000015,57.77000046,36.24000168,49.25999832,25.05999947,95.33999634,100.5400009,21.80398526,19.25945579,6.909713638
2022-10-13 00:00:00,26.84000015,56.08000183,367.5100098,369.019989,47.31999969,58.20000076,36.36999893,49.34999847,25.42000008,95.23999786,100.3799973,22.32217333,20.18990603,6.985396531
2022-10-14 00:00:00,26.62999916,56.47000122,370.2600098,371.730011,47.63000107,58.22999954,36.41999817,49.65999985,25.15999985,95.33000183,100.1900024,22.94692765,20.61832317,6.995760935
2022-10-17 00:00:00,26.75,56.22000122,367.980011,369.4400024,48.16999817,58.11000061,36.72999954,50.24000168,25.13999939,95.11000061,99.66000366,22.9943217,20.19452409,7.027604431
2022-10-18 00:00:00,26.95999908,56.77999878,375.4500122,376.9599915,48.88000107,58.47000122,36.99000168,50.84999847,25.37999916,94.80000305,98.45999908,23.55946708,20.50525183,7.096225023
2022-10-19 00:00:00,26.25,56.54000092,371.8500061,373.3599854,48.06000137,57.84000015,36.24000168,49.88999939,25.38999939,94.06999969,97.41999817,23.14237061,20.41973877,7.130572751
2022-10-20 00:00:00,26.95000076,55.91999817,372.6700134,374.1700134,48.29000092,58.24000168,36.75,50.31999969,25.86000061,93.65000153,96.33000183,22.92652321,20.51615524,7.175048828
2022-10-21 00:00:00,27.04999924,56.11000061,374.7999878,376.3500061,48.45999908,58.49000168,36.75,50.36999893,26.82999992,93.33000183,93.93000031,23.00398344,20.75969237,7.19295287
2022-10-24 00:00:00,27.47999954,57.72999954,380.0599976,381.6199951,49.04999924,57.77999878,35.43000031,49.88000107,25.97999954,93.43000031,93.55000305,24.22090366,21.48683444,7.237909384
2022-10-25 00:00:00,27.55999947,59.11000061,385.25,386.8699951,50.00999832,58.84999847,35.65000153,50.77000046,25.62999916,94.44000244,95.23000336,24.59433496,21.71086121,7.010798931
2022-10-26 00:00:00,27.79999924,59.77999878,387.5799866,389.1900024,50.88999939,59.75,36.40000153,51.91999817,25.46999931,94.81999969,96.69000244,25.33154562,21.89287426,7.221209836
2022-10-27 00:00:00,27.59000015,59.84000015,385,386.5899963,50.81000137,59.56000137,36.15999985,52.20000076,25.87999916,95.47000122,97.90000153,25.31306747,22.62464513,7.320422729
2022-10-28 00:00:00,29.21999931,60.90999985,389.519989,391.1499939,50.65000153,59.18000031,35.58000183,51.90000153,25.36000061,95.19000244,97.62999725,24.98265009,22.39185675,7.263474193
2022-10-31 00:00:00,29.18000031,60.56999969,388.3999939,390.6900024,50.20999908,58.97000122,35.5,51.90000153,25.92000008,94.55999756,96.62000275,25.16321177,22.12507284,7.28225668
2022-11-01 00:00:00,28.85000038,60.29000092,390.3900146,392,51.08000183,60.18000031,36.38000107,53.16999817,26.62000084,94.98999786,97.41999817,25.74600348,22.936306,7.213468237
2022-11-02 00:00:00,28.85000038,60.22999954,388.6300049,390.2099915,51.04000092,60.63999939,36.54000092,53.31999969,26.40999985,94.87000275,97.62999725,26.08116186,23.95560461,7.226894629
2022-11-03 00:00:00,27.87999916,59,374.2000122,375.6900024,49.24000168,58.95000076,36.16999817,52.24000168,26.35000038,93.79000092,96.37999725,27.20855961,24.13478928,7.160746441
2022-11-04 00:00:00,28.23999977,59.59000015,378.8699951,380.3999939,51.27999878,60.58000183,37.52999878,53.97000122,27.36000061,93.94999695,95.66000366,27.42247169,24.53147972,7.430437003
2022-11-07 00:00:00,28.46999931,59.77000046,380.5700073,382.1400146,51.72000122,60.91999817,37.72999954,54.95999908,26.97999954,93.58999634,94.86000061,28.55556579,25.15609367,7.524164953
2022-11-08 00:00:00,28.95000076,59.79000092,385.1199951,386.6799927,52.36999893,61.90999985,37.77999878,56.31000137,26.61000061,93.87999725,94.95999908,28.50692698,25.05154189,7.647918997
2022-11-09 00:00:00,28.29999924,59.63999939,381.1400146,382.7099915,52.11999893,61.36999893,37.43999863,56.72999954,26.36000061,94.08999634,95.01999664,28.01525077,25.41589761,8.202403319
2022-11-10 00:00:00,29.82999992,61.04000092,395.0400085,396.7000122,54.41999817,63.81999969,38.20000076,58.43000031,25.51000023,96.18000031,98.43000031,28.53407624,25.35099204,8.185073662
2022-11-11 00:00:00,30.62999916,61.45000076,399.3500061,401.0599976,55.59000015,65.26999664,39.06999969,60.77000046,25.68000031,96.05999756,98.37000275,29.53147316,26.08126144,8.479333878
2022-11-14 00:00:00,30.98999977,61.72000122,400.1799927,401.9100037,55.45000076,64.87000275,39.06999969,60.04000092,25.89999962,95.84999847,97.98999786,29.32084211,26.13507656,8.577968696
2022-11-15 00:00:00,31.34000015,61.45000076,402.3099976,404.0299988,55.83000183,65.58999634,39.97999954,60.95000076,26.20000076,96.48999786,99.30000305,28.70900014,25.67920585,8.638085264
2022-11-16 00:00:00,30.22999954,61.02999878,397.7799988,399.4500122,55.27000046,65,39.38999939,59.45000076,25.51000023,97.23000336,101.4499969,28.45364408,25.61897091,8.744000854
2022-11-17 00:00:00,29.95000076,60.74000168,394.9500122,396.6499939,54.93999863,64.58000183,39.27999878,57.72999954,24.67000008,96.62999725,100.5699997,29.19238544,26.21357059,8.936444521
2022-11-18 00:00:00,30.26000023,61.36999893,397.8099976,399.5,55.27000046,64.73000336,39.13000107,58.16999817,24.93000031,96.58999634,100.8899994,30.70472909,26.09231973,8.860489158
2022-11-21 00:00:00,29.71999931,62.20999908,395.8200073,397.4700012,54.84000015,63.95999908,38.68999863,56.63000107,24.94000053,96.61000061,100.8199997,30.25080301,26.9820522,8.879115855
2022-11-22 00:00:00,29.86000061,62.5,400.0700073,401.8099976,55.47999954,64.87999725,38.72999954,56.88999939,24.98999977,96.72000122,101.6200027,29.91791421,25.84330601,8.835217202
2022-11-23 00:00:00,30.07999992,62.79000092,402.9299927,404.6900024,56.22000122,65.69000244,38.97000122,57.97000122,24.95999908,97.18000031,103.25,30.39061872,25.63279191,9.087449198
2022-11-24 00:00:00,30.07999992,62.79000092,402.9299927,404.6900024,56.22000122,65.69000244,38.97000122,57.97000122,24.95999908,97.18000031,103.25,31.27037467,26.1995031,9.28786846
2022-11-25 00:00:00,29.68000031,62.81000137,402.9100037,404.6900024,56.58000183,65.91999817,38.90999985,57.95000076,25.14999962,97.12000275,102.9300003,30.94981493,26.58897995,9.266774333
2022-11-28 00:00:00,29.19000053,63.09999847,400.8099976,402.5599976,56.34000015,65.81999969,39.06999969,57.63999939,24.95999908,97.34999847,103.8099976,30.67928345,26.76149676,9.245976583
2022-11-29 00:00:00,29.18000031,62.56999969,397.2999878,399.0299988,56.04999924,65.79000092,39.59999847,58.43999863,25.55999947,97.08000183,102.9599991,30.73795009,26.67145085,9.114220548
2022-11-30 00:00:00,30.07999992,63.68000031,407.6799927,409.3200073,56.95999908,66.91000366,40.65000153,60.90000153,26.20000076,97.61000061,102.7300034,30.70343162,26.22335891,9.067667159
2022-12-01 00:00:00,30.47999954,64.11000061,410,411.9400024,57.68999863,67.25,40.68999863,60.68999863,26.45999908,98.5,105.8099976,30.67684603,26.63088405,9.227208805
2022-12-02 00:00:00,29.43000031,64.51999664,407.8599854,409.6499939,57.68999863,66.91000366,40.77999878,59.59000015,26.30999947,98.69000244,107.0999985,31.87407398,27.08058091,9.31703701
2022-12-05 00:00:00,29.75,63.79999924,404.9299927,406.7200012,57.59999847,66.33999634,40.72000122,58.97000122,25.70999908,98.12999725,105.9899979,31.91136074,27.41044457,9.345909119
2022-12-06 00:00:00,29.30999947,63.88000107,399.9899902,401.6499939,57.02000046,65.73999786,40.47999954,57.68999863,25.46999931,98.41000366,107.3899994,32.24901965,27.18915457,9.230169047
2022-12-07 00:00:00,28.54999924,63.72000122,395.6400146,397.3200073,56.77999878,65.41999817,40.15999985,57.52000046,25.5,99.25,109.6800003,32.698454,27.05660572,9.206525601
2022-12-08 00:00:00,28.60000038,63.84999847,397.3599854,399.0499878,56.75999832,65.83999634,40.65000153,57.75,25.45000076,98.87999725,109.4499969,31.9964829,27.17258567,9.202286419
2022-12-09 00:00:00,28.78000069,63.84000015,397.6199951,399.3399963,57.11999893,66.51000214,40.56000137,58.54999924,25.12000084,98.37000275,108.1699982,32.36423971,27.16393654,9.287618828
2022-12-12 00:00:00,28.70999908,64.01000214,398.9500122,400.6600037,56.93999863,66.08000183,40.06000137,58.25,24.51000023,98.38999939,108.1100006,32.43375647,27.04852898,9.289517419
2022-12-13 00:00:00,30.09000015,64.69999695,410.4899902,410.4400024,58.66999817,67.87999725,40.91999817,58.72999954,23.09000015,99.26000214,109.0800018,32.33367075,27.11856257,9.203132093
2022-12-14 00:00:00,29.12000084,64.65000153,405.5,405.6000061,58.29000092,67.40000153,40.50999832,58.43000031,22.29999924,98.98999786,108.3199997,32.25088978,27.20900031,9.29838872
2022-12-15 00:00:00,28,63.88999939,395.25,395.25,57.11000061,66.02999878,40.25999832,56.36000061,22.23999977,99.01000214,109.1200027,31.91793208,27.07435484,9.426346478
2022-12-16 00:00:00,27.13999939,63.13999939,386.5799866,388.269989,55.91999817,65.38999939,39.79999924,56.52999878,21.97999954,98.79000092,107.8300018,31.02145313,26.38956622,9.142857404
2022-12-19 00:00:00,26.96999931,63.40999985,383.8200073,385.5599976,55.45999908,64.47000122,39.15999985,57.06000137,22.28000069,98.05999756,105.8399963,30.46148286,26.38779154,9.071563358
2022-12-20 00:00:00,26.87000084,63.15000153,382.230011,383.9100037,55.38999939,64.90000153,38.99000168,57.52000046,23.02000046,97.30999756,103.8099976,31.05174863,26.7373178,9.005614768
2022-12-21 00:00:00,26.96999931,64.05000305,387.4100037,389.1600037,56.08000183,64.95999908,39.18999863,57.40999985,23.05999947,97.54000092,104.4000015,31.20429077,26.87713326,9.141882062
2022-12-22 00:00:00,26.45000076,63.59000015,386.2099915,385.0799866,55.68999863,64.62000275,39.06999969,57.43000031,23.26000023,97.48000336,104.1200027,31.3408455,26.87220857,9.130512214
2022-12-23 00:00:00,26.19000053,63.86999893,383.0599976,384.7600098,55.72000122,64.62000275,38.86999893,57.06000137,23.59000015,96.94999695,102.8099976,31.06300614,26.60823394,9.04198357
2022-12-26 00:00:00,26.19000053,63.86999893,383.0599976,384.7600098,55.72000122,64.62000275,38.86999893,57.06000137,23.59000015,96.94999695,102.8099976,31.11481462,26.65261252,9.057064254
2022-12-27 00:00:00,26.10000038,64.29000092,383.1499939,384.8699951,55.93000031,64.95999908,39.54999924,57.81999969,23.21999931,96.41000366,101.0699997,31.17711704,26.7059801,9.075199572
2022-12-28 00:00:00,26.12000084,64.65000153,383.3900146,385.1499939,56.09000015,64.87999725,39.29999924,57.47000122,23.37000084,96.16000366,100.7799988,31.59572883,26.76080218,8.900221848
2022-12-29 00:00:00,26.29000092,64.15000153,384.3500061,386.0599976,56.29000092,64.93000031,39.56000137,57.15999985,23.5,96.26999664,100.9899979,31.51462586,27.60536883,8.828858179
2022-12-30 00:00:00,26.45999908,63.91999817,382.5799866,384.269989,55.97999954,64.69000244,39.34999847,57.29000092,23.19000053,96.26999664,100.5500031,31.70813966,27.9103967,8.84934392
2023-01-02 00:00:00,26.45999908,63.91999817,382.5799866,384.269989,55.97999954,64.69000244,39.34999847,57.29000092,23.19000053,96.26999664,100.5500031,31.87646878,28.05856472,8.896322465
2023-01-03 00:00:00,27.06999969,63.56000137,386.4299927,388.1099854,56.65000153,64.94999695,39.77999878,56.29000092,22.64999962,97,102.3399963,31.906295,28.22711921,8.86621052
2023-01-04 00:00:00,27.92000008,63.33000183,385.8800049,387.6300049,57.36000061,65.13999939,40.45999908,57.70999908,22.25,97.41999817,103.4800034,31.77966074,27.35085679,8.713971004
2023-01-05 00:00:00,27.78000069,62.79999924,381.8399963,383.5499878,56.99000168,64.16999817,40.38000107,57.11000061,22.85000038,97.22000122,103.2900009,33.09661335,26.52551889,8.801649451
2023-01-06 00:00:00,28.82999992,63.66999817,389.25,391.0299988,58.24000168,65.70999908,41.00999832,59.95000076,23.62000084,98.43000031,105.3000031,32.94565564,26.5643798,8.60066467
2023-01-09 00:00:00,29.87000084,63.72000122,393.7000122,395.5,59.13999939,66.48999786,41.49000168,61.88000107,23.78000069,98.80999756,105.9300003,33.13825946,26.83774943,8.723783112
2023-01-10 00:00:00,29.51000023,62.72999954,390.6499939,392.4400024,58.86000061,65.80999756,41.50999832,61.36000061,24.15999985,98.33000183,104.8199997,33.08191947,26.9285606,8.870584669
2023-01-11 00:00:00,29.87999916,62.56000137,395.6000061,397.3999939,59.27000046,66.26000214,41.68999863,61.52000046,24.62000084,98.66000366,105.7200012,33.06026077,27.10455203,8.921408606
2023-01-12 00:00:00,30.37999916,62.18000031,398.4899902,400.3099976,60.13000107,67.5,41.95000076,62.20000076,25.10000038,99.51999664,107.8099976,32.64834745,27.1915757,8.99805479
2023-01-13 00:00:00,30.17000008,61.45999908,399.1000061,400.9200134,60.33000183,67.80000305,42.15999985,62.54000092,24.96999931,99.5,107.8000031,32.74362259,27.12344856,9.041149521
2023-01-16 00:00:00,30.17000008,61.45999908,399.1000061,400.9200134,60.33000183,67.80000305,42.15999985,62.54000092,24.96999931,99.5,107.8000031,32.70651069,27.06063466,9.072235863
2023-01-17 00:00:00,30.26000023,62.38000107,400.230011,402.0700073,60.79999924,68.12999725,41.95999908,62.33000183,24.87000084,99.01999664,106.6600037,32.35060722,27.1012634,9.107001126
2023-01-18 00:00:00,29.81999969,61.59000015,400.1199951,401.9400024,61.27999878,68.86000061,42.33000183,62.72000122,25.29999924,100.0599976,108.7699966,32.55448258,27.57917486,9.311810489
2023-01-19 00:00:00,28.76000023,60.63999939,391.0799866,392.8699951,60.08000183,68.15000153,42.11999893,62.27000046,24.86000061,99.98000336,108.3700027,33.09173217,27.28833138,9.322484249
2023-01-20 00:00:00,29.22999954,60.09000015,396.0400085,397.8800049,60.45999908,68.77999878,42.5,63.25999832,24.87999916,99.44999695,107.2399979,33.39984213,28.50450349,9.406486151
2023-01-23 00:00:00,30.48999977,60.56999969,402.6499939,404.519989,60.77999878,69.12000275,42.99000168,64.19000244,25.17000008,99.13999939,106.1999969,33.74522438,28.532705,9.416406362
2023-01-24 00:00:00,30.19000053,61.84999847,401.1499939,403.0400085,60.65000153,69.34999847,42.86999893,63.91999817,25.29000092,99.44000244,107.4499969,33.11586317,29.21623816,9.359100022
2023-01-25 00:00:00,29.88999939,60.93999863,400.7000122,402.5700073,60.84000015,69.87999725,42.86999893,63.86000061,25.67000008,99.73000336,107.9100037,33.22730138,29.83676043,9.271588364
2023-01-26 00:00:00,30.11000061,61.09999847,404.9200134,406.7999878,60.90000153,70.16999817,43.22000122,65.08999634,25.78000069,99.52999878,107.6500015,33.5137285,30.2771712,9.421081456
2023-01-27 00:00:00,28.23999977,60.95999908,408.1600037,410.0700073,60.84999847,70.26000214,43.00999832,65.62000275,25.59000015,99.01999664,106.9599991,33.33498931,29.36210418,9.385941124
2023-01-30 00:00:00,28.51000023,61.16999817,405.1300049,407.019989,60.77000046,70,42.43000031,64.41999817,25.32999992,98.94999695,107.1600037,33.35681156,29.51271803,9.42267925
2023-01-31 00:00:00,28.29000092,61.34000015,406.5299988,408.3999939,60.75,69.69999695,42.22999954,63.47999954,25.47999954,99.25,107.2799988,33.41651451,29.40159132,9.450511497
2023-02-01 00:00:00,29.43000031,61.58000183,413.6700134,415.5899963,61.66999817,70.47000122,42.79000092,65.41000366,25.51000023,99.76999664,108.5899963,33.35712966,29.97218108,9.354766989
2023-02-02 00:00:00,30.29999924,61.02000046,418.3099976,420.25,61.79000092,70.47000122,42.66999817,65.33999634,25.70000076,100.2099991,109.3499985,33.60426308,30.32447215,9.448148085
2023-02-03 00:00:00,31.17000008,60.41999817,416.9700012,418.9500122,61.52000046,69.48999786,42.18999863,64.36000061,24.84000015,99,107.1100006,33.79658327,30.52693191,9.361348051
2023-02-06 00:00:00,29.64999962,60.34000015,411.2900085,413.2399902,60.49000168,68.31999969,41.31999969,62.06000137,24.26000023,98.04000092,106.3099976,33.24460359,29.93218837,9.22658201
2023-02-07 00:00:00,29.27000046,60.24000168,416.4899902,418.4299927,60.79999924,69.12999725,41.47999954,62.93000031,24.28000069,98.12999725,106.2300034,33.07355553,29.58579876,9.212969364
2023-02-08 00:00:00,29.12000084,59.91999817,414.5299988,416.4599915,60.83000183,68.98000336,41.45000076,63.43999863,24.37999916,97.87999725,105.5800018,33.08982988,29.71454669,9.21432991
2023-02-09 00:00:00,28.81999969,60.31999969,414.5700073,416.519989,61.38000107,69.62999725,41.81000137,63.77999878,24.47999954,98.13999939,106.6200027,33.19652289,29.81651329,9.246740558
2023-02-10 00:00:00,27.98999977,59.90000153,408.4400024,410.3599854,60.16999817,68.90000153,41.24000168,62.79000092,24.06999969,97.37999725,104.4400024,33.1394658,29.66782028,9.269841384
2023-02-13 00:00:00,28.54999924,60.75999832,412.9700012,414.8500061,60.93999863,68.90000153,41.52000046,62.61000061,24.43000031,97.23999786,104.4199982,32.96292632,29.6485553,9.212263942
2023-02-14 00:00:00,28.71999931,60.90000153,415.0499878,417,61.47999954,69.01999664,41.5,63.04000092,24.69000053,97.12000275,104.8300018,33.05383415,29.7119943,9.296390855
2023-02-15 00:00:00,28.87999916,59.93000031,414.0599976,415.9599915,61.16999817,67.70999908,41.13000107,60.84000015,24.5,96.80000305,103.9499969,33.31434178,29.52276701,9.246165159
2023-02-16 00:00:00,28.82999992,59.81999969,412.9100037,414.8200073,61.20000076,68.02999878,41.25999832,61.86000061,24.79000092,96.43000031,102.2200012,36.29993497,30.09689716,9.824460011
2023-02-17 00:00:00,28.06999969,60.22999954,407.5100098,409.3900146,61.20000076,67.54000092,40.77000046,60.95999908,24.77000046,96.44000244,102.3799973,35.02784407,31.01610808,9.727717159
2023-02-20 00:00:00,28.06999969,60.22999954,407.5100098,409.3900146,61.20000076,67.54000092,40.77000046,60.95999908,24.77000046,96.44000244,102.3799973,35.00667758,31.27744389,9.888484182
2023-02-21 00:00:00,27.27000046,60.22999954,404.1600037,406,60.95000076,67.22000122,40.68999863,60.83000183,24.79000092,95.83000183,101.1999969,33.40878019,30.45917617,9.872144055
2023-02-22 00:00:00,26.89999962,60.36000061,401.1300049,402.980011,60.45999908,66.63999939,40.31000137,59.95000076,24.34000015,95.80999756,101.6900024,33.36118362,30.03111992,10.02651907
2023-02-23 00:00:00,26.07999992,60.41999817,402.2000122,404.0499878,60.56999969,66.80000305,40.59999847,60.88999939,24.63999939,96,102.5899963,33.5590686,29.04034302,9.989396002
2023-02-24 00:00:00,25.35000038,59.90999985,397.25,399.0700073,59.61999893,65.80000305,39.63999939,58.93999863,24.13999939,95.44999695,101.8000031,33.83006901,28.90277654,10.03485173
2023-02-27 00:00:00,25.57999992,60.29999924,401.2900085,403.1499939,60.40999985,66.23999786,39.75,59.00999832,24.11000061,95.76000214,101.6999969,33.58632498,29.10416417,9.836848917
2023-02-28 00:00:00,25.12000084,59.70000076,399.2799988,401.1099854,60.27000046,66.12999725,39.68999863,58.93000031,24.04999924,95.79000092,101.7200012,33.80602734,30.03329072,9.890481281
2023-03-01 00:00:00,25.92000008,59.18000031,396.6900024,398.5,60.36999893,66.47000122,40.36000061,60.09000015,24.22999954,95.30000305,101.0299988,34.59645495,30.02370612,9.951745476
2023-03-02 00:00:00,26.29999924,59.77999878,398.6900024,400.5299988,60.18000031,66.33999634,40.5,59.40000153,24.13999939,94.48999786,99.65000153,35.12739663,30.5560231,10.09311157
2023-03-03 00:00:00,26.47999954,59.68000031,404.4500122,406.3399963,60.90999985,67.51000214,40.75999832,60.65999985,24.28000069,95.16999817,101.9000015,35.13762431,30.23688126,10.09948541
2023-03-06 00:00:00,26.54000092,60.38000107,407.4500122,409.3800049,61.02000046,67.5,40.83000183,61.06999969,24.42000008,95.41999817,102.3399963,36.08544946,30.31177754,10.22421068
2023-03-07 00:00:00,25.98999977,60.56999969,404.6700134,406.5799866,60.59000015,67.30000305,40.40999985,60.31999969,24.23999977,95.29000092,102.3700027,36.44016709,30.54720278,10.15033037
2023-03-08 00:00:00,26.01000023,60.33000183,399.7099915,401.5899963,59.90000153,67.08999634,40.24000168,59.34000015,24.64999962,95.55999756,102.9700012,34.47786405,29.39193556,9.935302162
2023-03-09 00:00:00,26.97999954,60.54000092,401.480011,403.3299866,59.90000153,67.36000061,39.88000107,58.83000183,24.63999939,95.72000122,102.5199966,32.91739258,29.26991081,9.717136383
2023-03-10 00:00:00,27.52000046,60.13999939,393.1600037,394.9500122,59.47999954,66.5,39.49000168,58.77000046,23.96999931,97.41999817,105.6900024,33.08494779,28.55439638,9.669150509
2023-03-13 00:00:00,27.30999947,60.86999893,390.3900146,392.0499878,58.68000031,65.93000031,39.33000183,59.27000046,23.39999962,99.41999817,109.0999985,32.91619235,28.44683779,9.687627988
2023-03-14 00:00:00,28.10000038,60.45999908,393.4500122,395.2600098,59.34999847,65.44000244,39.18999863,58.41999817,23.53000069,98.18000031,105.6100006,31.52385393,28.60272461,9.259005885
2023-03-15 00:00:00,28.5,60.47999954,389.4899902,391.2000122,57.20999908,64.26000214,38.47999954,57.47999954,22.73999977,99.77999878,107.7099991,32.16294783,29.04362633,9.405760159
2023-03-16 00:00:00,30.27000046,60.34000015,396.4700012,398.25,57.95999908,65.27999878,38.95999908,59.08000183,23.11000061,99.76000214,108.0299988,30.7766583,28.24210997,9.147546796
2023-03-17 00:00:00,31,60.34999847,394.3999939,397.7000122,57.34999847,65.29000092,38.97999954,58.84999847,22.95000076,99.62999725,107.7300034,30.70010626,27.97524476,9.046540189
2023-03-20 00:00:00,29.89999962,60.59999847,394.1700134,397.5,58.13000107,65.51999664,38.90999985,58.84000015,22.79999924,99.43000031,106.9599991,30.04265766,27.23948879,9.043266525
2023-03-21 00:00:00,29.17000008,60.75,399.4100037,402.8200073,59.16999817,65.70999908,39.27999878,59.18000031,22.96999931,98.45999908,105.4199982,31.93155883,28.11264554,9.305408437
2023-03-22 00:00:00,29.12000084,60.86999893,402.4899902,405.8699951,59.86000061,66.86000061,39.84999847,60.75999832,23.25,99.37000275,106.4499969,31.96249227,27.87320037,9.352192229
2023-03-23 00:00:00,29.15999985,60.38999939,399.2900085,401.019989,59.68999863,66.80000305,40.20999908,61.27000046,23.01000023,99.94000244,106.5500031,31.80450647,27.99778948,9.443114083
2023-03-24 00:00:00,29.80999947,61.02000046,395.8399963,397.519989,58.36999893,66,39.72999954,59.77000046,22.62999916,100.5800018,107.4300003,31.31793165,27.14220743,9.456787205
2023-03-27 00:00:00,29.72999954,61.47999954,398.9200134,400.6300049,59.04999924,66.29000092,39.54000092,59.61999893,22.93000031,99.13999939,105.7600021,32.08452826,27.186127,9.429422426
2023-03-28 00:00:00,29.32999992,61.74000168,396.4899902,398.2099915,59.06999969,66.58000183,40,60.11000061,23.37000084,98.75,104.6800003,32.58851182,27.97692996,9.469114757
2023-03-29 00:00:00,31.88999939,61.95000076,401.6000061,403.3699951,59.90000153,66.98999786,40.18999863,60.27000046,23.70999908,98.62000275,104.4499969,33.23058154,27.86683276,9.531443239
2023-03-30 00:00:00,32.58000183,62.09000015,404.3500061,406.1000061,60.86000061,67.45999908,40.61999893,60.75,24.12999916,98.66999817,105.0500031,33.92397671,28.38285529,9.592296864
2023-03-31 00:00:00,32.90000153,62.25,409.7000122,411.4400024,61.16999817,67.91999817,40.58000183,61.52000046,24.23999977,99.19000244,106.5599976,34.37469006,28.67654324,9.724011421
2023-04-03 00:00:00,33.56000137,62.52000046,411.3699951,413.1600037,61.38999939,68.41999817,40.59999847,60.90000153,23.86000061,99.55999756,107.0999985,34.71070209,28.01430116,9.706709611
2023-04-04 00:00:00,33.84000015,62.74000168,411.9200134,413.6900024,61.66999817,68.43000031,40.63000107,60.77999878,23.88999939,100.1399994,107.8000031,35.21957771,28.69743369,9.901235778
2023-04-05 00:00:00,32.99000168,63.02000046,408.7000122,410.480011,61.31000137,67.90000153,40.54000092,61.15000153,23.68000031,100.7699966,108.3700027,35.30808499,29.18385078,9.74878099
2023-04-06 00:00:00,33,63.04000092,409.480011,411.269989,61.72999954,67.52999878,40.58000183,60.13000107,23.53000069,100.7200012,108.8700027,35.14588137,28.35350358,9.708738151
2023-04-07 00:00:00,33,63.04000092,409.480011,411.269989,61.72999954,67.52999878,40.58000183,60.13000107,23.53000069,100.7200012,108.8700027,35.07798507,28.29872909,9.689982401
2023-04-10 00:00:00,32.75999832,62.68999863,409.6900024,411.5,61.59000015,67.5,40.41999817,61.29999924,23.71999931,99.76000214,107.7600021,35.05718286,28.28194717,9.684235975
2023-04-11 00:00:00,33.11000061,62.70999908,411.1799927,412.9700012,61.90999985,67.90000153,40.84000015,62.18000031,24.69000053,99.58000183,107.0899963,34.82204915,28.25418935,9.583387343
2023-04-12 00:00:00,32.88999939,63.02999878,412.1700134,413.9400024,62.61000061,68.38999939,40.81999969,62.75999832,25.17000008,99.94999695,107.1699982,34.93113142,28.34269738,9.57187587
2023-04-13 00:00:00,32.43000031,63.15999985,413.8399963,415.6199951,63.16999817,69.05999756,40.93999863,64.04000092,25.17000008,100.0699997,107.3899994,35.1668387,28.48326545,9.381987873
2023-04-14 00:00:00,32.24000168,63.15000153,415.0899963,416.8900146,63.34000015,68.95999908,40.84999847,63.77000046,25.09000015,99.09999847,105.5500031,35.38397527,28.24455371,9.945088978
2023-04-17 00:00:00,32.63999939,63.52999878,413.9599915,415.8500061,62.81999969,68.51000214,40.93000031,62.93000031,25.14999962,98.59999847,104.5899963,35.278509,28.21040702,9.771340981
2023-04-18 00:00:00,32.45999908,63.59999847,415.7200012,417.519989,63.18000031,68.91999817,40.95000076,63.15999985,25.12000084,98.66999817,104.5899963,35.95074497,27.9685658,9.751871614
2023-04-19 00:00:00,31.52000046,63.83000183,415.0799866,416.8699951,63.09000015,68.37000275,40.45000076,62.45000076,24.70000076,98.30999756,104.2399979,35.59890767,27.77087561,9.95278361
2023-04-20 00:00:00,31.25,64,413.7000122,415.5,63.11000061,68.66000366,40.56999969,62.63999939,24.61000061,98.88999939,105.2799988,35.99300405,28.1513343,9.819284563
2023-04-21 00:00:00,30.84000015,64.26999664,412.6799927,414.4599915,63.41999817,68.47000122,40.02000046,61.68999863,24.37000084,99.09999847,105.4599991,35.45658088,27.80542395,9.828315401
2023-04-24 00:00:00,30.37000084,64.98999786,413.0700073,414.8500061,63.66999817,68.38999939,39.95999908,61.27000046,24.39999962,99.06999969,105.4899979,36.04198054,28.19864799,9.835290027
2023-04-25 00:00:00,29.56999969,64.16999817,411.1600037,412.8900146,63.29000092,68.01000214,39.47999954,59.93999863,24.19000053,100.0699997,107.1299973,35.75,28.8125,9.9125
2023-04-26 00:00:00,29.80999947,63.77000046,407.8399963,409.5899963,63.11999893,67.75,39.75,60.06000137,24.19000053,100.1299973,107.2399979,36.4995223,28.98856618,9.932215612
2023-04-27 00:00:00,29.95000076,63.75999832,412.6900024,414.4899902,63.38999939,68.36000061,40.04000092,60.63000107,24.32999992,99.27999878,105.2699966,37.8509176,29.61974606,9.97717762
2023-04-28 00:00:00,32.56999969,64.16000366,415.9400024,417.7399902,63.56999969,68.25,40.27000046,60.66999817,24.59000015,99.73999786,106.7600021,38.36732556,29.80653793,10.11047765
2023-05-01 00:00:00,31.23999977,64.69000244,417.6199951,419.4200134,63.77000046,68.37999725,40.36999893,60.84000015,24.70000076,99.16999817,105.4199982,38.55185622,29.94989482,10.15910478
2023-05-02 00:00:00,30.57999992,64.13999939,414.8200073,416.6400146,62.84000015,67.62000275,39.93999863,60.72000122,24.39999962,99.62999725,105.6999969,37.45786071,29.9038588,10.1385943
2023-05-03 00:00:00,31.11000061,64.18000031,413.8699951,415.6400146,63.43999863,68.19000244,39.91999817,60.79999924,24.32999992,100.2799988,106.5999985,37.49220214,29.9238915,10.03368699
2023-05-04 00:00:00,31.71999931,63.93000031,407.269989,409.0299988,62.88000107,68.19999695,40.13000107,60.68999863,24.37000084,100.8000031,106.4499969,37.76347671,30.10268821,10.05517769
2023-05-05 00:00:00,31.40999985,64.20999908,413.7200012,415.5299988,63.63999939,69.09999847,40.5,61.72000122,24.96999931,99.73000336,104.9000015,38.37926096,30.64049194,10.0666914
2023-05-08 00:00:00,30.84000015,64.05999756,413.2399902,415.0599976,63.77000046,69.02999878,40.63000107,61.61999893,25.20999908,99.29000092,103.8700027,38.52323467,30.75543489,10.10445499
2023-05-09 00:00:00,30.57999992,63.75,412.0899963,413.8800049,63.16999817,69.16000366,40.25,61.09999847,25.25,99.16999817,103.6399994,38.97332178,30.90117747,10.1910822
2023-05-10 00:00:00,30.39999962,63.63999939,414.5400085,416.3399963,63.20000076,69.15000153,40.31999969,61.25999832,25.43000031,99.77999878,104.2399979,39.76770383,31.05668299,10.46584967
2023-05-11 00:00:00,29.68000031,63.93000031,412.4299927,414.2099915,62.75,68.73999786,40.09000015,60.09999847,25.47999954,100.4100037,105.5199966,41.16400709,30.3047905,10.35413675
2023-05-12 00:00:00,29.10000038,64.19000244,413.6400146,415.3699951,62.81000137,68.95999908,39.84000015,59.70000076,25.62000084,100.0699997,105.25,41.90223575,29.76934958,10.46029938
2023-05-15 00:00:00,29.82999992,64.25,413.4299927,415.230011,63.02000046,69.33999634,40.33000183,60.27000046,25.88999939,99.25,103.4700012,41.58625312,29.75782783,10.29272182
2023-05-16 00:00:00,29.89999962,63.90000153,412.8200073,414.6199951,62.75,69.16999817,40.18000031,59.93999863,26.05999947,99,102.9000015,42.33520303,30.49888147,10.27067056
2023-05-17 00:00:00,29.55999947,63.41999817,415.8599854,417.6700134,62.66999817,69.25,40.20000076,60.79999924,25.76000023,99.01999664,103.1600037,44.31959981,30.77403198,10.48689122
2023-05-18 00:00:00,29.76000023,63.04000092,419.6700134,421.519989,62.54000092,69.09999847,39.99000168,61.24000168,25.63999939,98.26000214,102.2600021,42.28550279,31.135237,10.54797044
2023-05-19 00:00:00,30.23999977,63.09999847,420.7200012,422.5899963,63.15000153,69.44999695,39.99000168,62.15000153,25.71999931,98.09999847,101.8600006,41.70545654,30.90672226,10.63191243
2023-05-22 00:00:00,30.45000076,62.86999893,420.3900146,422.2600098,63.00999832,69.88999939,40.33000183,63.20000076,25.54000092,97.90000153,101.7099991,41.07476604,31.15264773,10.65420552
2023-05-23 00:00:00,30.20000076,61.66999817,418.7200012,419.8800049,62.54999924,69.19000244,39.90000153,62.99000168,25.51000023,97.73000336,101.25,41.65526903,30.83733349,10.56924736
2023-05-24 00:00:00,29.48999977,61.43000031,412.8200073,414.5899963,61.33000183,68.40000153,39.50999832,62.77000046,25.29999924,97.76999664,101.3600006,40.10778192,30.91900216,10.54226218
2023-05-25 00:00:00,28.29000092,60.72999954,416.1600037,417.9700012,60.95999908,68.13999939,39.40000153,62.34000015,25.29999924,97.26000214,100.8000031,39.95843413,30.86572543,10.44115121
2023-05-26 00:00:00,29.09000015,60.63999939,420.769989,422.6300049,61.56999969,68.61000061,39.90000153,63.15999985,25.63999939,96.93000031,101.1699982,39.66494138,30.48780432,10.45490254
2023-05-29 00:00:00,29.09000015,60.63999939,420.769989,422.6300049,61.56999969,68.61000061,39.90000153,63.15999985,25.63999939,96.93000031,101.1699982,39.75701258,30.55857334,10.47917071
2023-05-30 00:00:00,30.04000092,60.20000076,422.5799866,424.4299927,61.40999985,68.40000153,39.68999863,63.81000137,25.31999969,97.69000244,102.2399979,39.27089653,29.70015917,10.35072125
2023-05-31 00:00:00,32.29000092,60.27999878,419.2200012,421.0700073,60.43000031,67.52999878,39.16999817,62.84999847,24.79999924,98.20999908,103.1800003,37.91828034,29.16790795,10.23979747
2023-06-01 00:00:00,31.94000053,60.16999817,422.9200134,424.7999878,61.04000092,68.83000183,39.75,63.79000092,25.29000092,98.37999725,103.6299973,38.08765082,29.87266731,10.27669562
2023-06-02 00:00:00,31.59000015,61.31999969,428.7399902,430.6700134,61.75,70.12999725,40.43000031,65.30000305,25.89999962,97.95999908,103.0699997,38.76794277,30.53084973,10.31440223
2023-06-05 00:00:00,31.39999962,61.43999863,429.6199951,431.5700073,61.49000168,70.16999817,40.34999847,65.25,26.11000061,97.55999756,102.4400024,38.28512793,30.95128849,10.4048536
2023-06-06 00:00:00,31.45000076,60.99000168,428.5799866,430.5,61.49000168,70.81999969,40.65000153,65.91000366,26.56999969,97.37999725,102.4700012,38.79149437,31.26942575,10.49359655
2023-06-07 00:00:00,31.37000084,60.36000061,429.6199951,430.2099915,61.70999908,70.20999908,40.86999893,65.44000244,26.45000076,97.31999969,102.4300003,38.52846289,31.31991177,10.53939888
2023-06-08 00:00:00,31.85000038,60.40999985,429.6000061,430.2000122,61.88000107,70.23000336,40.77999878,65.69000244,26.45999908,97.30999756,102.1399994,38.20878992,30.92796187,10.4918599
2023-06-09 00:00:00,31.98999977,60.66999817,431.9899902,432.6000061,61.63999939,70.91000366,41.02000046,66.94000244,26.85000038,97.08000183,102.2699966,38.24368034,30.89637229,10.52888091
2023-06-12 00:00:00,33.29999924,60.65000153,433.8800049,434.4899902,61.79000092,71.08999634,41,66.68000031,26.79000092,97.12000275,102.3000031,38.30911696,31.07504725,10.68126118
2023-06-13 00:00:00,33.95000076,60.66999817,437.3299866,437.980011,62.31999969,72.25,41.47999954,67.66000366,26.92000008,97.31999969,102.3300018,38.10918444,31.03802214,10.62551645
2023-06-14 00:00:00,35.59999847,61.08000183,439.0599976,439.7200012,62.83000183,72.45999908,41.75,67.20999908,27.43000031,96.83000183,102.2900009,37.88356535,31.76924615,10.62756925
2023-06-15 00:00:00,36.41999817,61.29999924,443.8999939,444.5700073,63.34999847,72.45999908,42.09999847,67.08000183,27.59000015,97.36000061,103.6299973,37.5598499,32.31079102,10.45349121
2023-06-16 00:00:00,36.79999924,62.16999817,443.6099854,445.480011,63.68000031,72.65000153,42.15000153,66.91000366,27.55999947,97.05000305,102.8300018,39.12442975,32.60369146,10.99575477
2023-06-19 00:00:00,36.79999924,62.16999817,443.6099854,445.480011,63.68000031,72.65000153,42.15000153,66.91000366,27.55999947,97.05000305,102.8300018,39.51757836,32.65332368,11.06132937
2023-06-20 00:00:00,37.11000061,61.95999908,438.3699951,441.5299988,61.49000168,70.94000244,41.24000168,65.58000183,27.54999924,97.38999939,103.6600037,39.47183236,32.62663615,10.80491806
2023-06-21 00:00:00,35.04999924,61.72000122,436.9899902,439.4700012,61.40999985,71.22000122,40.95000076,64.83000183,27.79000092,97.33000183,103.6500015,40.08323002,32.99845529,10.6590755
2023-06-22 00:00:00,33.24000168,62.09999847,436.6199951,438.8999939,60.99000168,70.55999756,40.75999832,64.68000031,27.54999924,97.12999725,103.25,39.7849206,32.824156,10.68969118
2023-06-23 00:00:00,33.45000076,61.97000122,435.0599976,437.3500061,60.40999985,68.84999847,40.22000122,63.52000046,27.27000046,97.5,103.9499969,39.2611763,32.69640169,10.82231775
2023-06-26 00:00:00,33.99000168,61.29000092,434.6099854,436.8599854,60.47000122,69.01000214,40.45999908,64.08999634,27.37000084,97.43000031,103.8000031,38.95260723,32.07861772,10.69796473
2023-06-27 00:00:00,34.22999954,61.36000061,436.8099976,439.0799866,60.95999908,69.34999847,40.68000031,64.63999939,27.30999947,97.5,103.9499969,39.40711319,32.53559404,10.61449662
2023-06-28 00:00:00,33.81000137,61.04000092,437.4400024,439.75,60.93999863,69.63999939,40.54999924,63.38999939,27.03000069,97.43000031,103.8399963,40.20952384,32.49898124,10.70554676
2023-06-29 00:00:00,33.34000015,60.34999847,438.2799988,440.5899963,60.77000046,69.25,40.36000061,62.84000015,27.12999916,96.58000183,102.3399963,38.30690986,31.73278672,10.68295011
2023-06-30 00:00:00,33.56000137,60.34999847,444.2999878,446.6199951,61.75999832,69.80000305,40.81999969,63.54999924,27.34000015,96.66000366,103.0599976,38.09620199,31.59966424,10.62152387
2023-07-03 00:00:00,33.88999939,60.63000107,444.0799866,446.4299927,61.61000061,70.34999847,41.27000046,65,27.56999969,96.62000275,103.2600021,38.07976484,31.73313737,10.72580043
2023-07-04 00:00:00,33.88999939,60.63000107,444.0799866,446.4299927,61.61000061,70.34999847,41.27000046,65,27.56999969,96.62000275,103.2600021,37.50761374,30.90728915,10.72552745
2023-07-05 00:00:00,33.33000183,61.09999847,443.8900146,446.3599854,61.06999969,69.77999878,40.95999908,64.26000214,27.38999939,96,102,36.24524456,29.88642973,10.80998522
2023-07-06 00:00:00,32.04000092,61.02000046,440.1000061,442.3999939,59.88000107,68.62000275,40.38999939,63.09000015,27,94.86000061,100.3799973,35.25510648,29.91919847,10.79886144
2023-07-07 00:00:00,32.40999985,60.5,442.6400146,444.9599915,60.34999847,69.47000122,40.77000046,63.56000137,27.19000053,94.94999695,99.59999847,35.29741598,30.96488117,10.79310879
2023-07-10 00:00:00,32.83000183,60.15000153,439.8399963,442.1400146,60.41999817,69.25,40.61000061,63.25,27,95.22000122,99.52999878,35.88485903,31.0349465,10.87458876
2023-07-11 00:00:00,33.36000061,59.56000137,442.9700012,445.2999878,61.04000092,69.87999725,40.97999954,64.38999939,26.96999931,95.41999817,99.97000122,36.72875752,31.13260708,11.19230089
2023-07-12 00:00:00,34.08000183,60.04999924,447.480011,449.8299866,62.52000046,70.94000244,41.79000092,66.13999939,27.53000069,96.33999634,101.1200027,38.09289937,32.46627417,11.18857656
2023-07-13 00:00:00,34.29999924,60.45999908,450.3800049,452.7799988,63.52999878,71.94999695,42.22000122,67.13999939,27.70999908,97.06999969,101.9700012,39.31379446,32.81564662,11.22568049
2023-07-14 00:00:00,33.86999893,61.04000092,451.3599854,453.75,63.59000015,71.61000061,42.08000183,67.44000244,27.54999924,96.91999817,101.9400024,40.69843864,33.21517735,11.36930576
2023-07-17 00:00:00,34.59999847,61.09999847,451.9299927,454.3299866,63.18999863,71.41999817,41.99000168,67.63999939,27.38999939,96.77999878,101.4899979,40.9068875,33.3800202,11.27066564
2023-07-18 00:00:00,34.70000076,61.25,454.8599854,457.2900085,63.49000168,72.02999878,41.84000015,67.55999756,27.52000046,97.12000275,102.0699997,40.78377943,32.5485932,11.28089796
2023-07-19 00:00:00,34.84000015,61.79000092,456.4299927,458.8200073,63.66999817,71.97000122,41.91999817,67.31999969,27.51000023,97.19000244,102.9800034,41.4515861,33.50018122,11.1710721
2023-07-20 00:00:00,34.20999908,62.40999985,455.1000061,457.4899902,63.61000061,71.43000031,41.56000137,66.63999939,27.55999947,96.66999817,102.3099976,41.74691129,33.19056566,11.27055855
2023-07-21 00:00:00,34.25,62.68000031,454.1700134,456.5799866,63.47999954,71.22000122,41.50999832,66.43000031,27.81999969,96.66000366,102.3499985,41.77071843,32.63136247,11.55935444
2023-07-24 00:00:00,34.45999908,62.81000137,455.0400085,457.4400024,63.29000092,71.41999817,41.99000168,67.58999634,28.26000023,96.70999908,102.1500015,41.38817675,32.26221231,11.63239129
2023-07-25 00:00:00,34.34000015,62.38999939,456.7399902,459.1600037,63.41999817,71.62000275,42.40999985,67.94999695,28.42000008,96.08999634,101.5,41.25666072,32.28782144,11.71074158
2023-07-26 00:00:00,34.52999878,63.16999817,456.9899902,459.3599854,63.49000168,71.98000336,42.59000015,67.80999756,28.55999947,96.41000366,101.6900024,41.64732292,32.49264822,11.95162101
2023-07-27 00:00:00,35.02999878,63.27000046,459.4400024,461.8800049,63.75999832,72.33000183,42.54000092,67.26999664,28.47999954,96.09999847,100.9300003,42.46600342,33.15838623,11.89306641
2023-07-28 00:00:00,36.99000168,62.77000046,457.7799988,460.2600098,63.68999863,72.58999634,43.04000092,67.59999847,28.31999969,95.73999786,99.86000061,42.4753396,32.36825578,11.85983127
2023-07-31 00:00:00,37.18999863,62.45000076,458.1600037,460.5799866,63.81999969,72.43000031,43.09999847,67.69000244,28.53000069,95.91000366,100.3300018,42.22527752,32.26345406,11.99275005
2023-08-01 00:00:00,36.02000046,62.36000061,457.25,459.6199951,63.09000015,71.68000031,42.70000076,67.90000153,28.22999954,95.18000031,98.91999817,42.09553757,32.14918342,11.986961
2023-08-02 00:00:00,35.18000031,62.59000015,453.519989,455.9100037,62.11000061,70.47000122,41.90000153,65.84999847,27.79000092,94.79000092,97.23999786,41.47400676,31.47752423,11.91187555
2023-08-03 00:00:00,35.02999878,62.11999893,450.7900085,453.1099854,61.66999817,69.91000366,41.86999893,65.66999817,27.43000031,94.25,95.31999969,40.32360406,31.35573628,11.7535673
2023-08-04 00:00:00,35.56000137,61.88999939,452.8999939,455.2799988,62.25999832,70.72000122,42.13999939,65.58000183,27.52000046,95.12999725,96.68000031,40.12004087,32.23591239,11.7880437
2023-08-07 00:00:00,35.54999924,61.33000183,450.8699951,453.2399902,62.18999863,70.48000336,41.88999939,64.69000244,27.12000084,94.98000336,96.19999695,40.02855725,32.31604861,11.77655436
2023-08-08 00:00:00,35.09999847,61.34999847,450.7000122,451.5799866,61.88999939,69.79000092,41.29000092,63.81999969,27.01000023,95.54000092,97.37000275,39.91896206,32.21064677,11.82335249
2023-08-09 00:00:00,35.09999847,61.63000107,449.2000122,451.5700073,62.18999863,69.91999817,41.52999878,64.62000275,26.94000053,95.51999664,97.29000092,39.6901257,32.36369801,11.82421722
2023-08-10 00:00:00,35.09000015,61.72999954,451.7000122,454.1000061,63.00999832,70.62000275,41.93999863,64.81999969,27.38999939,95.54000092,97.36000061,40.32257997,33.07214761,11.76605251
2023-08-11 00:00:00,34.95000076,61.20000076,446.7000122,449.0400085,61.91999817,69.69000244,41,63.43000031,27,94.55999756,95.87000275,40.73055367,34.46265831,11.65648737
2023-08-14 00:00:00,35.70999908,61.47999954,448.1099854,450.5100098,61.68000031,68.90000153,40.70000076,62.65999985,26.45000076,94.26000214,95.93000031,41.3223148,36.05387836,11.76829058
2023-08-15 00:00:00,35.63000107,60.90000153,446.6400146,448.980011,61.27999878,68.45999908,40.47000122,62.49000168,26.26000023,94.18000031,95.19999695,41.54404163,35.96255207,11.73381329
2023-08-16 00:00:00,34.63000107,60.81999969,444.1799927,446.5299988,61,67.81999969,40.24000168,61.40999985,26.44000053,94,94.79000092,41.34278319,36.57978973,11.73601587
2023-08-17 00:00:00,33.59000015,61.02000046,441.4299927,443.7600098,60.61999893,67.62999725,40.45999908,61.50999832,26.29000092,93.47000122,93.61000061,47.09415901,37.02549232,12.09174353
2023-08-18 00:00:00,32.90999985,61.09000015,437.5700073,439.8599854,59.91999817,67.09999847,39.88000107,60.81999969,25.98999977,93.80999756,94.19000244,46.092055,36.49311398,12.37684521
2023-08-21 00:00:00,33.16999817,60.93000031,440.1099854,442.4400024,60.18999863,67.12000275,39.91999817,61.11999893,25.93000031,93.19999695,92.76000214,43.72319374,36.02655323,12.29596982
2023-08-22 00:00:00,33.79999924,60.58000183,441.1799927,443.5799866,60.33000183,67.51999664,40.09000015,61.25,26.29000092,93.16000366,93.27999878,45.04562023,36.68729693,12.25036697
2023-08-23 00:00:00,34.15000153,60.43999863,443.6700134,446.0100098,60.52999878,68.22000122,40.49000168,61.61000061,27.02000046,94.06999969,95.55000305,45.64262719,36.34859152,12.15099707
2023-08-24 00:00:00,34.09000015,60.88000107,445.2200012,447.5499878,60.36000061,68.01000214,40.59000015,62.43000031,26.96999931,94.05000305,95.55000305,45.34873207,35.99913373,12.14811757
2023-08-25 00:00:00,33.40000153,60.56999969,441.2999878,443.6900024,60.22999954,67.95999908,40.31000137,62.31000137,26.60000038,93.93000031,95.51000214,44.95830375,35.63782884,11.98740686
2023-08-28 00:00:00,33.77999878,60.72999954,443.3999939,445.8099976,60.68000031,68.43000031,40.66999817,62.59999847,26.71999931,93.98000336,95.66000366,44.94698296,35.628855,11.98438835
2023-08-29 00:00:00,34.47999954,60.63000107,449.4500122,451.8800049,61.52000046,69.19000244,41.18000031,63.38000107,27.07999992,94.66000366,96.51000214,44.92905168,35.7525718,12.15713552
2023-08-30 00:00:00,34.65999985,60.74000168,451.6700134,454.1199951,61.77000046,69.31999969,41.15000153,63.08000183,27.07999992,94.79000092,96.40000153,45.77037786,36.07804645,12.1343548
2023-08-31 00:00:00,35.56000137,60.47000122,452.8299866,455.2999878,61.34999847,69.41000366,40.79999924,62.77000046,26.70000076,94.94000244,97.05000305,45.64805361,36.35573192,12.35586413
2023-09-01 00:00:00,36.75,60.13000107,453.6700134,456.1300049,61.38999939,70.26999664,41.15999985,63.66999817,26.64999962,94.58000183,95.81999969,44.92516835,36.18091838,12.48273366
2023-09-04 00:00:00,36.75,60.13000107,453.6700134,456.1300049,61.38999939,70.26999664,41.15999985,63.66999817,26.64999962,94.58000183,95.81999969,44.18652993,36.20040566,12.38108054
2023-09-05 00:00:00,37.40999985,59.31999969,451.0599976,453.5499878,60.45999908,69.73000336,40.84999847,63.02000046,26.19000053,93.72000122,94.29000092,44.05452845,35.91264569,12.32012028
2023-09-06 00:00:00,37.04000092,58.83000183,448.5100098,450.9400024,59.97999954,69.73000336,40.90000153,62.61999893,26.15999985,93.58999634,94.11000061,43.55696554,35.5746645,12.36942398
2023-09-07 00:00:00,38.34000015,59.15999985,445.5499878,447.9700012,59.65999985,69.30000305,40.20999908,61.86999893,25.68000031,93.52999878,94.06999969,43.18318362,34.68403316,12.39876068
2023-09-08 00:00:00,38.83000183,58.40999985,447.1099854,449.519989,59.81000137,69.01999664,40.27999878,62.18000031,25.62000084,93.86000061,94.90000153,42.35279709,34.55589041,12.54990099
2023-09-11 00:00:00,38.74000168,58.99000168,448.769989,451.2099915,60.27000046,69.58999634,40.68000031,62.84000015,26.12000084,93.44000244,93.98000336,43.09047371,34.63518492,12.6148923
2023-09-12 00:00:00,40.06999969,59,448.5299988,450.9899902,60.08000183,69.59999847,40.65999985,62.16999817,26.18000031,93.5,94.23999786,43.40538305,34.6492539,12.65886099
2023-09-13 00:00:00,39.15000153,58.68000031,447.7099915,450.1600037,59.86000061,69.47000122,40.61999893,62.31000137,26.46999931,93.72000122,94.52999878,43.53365985,34.72699409,12.69159208
2023-09-14 00:00:00,38.90000153,58.59000015,451.0799866,453.5499878,60.31000137,70.44000244,40.84999847,63.02000046,26.70999908,93.73999786,94.20999908,45.14968488,35.34539646,12.72933869
2023-09-15 00:00:00,38.52000046,58.63999939,447.480011,451.5,60.68000031,70.48999786,40.74000168,63.74000168,26.69000053,93.29000092,93.48000336,45.94892575,35.60706871,12.82353285
2023-09-18 00:00:00,38.38999939,58.34999847,444.9700012,448.980011,59.65999985,69.83999634,40.16999817,63.34000015,26.64999962,93.25,93.52999878,46.23672181,36.0769166,12.81908308
2023-09-19 00:00:00,38.09999847,58.38999939,443.2900085,447.2900085,59.65999985,70.11000061,40.08000183,62.66999817,26.63999939,93.13999939,93.43000031,46.29044666,36.77972889,12.92863197
2023-09-20 00:00:00,36.25,58.83000183,444.4400024,448.4599915,60.40000153,70.05000305,40.18999863,63.09999847,26.95000076,93.23999786,93.59999847,46.41391945,36.99480629,12.83973846
2023-09-21 00:00:00,35.25,58.41999817,435.9700012,439.9100037,59.36000061,68.37000275,39.38000107,60.84999847,26.11000061,92.22000122,91.37000275,45.92528608,38.15805649,12.55085671
2023-09-22 00:00:00,34.88999939,57.97000122,434.1000061,438.0299988,59.20000076,68.76999664,39.86000061,61.36999893,26.12999916,92.51999664,91.61000061,46.25087706,36.88267708,12.76140627
2023-09-25 00:00:00,34.36999893,57.49000168,432.269989,436.1799927,58.31999969,68.22000122,39.52999878,60.70999908,25.70999908,92.01999664,90.04000092,45.34319934,36.17466645,12.87842609
2023-09-26 00:00:00,34.77999878,56.90000153,429.8200073,431.7099915,58.02000046,67.63999939,39.29999924,59.36000061,25.46999931,91.98999786,89.62000275,45.18862951,36.45623218,12.84822655
2023-09-27 00:00:00,34.83000183,56.52999878,427.6700134,429.5400085,57.66999817,67.66000366,39.27999878,59.20000076,25.29000092,92.01000214,89.62000275,44.44525301,36.25828922,12.31688619
2023-09-28 00:00:00,35.65999985,56.31999969,430.25,432.1300049,58.06999969,67.70999908,39.20999908,59.45999908,25.48999977,91.58999634,88.73000336,44.77937812,36.58802846,12.25668615
2023-09-29 00:00:00,35.90999985,56.27000046,431.8500061,433.7200012,58.68999863,67.66000366,39.61000061,59.88999939,25.76000023,92.04000092,89.48999786,45.15774548,36.79746017,12.22920567
2023-10-02 00:00:00,35.97999954,56.00999832,428.6000061,430.4700012,57.58000183,66.58000183,39.25,58.81999969,25.46999931,90.98999786,87.93000031,45.72389871,36.76201456,12.09549534
2023-10-03 00:00:00,36.54000092,55.43000031,427.3699951,428.5400085,56.72999954,65.73000336,38.86000061,58.31000137,25.04000092,90.58999634,86.65000153,45.03960142,36.39441618,11.8130713
2023-10-04 00:00:00,36.52000046,55.27999878,425.4299927,427.3099976,56.77000046,64.86000061,38.54000092,57.91999817,24.51000023,90.48000336,86.30999756,44.56952348,35.75224648,11.53493087
2023-10-05 00:00:00,36.09999847,54.95000076,425.3699951,427.230011,57,65.81999969,38.58000183,58.08000183,24.37999916,90.66000366,86.19000244,42.2381351,35.11937209,11.46983841
2023-10-06 00:00:00,36.45999908,53.29000092,431.1300049,433.019989,57.81999969,66.33000183,39.18000031,58.81999969,24.56999969,90.36000061,85.69000244,43.38817902,35.58805695,11.66362003
2023-10-09 00:00:00,36.16999817,53.15000153,432.8800049,434.7900085,57.54999924,66.41000366,38.88000107,58.54999924,24.56999969,91.22000122,86.80000305,42.78447183,35.13510138,11.60985959
2023-10-10 00:00:00,36.74000168,54.33000183,437.2200012,439.1499939,58.61999893,67.22000122,39.52000046,58.77999878,25.21999931,91.29000092,87.16999817,43.48891431,35.8936673,11.63787848
2023-10-11 00:00:00,37.02999878,54.27999878,436.5799866,438.5,58.93000031,67.26999664,39.77000046,59.59000015,25.36000061,91.59999847,88.47000122,44.12596493,36.01367054,11.77511822
2023-10-12 00:00:00,37.22000122,53.83000183,437.3399963,439.2799988,58.74000168,67.41000366,39.65999985,59.88000107,25.43000031,91.38999939,88.19000244,43.72298235,36.64109084,11.90989406
2023-10-13 00:00:00,36.79000092,53.41999817,436.4500122,438.3800049,58.11999893,66.54000092,39.34000015,59.18999863,25.31999969,91.36000061,87.83000183,42.30750612,36.1232944,11.7811891
2023-10-16 00:00:00,36.93999863,53.56000137,437.1400146,439.0799866,58.15000153,66.45999908,39.36999893,59.13000107,25.39999962,90.76999664,86.37000275,42.11280799,34.1520896,11.60684896
2023-10-17 00:00:00,36.34999847,54.09999847,438.1400146,440.0499878,58.34000015,66.83000183,39.34000015,59.34999847,25.55999947,90.04000092,85.62999725,42.6181489,34.55855627,11.83294736
2023-10-18 00:00:00,36.02000046,54.52999878,435.1799927,437.0899963,57.52999878,66.25,38.75999832,59.15000153,25.18000031,89.69000244,84.72000122,42.0168069,34.95311183,11.6307393
2023-10-19 00:00:00,36.36000061,54.75999832,432.8200073,434.75,57.09999847,65.73999786,38.63000107,58.36999893,25.14999962,89.5,84.56999969,40.43764808,33.57660569,11.53626597
2023-10-20 00:00:00,36.27999878,55.02000046,426.5400085,428.3800049,56.40999985,64.88999939,38.15000153,57.41999817,24.80999947,89.59999847,83.54000092,40.72046877,33.19537469,11.42115085
2023-10-23 00:00:00,35.18999863,54.88999939,424.4500122,426.3299866,56.45000076,64.76000214,37.95000076,57.5,24.75,90,84.86000061,40.62766137,32.59944086,11.31249254
2023-10-24 00:00:00,34.70999908,56.16999817,424.8200073,426.6499939,56.36000061,65,38.34999847,57.95999908,24.90999985,90.05999756,85.34999847,41.46709014,33.50442881,11.25797809
2023-10-25 00:00:00,34.45000076,56.22000122,421.9200134,423.8500061,56.29999924,64.83999634,38.06000137,57.00999832,24.84000015,89.61000061,84.12999725,39.52617437,31.98579649,11.10381452
2023-10-26 00:00:00,33.22000122,56.63000107,417.3299866,419.1499939,55.93999863,64.05000305,37.83000183,55.52000046,25.12000084,89.98000336,84.81999969,39.15469257,32.37675506,11.05045883
2023-10-27 00:00:00,36.38000107,56.13999939,414.6000061,416.4100037,55.83000183,64.37999725,38.20999908,55.27999878,25.39999962,90.08999634,84.97000122,39.80969028,32.04194584,10.78988252
2023-10-30 00:00:00,35.95999908,56.27999878,416.6799927,418.5100098,56.06999969,64.56999969,38.38999939,56.04999924,25.23999977,89.93000031,84.5,40.52040596,33.31274033,10.78121414
2023-10-31 00:00:00,36.56999969,56.72000122,418.5299988,420.3599854,56.27000046,64.90000153,37.93999863,55.04000092,24.84000015,90.01999664,84.76999664,41.41706684,34.06409073,11.31414442
2023-11-01 00:00:00,37.31999969,56.88000107,423.5,425.3699951,56.54000092,65.88999939,38.22000122,56.27000046,25.52000046,90.41999817,85.12000275,41.37805341,34.20828792,11.24073404
2023-11-02 00:00:00,37.81999969,57.15000153,430.9200134,432.8399963,57.81000137,67.15000153,38.83000183,58.06999969,26.26000023,91.22000122,87.30999756,41.96767063,34.5974411,11.35380814
2023-11-03 00:00:00,38.31999969,57.59000015,436.2900085,438.2399902,58.49000168,68.55000305,39.59000015,59.88000107,26.73999977,92.23999786,89.05000305,42.61051973,34.74677575,11.83828746
2023-11-06 00:00:00,38.20000076,57.27999878,436.1499939,438.0400085,58.34999847,68.48000336,39.77999878,63.38999939,26.70000076,91.31999969,87.19999695,43.92694443,34.8940798,11.89120947
2023-11-07 00:00:00,38.90000153,57.40000153,437.5899963,439.5400085,57.95000076,67.56999969,39.65999985,61.88000107,26.70999908,91.81999969,88.5,44.13525623,34.56747341,12.20972543
2023-11-08 00:00:00,38.88999939,57.47000122,438.0899963,440.0400085,58.25,66.93000031,39.65999985,60.70000076,26.59000015,92.08000183,89.62000275,44.43488638,34.785817,12.48847706
2023-11-09 00:00:00,38.52000046,57.13999939,438.4700012,440.4500122,58.70999908,67.37000275,39.52999878,60.77999878,26.59000015,91.83999634,89.02999878,43.91891792,35.1965594,12.53071225
2023-11-10 00:00:00,38.99000168,56.93000031,440.9299927,442.9200134,58.34000015,67.01999664,39.38999939,60.36999893,26.57999992,91.48000336,88.43000031,43.85797751,34.7574315,12.52244896
2023-11-13 00:00:00,38.56999969,57.09999847,441.3299866,443.3299866,58.54999924,67.09999847,39.59000015,59.91999817,26.56999969,91.16000366,87.94000244,44.02162027,33.8746362,12.39942304
2023-11-14 00:00:00,39.49000168,57.24000168,450.0599976,452.1000061,60.29000092,68.62999725,40.41999817,62.04000092,27.54999924,92.56999969,90.15000153,43.3506487,34.81560597,12.52922173
2023-11-15 00:00:00,40.84000015,57.34000015,451.3800049,453.4200134,60.47000122,68.69000244,40.84999847,62.77000046,27.70000076,92.05999756,89.13999939,43.10613906,35.17211057,12.74442372
2023-11-16 00:00:00,43.40000153,57.52999878,450.5599976,452.5499878,60.34000015,68.47000122,40.40999985,63.06000137,27.62000084,92.61000061,89.95999908,42.79503083,33.9751551,12.56645926
2023-11-17 00:00:00,43.81000137,57.34000015,451.4200134,453.480011,60.90999985,69.05999756,40.41999817,62.43000031,27.73999977,92.62999725,90.43000031,42.76952785,33.52038467,12.66325643
2023-11-20 00:00:00,44.93000031,57.58000183,455.1300049,457.2099915,61.29000092,69.41999817,40.86999893,63.66999817,28.12999916,92.72000122,90.66000366,44.02680148,34.43680512,12.67872246
2023-11-21 00:00:00,44.65999985,58.04000092,454.1300049,455.7099915,61.13999939,69.45999908,40.81999969,63.43000031,27.95000076,92.91000366,90.80000305,44.34465117,35.02539444,12.68419641
2023-11-22 00:00:00,44.63000107,58.54000092,456.3800049,458.480011,61.04000092,69.33000183,40.61999893,63.18999863,27.90999985,92.98999786,91.31999969,43.8671314,35.06109015,12.66966048
2023-11-23 00:00:00,44.63000107,58.54000092,456.3800049,458.480011,61.04000092,69.33000183,40.61999893,63.18999863,27.90999985,92.98999786,91.31999969,43.96482773,35.15937217,12.56494792
2023-11-24 00:00:00,44,58.75,455.5,457.5899963,61.68000031,69.33999634,40.63000107,62.40999985,27.95000076,92.41999817,90.26000214,44.18068063,35.03120635,12.68092081
2023-11-27 00:00:00,44.54999924,58.68999863,455.4899902,457.5899963,61.56999969,69.30000305,40.47999954,62.63000107,27.80999947,92.98000336,91.33999634,44.54216695,35.40692762,13.00354068
2023-11-28 00:00:00,44.38000107,58.83000183,456.269989,458.3699951,61.65000153,69.72000122,40.77999878,63.70999908,27.98999977,93.41000366,91.52999878,44.03087614,35.69217363,13.13977365
2023-11-29 00:00:00,45.34000015,58.66999817,458.3200073,460.3999939,61.99000168,69.59999847,40.74000168,63.83000183,27.89999962,93.97000122,92.69999695,44.42947122,35.91223353,12.96654096
2023-11-30 00:00:00,45.09000015,58.45999908,456.7600098,458.8399963,61.79000092,69.51999664,40.66999817,63.29000092,28,93.55000305,92.29000092,44.37390858,36.05776834,12.92493246
2023-12-01 00:00:00,44.36000061,58.68999863,459.6499939,461.7600098,62.31999969,70.16999817,40.81000137,63.40000153,28.46999931,94.08999634,93.05999756,44.52669221,35.62135377,12.83379271
2023-12-04 00:00:00,43.31000137,58.95999908,459.1199951,459.0400085,61.97000122,69.47000122,40.63999939,62.58000183,28.20000076,93.88999939,92.83000183,44.55942705,35.59668922,12.96736536
2023-12-05 00:00:00,42.29000092,58.83000183,457.5899963,459.6900024,62,68.87000275,40.34000015,61.68000031,27.96999931,94.41000366,94.62000275,44.2192781,34.80946754,13.26578343
2023-12-06 00:00:00,42.59000015,58.72999954,458.8399963,460.980011,62.34000015,69.73000336,40.54999924,61.79999924,28.15999985,94.79000092,96.05000305,43.20528771,35.01259286,12.84634702
2023-12-07 00:00:00,42.43999863,58.88999939,458.8999939,461,62.15999985,70.05000305,40.45000076,61.90000153,27.97999954,94.86000061,96.08000183,43.07638136,34.53645736,13.11129508
2023-12-08 00:00:00,42.95999908,58.75,460.75,462.8699951,62.45000076,69.69999695,40.31000137,62.52000046,28.14999962,94.15000153,94.72000122,42.86739752,34.99893248,12.84133494
2023-12-11 00:00:00,44.72999954,59.09000015,462.1700134,464.3299866,62.50999832,69.88999939,40.40999985,62.79999924,27.96999931,94,94.44000244,43.00008968,34.90226257,12.80586612
2023-12-12 00:00:00,44.43999863,59.41999817,464.2000122,466.4500122,62.59999847,69.91999817,40.40999985,63.08000183,27.89999962,94.22000122,94.69999695,43.31341195,35.15291405,12.8057044
2023-12-13 00:00:00,44.72000122,60.02000046,470.7600098,472.9899902,63.47999954,71.12999725,40.77000046,64.01999664,28.69000053,95.68000031,96.98000336,43.36895013,35.19798851,12.5958516
2023-12-14 00:00:00,47.06999969,60.04000092,473.730011,475.9700012,64.44000244,71.54000092,41.36999893,64.87999725,29.28000069,96.26999664,99.04000092,44.81135005,35.78596546,12.61029259
2023-12-15 00:00:00,47.27000046,59.16999817,470.7000122,474.75,63.90000153,71.30000305,41.36000061,64.47000122,29.25,96.15000153,99.34999847,46.04086769,35.88761115,12.82247744
2023-12-18 00:00:00,46.22999954,59.49000168,472.980011,477.1400146,63.34999847,69.80000305,40.22000122,64.40000153,29.45000076,95.81999969,98.5,46.00060601,35.98945484,12.92579012
2023-12-19 00:00:00,46.68000031,59.20000076,474.9200134,479.0799866,63.88999939,70.25,40.52999878,64.95999908,29.84000015,96.13999939,99.26000214,46.75480589,36.43724556,12.9048578
2023-12-20 00:00:00,46.95000076,58.66999817,475.8999939,478.1600037,63.93999863,70.44000244,40.16999817,64.12000275,28.79999924,96.48999786,99.69000244,49.33917135,36.92492666,12.98734317
2023-12-21 00:00:00,47.11999893,58.06999969,472.980011,475.2000122,64.06999969,70.84999847,40.41999817,64.12999725,28.81999969,96.69999695,99.83999634,49.17452701,36.53326043,12.81824432
2023-12-22 00:00:00,48.15999985,58.45999908,475.3800049,477.6300049,64.33999634,71.23000336,40.31999969,64.16000366,29.02000046,96.48000336,99.37999725,50.01687309,36.46936044,12.93869483
2023-12-25 00:00:00,48.15999985,58.45999908,475.3800049,477.6300049,64.33999634,71.23000336,40.31999969,64.16000366,29.02000046,96.48000336,99.37999725,49.9853615,36.44638404,12.93054321
2023-12-26 00:00:00,50.52000046,58.70999908,476.5799866,478.8099976,64.61000061,71.23000336,40.61999893,64.40000153,29.34000015,96.33999634,98.87000275,50.09522434,36.52648956,12.95896325
2023-12-27 00:00:00,51.27999878,58.77000046,476.6600037,478.8999939,64.91999817,71.63999939,40.77999878,64.98000336,29.37000084,97.04000092,100.5299988,50.65417926,36.84518818,13.10899614
2023-12-28 00:00:00,50.86999893,58.86999893,477.5499878,479.7900085,64.80000305,72.40000153,41.18999863,66.30000305,29.37000084,96.95999908,100.5699997,50.9472631,36.54634074,13.18484447
2023-12-29 00:00:00,50.56999969,58.97999954,477.0299988,479.2600098,64.73999786,72.20999908,41.22999954,65.91999817,29.26000023,96.63999939,99.81999969,50.61759585,36.22819124,13.19240989
2024-01-01 00:00:00,50.56999969,58.97999954,477.0299988,479.2600098,64.73999786,72.20999908,41.22999954,65.91999817,29.26000023,96.63999939,99.81999969,50.60174534,36.21684666,13.18827878
2024-01-02 00:00:00,49.38000107,59.88000107,473.6700134,475.8800049,63.95999908,71.75,40.83000183,65.08000183,29,96.15000153,98.65000153,51.18525815,36.2770822,13.1870376
2024-01-03 00:00:00,47.81000137,60.20000076,471.1900024,473.4100037,63.29999924,71.06999969,40.61000061,63.63000107,28.73999977,96.33999634,98.84999847,50.36606548,35.0290305,13.20373546
2024-01-04 00:00:00,47.15999985,60.25999832,470.9599915,473.1900024,63.79000092,70.83999634,40.61999893,63.04999924,28.51000023,95.83000183,97.63999939,49.55640376,34.91761953,13.28263712
2024-01-05 00:00:00,47.83000183,59.95000076,470.4400024,472.6600037,63.90000153,71.41999817,40.72000122,63.54999924,28.78000069,96.01999664,97.68000031,49.53132544,35.5788394,13.29291397
2024-01-08 00:00:00,48.75999832,60.18000031,474.75,476.980011,64.08999634,71.51999664,40.56999969,63.24000168,28.78000069,95.95999908,97.37999725,50.17168863,35.54622807,13.35368139
2024-01-09 00:00:00,48.56000137,60.13999939,474.9299927,477.1700134,63.63999939,71.08000183,40.15999985,62.09000015,28.52000046,95.75,97.16999817,50.66211471,35.87769884,13.38244539
2024-01-10 00:00:00,48.29999924,60.40999985,477.4500122,479.6900024,63.79999924,71.61000061,40.13000107,61.59000015,28.28000069,95.86000061,97.05000305,51.48741657,35.97762688,13.50114479
2024-01-11 00:00:00,47.84000015,60.25999832,478.1199951,480.3500061,63.79000092,71.95999908,40.33000183,61.77999878,28.42000008,96.04000092,96.83000183,51.49055181,36.32378036,13.58636837
2024-01-12 00:00:00,47.66999817,60.45999908,478.6000061,480.8500061,63.97000122,72.62999725,40.66999817,61.77999878,28.73999977,96.48000336,97.26999664,50.85547068,36.79993858,13.56997735
2024-01-15 00:00:00,47.66999817,60.45999908,478.6000061,480.8500061,63.97000122,72.62999725,40.66999817,61.77999878,28.73999977,96.48000336,97.26999664,50.30950189,36.68135834,13.93382154
2024-01-16 00:00:00,47.22000122,60.43000031,476.6099854,478.8599854,62.74000168,71.55000305,39.97000122,59.49000168,28.26000023,95.95999908,95.79000092,49.7838217,36.43183887,14.06408858
2024-01-17 00:00:00,46.41999817,60.20999908,472.7900085,475.0400085,61.93999863,70.04000092,39.06000137,57.49000168,27.70999908,95.23000336,95,49.16395874,36.33583069,13.90240479
2024-01-18 00:00:00,47.56999969,60.22999954,477.0599976,479.2999878,62.47999954,70.69999695,39.34999847,58.56000137,27.63999939,95.16999817,94.58000183,49.3126129,37.71360558,13.81775801
2024-01-19 00:00:00,48.75999832,60.27999878,482.7200012,485.019989,62.5,71.06999969,39.65000153,59.31000137,27.79000092,94.95999908,94.16999817,49.18678392,37.74831845,13.85375997
2024-01-22 00:00:00,49.16999817,60.06999969,485.2200012,487.5400085,62.79000092,71.58999634,39.40999985,58.66999817,27.72999954,95.38999939,95.08000183,49.27547197,37.97259309,13.66505357
2024-01-23 00:00:00,48.93999863,60,485.1099854,487.4100037,62.47999954,71.26999664,39.59000015,58.95999908,27.65999985,95.01999664,93.98999786,48.22292844,37.54907867,13.5964515
2024-01-24 00:00:00,49.77000046,59.81000137,488.769989,491.1000061,63.52000046,71.87999725,40.29999924,59.68000031,28.11000061,95.37000275,94.54000092,48.22947192,36.17210394,13.55502
2024-01-25 00:00:00,50.29999924,59.16999817,488.3099976,490.6199951,63.36999893,71.62000275,40.29999924,59.09999847,27.95000076,95.16000366,94.22000122,47.94973783,35.80331883,13.83801453
2024-01-26 00:00:00,45.40999985,59.49000168,489.1199951,491.4500122,64.08000183,71.31999969,40.27000046,59.70000076,28.29000092,95.05000305,94.06999969,48.03721311,35.58312082,13.75033455
2024-01-29 00:00:00,43.99000168,59.79000092,491.4200134,493.769989,64.19999695,71.88999939,40.27000046,60.27000046,28.18000031,95.62000275,95.16999817,48.25090766,36.12469271,13.71341586
2024-01-30 00:00:00,43.81999969,60.02000046,491.6199951,493.980011,64.23999786,71.52999878,39.81999969,60.04000092,27.98999977,95.73999786,95.83999634,48.24683774,36.86846626,13.98459065
2024-01-31 00:00:00,43.79000092,60.45000076,489.0799866,491.4400024,64.55000305,72.23000336,39.97999954,60.25,28.29999924,96.48000336,96.91000366,48.43337668,37.19784893,14.32307554
2024-02-01 00:00:00,43.56999969,61.00999832,489.230011,491.6400146,64.34999847,72.22000122,39.93000031,61.33000183,28.37000084,97.11000061,98.66999817,48.748637,37.27464051,14.40271824
2024-02-02 00:00:00,43.13999939,60.86999893,496.0499878,498.4299927,63.83000183,72.02999878,39.66999817,62.72999954,28.11000061,95.90000153,96.62000275,49.01336265,37.47705753,14.65939325
2024-02-05 00:00:00,43.15000153,60.38000107,494.3800049,496.5499878,63.45000076,71.75,39.79000092,62.36999893,28.07999992,94.98999786,94.84999847,48.0265557,36.98234118,14.28805809
2024-02-06 00:00:00,42.77999878,60.04999924,494.3200073,496.6799927,63.84000015,71.84999847,40.72000122,62.34999847,28.62000084,95.23000336,95.15000153,47.88167298,36.41263351,14.13888144
2024-02-07 00:00:00,43.09999847,60.20999908,498.5299988,500.9400024,63.77000046,72.26000214,40.75,63.43999863,28.54999924,95.34999847,95.23000336,48.16701294,36.7480216,14.16973457
2024-02-08 00:00:00,42.97000122,59.97000122,498.7099915,501.0899963,63.70999908,71.90000153,40.58000183,63.38999939,28.42000008,94.83999634,94.30000305,47.35215221,36.42998756,14.20125537
2024-02-09 00:00:00,43.52000046,59.58000183,501.6499939,504.0700073,63.86999893,72.22000122,40.66999817,63.72000122,28.17000008,94.56999969,94.01000214,47.51556007,37.10434456,14.43788101
2024-02-12 00:00:00,45.04000092,59.75999832,503.5,505.9200134,64.05000305,72.87000275,41,65.05000305,28.39999962,94.69000244,94.13999939,48.52712402,37.08907865,14.22956814
2024-02-13 00:00:00,43.63000107,60.65999985,497.0899963,503.2799988,63.02000046,72.16999817,40.49000168,63.31000137,28,93.97000122,93.05999756,48.5341074,37.06182533,14.19335321
2024-02-14 00:00:00,44.29000092,59.59000015,499.0700073,501.5,63.56000137,72.31999969,40.68999863,63.90000153,28.13999939,94.05999756,93.05000305,49.60717165,36.38698632,14.22743756
2024-02-15 00:00:00,45.27000046,59.59000015,502.2000122,504.6300049,64.25,72.94999695,40.90000153,63.84000015,28.25,94.40000153,93.72000122,50.65041142,36.25966177,14.17708786
2024-02-16 00:00:00,44.22000122,59.61999893,502.8699951,505.2900085,64.59999847,73.33000183,41.22000122,64.48999786,28.45999908,93.79000092,92.84999847,52.16076701,36.47473925,14.23711756
2024-02-19 00:00:00,44.22000122,59.61999893,502.8699951,505.2900085,64.59999847,73.33000183,41.22000122,64.48999786,28.45999908,93.79000092,92.84999847,54.03871963,36.50923998,14.67936281
2024-02-20 00:00:00,45.16999817,60.84000015,498.4100037,500.8500061,64.80000305,73.55000305,41.31999969,64.56999969,28.65999985,94.12000275,93.19000244,54.88211684,36.44122208,14.72754053
2024-02-21 00:00:00,44.68999863,61.27999878,497.3699951,499.7799988,64.77999878,73.30000305,41.34999847,64.31999969,28.62000084,94.01999664,92.90000153,55.37105561,36.36685066,15.15285444
2024-02-22 00:00:00,44.68000031,61.25,508.4899902,510.9400024,65.43000031,74.16000366,41.61999893,65.15000153,28.67000008,93.79000092,92.76000214,57.75598257,37.66145034,15.67120752
2024-02-23 00:00:00,43.50999832,61.61999893,510.1300049,512.6300049,65.55999756,74.31999969,41.63000107,65.22000122,28.38999939,94.11000061,94,59.58260466,38.94080964,15.85492477
2024-02-26 00:00:00,43.68000031,61.27000046,508.75,511.2200012,65.51999664,74.12000275,41.52999878,64.43000031,28.27000046,94.05999756,94.02999878,58.6744395,38.58826529,15.89152206
2024-02-27 00:00:00,43.27000046,60.77999878,507.1600037,509.6300049,65.58999634,74.12000275,41.63999939,63.77000046,28.78000069,93.91999817,93.47000122,58.82654762,38.62448466,15.90643802
2024-02-28 00:00:00,42.45000076,60.49000168,506.8599854,509.2999878,65.30999756,73.73999786,41.29000092,64.31999969,28.61000061,94.02999878,93.59999847,58.96973866,38.17180933,15.598447
2024-02-29 00:00:00,43.15000153,60.63999939,509.7399902,512.210022,65.51999664,74.26999664,41.18999863,64.58000183,28.21999931,94.33000183,94.30000305,60.02279341,37.98910975,15.65151322
2024-03-01 00:00:00,44.27000046,59.90000153,513.289978,515.7999878,65.77999878,75.05999756,41.63000107,65.12999725,28.43000031,94.45999908,94.51000214,63.37983627,39.95959797,15.93333733
2024-03-04 00:00:00,46.61000061,59.95000076,514.2000122,516.7199707,65.80000305,74.80999756,41.59999847,65.73000336,28.25,94.29000092,94.16000366,65.46964184,41.71572233,16.20519714
2024-03-05 00:00:00,44.86999893,60.11000061,510.7000122,513.1699829,65.79000092,75.12999725,41.34999847,64.93000031,28.13999939,94.94000244,95.68000031,65.87130507,41.24889046,16.24571686
2024-03-06 00:00:00,45.50999832,60,512.0700073,514.5800171,66.26000214,76.08000183,41.79000092,65.26999664,28.36000061,95.19000244,96.16999817,65.81120553,41.29081428,16.00813107
2024-03-07 00:00:00,46.41999817,59.77000046,515.8900146,518.4299927,67.22000122,76.26000214,41.88000107,65.88999939,28.35000038,95.22000122,96.40000153,65.8422594,41.83594238,16.02119194
2024-03-08 00:00:00,46.63000107,59.79000092,518.2199707,520.7800293,67.34999847,76.75,42.00999832,66.98999786,27.93000031,95.38999939,96.05000305,66.51288067,42.80405037,16.22452927
2024-03-11 00:00:00,44.93000031,60.29000092,511.8800049,514.3599854,66.87999725,75.19999695,42,66.33999634,27.84000015,95.29000092,96.01000214,66.83892673,42.48618245,16.32600657
2024-03-12 00:00:00,45.27000046,60.75,517.3800049,519.9199829,67.5,75.55999756,42.24000168,67.26999664,27.95000076,94.87000275,95.20999908,66.53479489,41.92076672,16.9990632
2024-03-13 00:00:00,44.97999954,61.20999908,517.289978,519.8400269,67.77999878,75.41000366,42.06999969,67.18000031,28.29999924,94.65000153,94.73999786,67.94626122,41.65067425,17.01855507
2024-03-14 00:00:00,43.34999847,60.79999924,517.1300049,519.6799927,67.59999847,75.40000153,42.06000137,67.58000183,28.25,94.16999817,93.75,67.46722502,41.73494375,17.43650104
2024-03-15 00:00:00,43.15000153,60.45000076,511.7000122,515.7999878,66.91999817,74.65000153,41.77000046,65.91000366,28.09000015,93.81999969,93.19000244,66.91563785,41.678883,17.51277836
2024-03-18 00:00:00,43.38000107,60.40000153,515.4799805,519.6500244,66.65000153,75.23000336,41.91999817,66.16999817,28.15999985,93.69999695,92.98999786,63.0203982,41.24971519,17.4420092
2024-03-19 00:00:00,42.29000092,60.34999847,516,520.1400146,66.61000061,75.44999695,41.59999847,65.40000153,27.93000031,93.94000244,93.26999664,62.35045834,41.49060915,17.05442216
2024-03-20 00:00:00,43.00999832,60.81000137,520.6199951,524.8099976,67.23999786,76.08999634,41.86999893,66.83000183,28.51000023,94.34999847,93.79000092,61.43474772,41.27448372,16.78962049
2024-03-21 00:00:00,43.59999847,60.99000168,524.1099854,526.6599731,67.25,76.56999969,42.09000015,68.19999695,28.55999947,94.27999878,93.43000031,62.90394814,41.78665121,17.02182117
2024-03-22 00:00:00,42.79999924,60.79000092,522.6099854,525.1699829,67.01000214,76.40000153,41.70999908,67.25,28.22999954,94.55999756,94.20999908,61.91675767,41.40445758,16.89099279
2024-03-25 00:00:00,42.22000122,60.70999908,520.9500122,523.4799805,67.18000031,75.97000122,41.66999817,67.61000061,28.21999931,94.41000366,93.75,60.84809035,40.3134346,16.75527126
2024-03-26 00:00:00,42.27000046,60.70999908,521.5800171,524.1300049,67.31999969,76.19000244,41.65000153,67.84999847,28.23999977,94.41000366,93.87000275,62.05214224,40.4413147,16.80842142
2024-03-27 00:00:00,43.83000183,61.43000031,523.210022,525.7700195,67.47000122,76.31999969,41.63999939,67.31999969,28.37999916,94.79000092,94.69999695,63.90018821,40.4743287,16.66961432
2024-03-28 00:00:00,44.59999847,61.25999832,524.6099854,527.1599731,67.43000031,76.16000366,41.88999939,67.27999878,28.52000046,94.76999664,95.01999664,65.48069741,40.87812324,16.78021725
2024-03-29 00:00:00,44.59999847,61.25999832,524.6099854,527.1599731,67.43000031,76.16000366,41.88999939,67.27999878,28.52000046,94.76999664,95.01999664,65.53030447,40.90909181,16.79292966
2024-04-01 00:00:00,45.40999985,61.29999924,524.3800049,526.960022,67.66000366,75.66999817,42.18999863,67.43000031,28.52000046,93.98999786,93.30000305,65.58744106,40.94476089,16.8075716
2024-04-02 00:00:00,44.08000183,60.72999954,518.9799805,521.5200195,66.68000031,75.08999634,42.24000168,66.79000092,28.35000038,93.37000275,92.19999695,64.35982922,41.02371029,16.56002984
2024-04-03 00:00:00,41.65000153,60.38999939,520.9500122,523.5100098,67.19999695,75.47000122,42.20999908,66.61000061,28.47999954,93.44000244,92.05000305,64.14207208,40.3257568,16.62663123
2024-04-04 00:00:00,40.77999878,60.15000153,523.8699951,526.4299927,67.59999847,75.93000031,42.58000183,67.55000305,28.88999939,93.77999878,92.76000214,64.3977708,40.04301465,16.573886
2024-04-05 00:00:00,39.45999908,59.68000031,520.4400024,523,66.87000275,75.23000336,42.20000076,66.30999756,28.32999992,93.54000092,92.18000031,64.71779785,40.38542268,16.68505726
2024-04-08 00:00:00,38.86000061,59.47000122,520.1799927,522.7399902,67.26999664,75.52999878,42.45999908,66.40000153,28.78000069,93.05999756,91.58999634,65.02032411,40.40097809,17.04416263
2024-04-09 00:00:00,38.58000183,59.74000168,520.75,523.2800293,67.40000153,75.87000275,42.81999969,65.95999908,29.04999924,93.37999725,92.36000061,65.15551401,39.9382278,17.06394012
2024-04-10 00:00:00,38.22000122,59.38999939,516.1599731,518.6900024,66.44000244,74.45999908,42.40999985,63.95999908,28.57999992,92.56999969,91.30000305,63.49349373,39.68103099,16.98804522
2024-04-11 00:00:00,37.66999817,59.36999893,519.4799805,522.0200195,66.33999634,75.05000305,42.47000122,65.16999817,28.31999969,92.26999664,90.44000244,63.09297805,39.61885681,16.47442337
2024-04-12 00:00:00,36.70000076,59.00999832,515.8200073,518.3499756,65.84999847,74.29000092,42,63.15000153,28.10000038,92.55999756,90.94999695,63.02494895,39.67307544,16.69784504
2024-04-15 00:00:00,36.70000076,58.81000137,515.2999878,517.8099976,66.01999664,74.30999756,41.84999847,63.34000015,27.62000084,91.73999786,89.26000214,62.80764914,38.94323483,16.54931707
2024-04-16 00:00:00,36.50999832,58.38000107,506.5,508.9899902,64.76000214,72.38999939,40.99000168,61.58000183,26.95000076,91.52999878,88.58000183,61.42796652,38.08907347,16.30610662
2024-04-17 00:00:00,36.13000107,58.56000137,506.2200012,508.6700134,65.06999969,72.06999969,41.15000153,61.27000046,27.09000015,92.01000214,89.37999725,60.91026208,37.23086783,16.16030991
2024-04-18 00:00:00,35.65999985,58.97999954,504.1300049,506.5799866,64.95999908,72.26999664,41.20000076,62.40000153,27.05999947,91.84999847,89.26999664,61.02345276,37.79717941,16.23971069
2024-04-19 00:00:00,35.13000107,60.36000061,500.4599915,502.8900146,64.90000153,71.79000092,40.95000076,61.79000092,27.12999916,91.86000061,89.38999939,61.12486591,38.18360735,16.16895425
2024-04-22 00:00:00,34.56999969,60.63000107,502.3800049,504.8299866,65.62999725,72.48999786,41.27000046,62.88000107,27.31999969,91.81999969,89.12000275,61.01258534,38.85994279,16.1132629
2024-04-23 00:00:00,34.59999847,60.68000031,506.0899963,508.5499878,66.41999817,72.65000153,41.61000061,63.04999924,27.62000084,92.09999847,89.54000092,63.85080732,39.6443117,16.12943024
2024-04-24 00:00:00,35.18000031,61.65000153,507.3699951,509.8500061,66.30000305,72.91999817,41.79999924,63.59000015,27.46999931,91.69000244,88.62999725,66.25156107,41.09589314,16.36363745
2024-04-25 00:00:00,35.29999924,62.59000015,504.269989,506.75,65.98999786,72.12000275,41.86999893,63.08000183,27.30999947,91.33000183,87.90000153,66.10693771,42.05083206,16.37179062
2024-04-26 00:00:00,32.24000168,61.93000031,509.8800049,512.3900146,66.51999664,72.61000061,42.34000015,63.40999985,27.86000061,91.62999725,88.61000061,67.47392057,43.15628958,16.76215305
2024-04-29 00:00:00,31.90999985,62.04999924,510.75,513.2700195,66.68000031,73.43000031,42.74000168,64.08999634,28.04999924,91.87999725,89.01999664,67.93189176,43.38008005,16.88914436
2024-04-30 00:00:00,31.18000031,62.83000183,509.5599976,512.0599976,66.44999695,73.26000214,42.47999954,63.72000122,27.84000015,91.65000153,88.73000336,69.20458421,45.08973817,17.53350264
2024-05-01 00:00:00,31.04000092,62.56999969,508.1900024,510.6900024,66.30000305,73.23999786,42.61000061,64.13999939,27.79999924,91.86000061,89.20999908,68.07027186,43.40332004,17.01160342
2024-05-02 00:00:00,30.67000008,62.40000153,505.8900146,508.3699951,66.33000183,74.02999878,43.34999847,64.63999939,27.95000076,92.01000214,89.01000214,68.21402397,43.88769925,16.67732571
2024-05-03 00:00:00,31.05999947,62.33000183,512.5499878,515.0300293,67.18000031,74.87999725,43.65000153,65.29000092,28.35000038,92.69999695,90.12000275,64.45868554,40.9876968,15.87639998
2024-05-06 00:00:00,31.20000076,62.38000107,516.6099854,519.1900024,67.37000275,75.20999908,43.59999847,65.83999634,28.5,92.63999939,90.25,64.46111197,40.9892397,15.87699762
2024-05-07 00:00:00,31.45000076,62.81999969,518.5700073,521.1199951,67.94000244,74.97000122,43.34000015,65.91999817,28.69000053,93.01999664,91.23999786,60.03591878,37.99344233,15.1722573
2024-05-08 00:00:00,30.14999962,62.97000122,517.7399902,520.2800293,68.05000305,74.23000336,43.24000168,65.91000366,28.62000084,92.66000366,90.45999908,60.06925905,37.19168484,14.53913596
2024-05-09 00:00:00,30.38999939,63.15000153,520.210022,522.789978,68.62000275,74.44000244,43.38999939,65.22000122,28.60000038,92.87000275,90.76999664,60.84229766,36.17452005,14.46722396
2024-05-10 00:00:00,30.45999908,63.36000061,522.6400146,525.25,69.05000305,74.52999878,43.68999863,65.43000031,28.79000092,92.63999939,90.37999725,62.87890196,37.89017498,14.62999153
2024-05-13 00:00:00,31.12999916,63.61999893,522.6699829,525.2700195,69.16000366,74.36000061,43.93999863,65.19999695,28.79000092,92.76999664,90.61000061,63.24041677,38.25732143,14.65174012
2024-05-14 00:00:00,31.11000061,63.75999832,523.8300171,526.4199829,69.58000183,74.48000336,44.02999878,65.59999847,28.55999947,92.91999817,90.91999817,63.06057353,38.94178843,14.571766
2024-05-15 00:00:00,31.39999962,63.38999939,530.0800171,532.7399902,70.30999756,75.37000275,44.40999985,66.94999695,28.56999969,93.65000153,92.26000214,59.33952748,37.69287058,13.65123702
2024-05-16 00:00:00,32.25999832,63.72999954,531.5200195,534.1799927,70.19000244,75.30000305,44.65000153,66.83000183,28.53000069,93.61000061,92.41999817,53.48848792,33.94583753,12.43623207
2024-05-17 00:00:00,32.11000061,63.36999893,529.5200195,532.1699829,70.11000061,75.27999878,44.97000122,65.66999817,28.53000069,93.33000183,91.80000305,55.44003099,35.03809959,13.9379409
2024-05-20 00:00:00,32.41999817,63.00999832,531.5599976,534.2399902,70.25,75.54000092,44.86000061,65.43000031,28.62000084,93.05999756,91.31999969,54.12960491,35.35565348,13.18932627
2024-05-21 00:00:00,32.24000168,62.97999954,531.5200195,534.1799927,70.06999969,75.18000031,44.61999893,64.98999786,28.51000023,93.29000092,91.76999664,54.72703357,34.95481193,13.27011769
2024-05-22 00:00:00,32.06999969,63.02000046,531.3800049,534.0200195,69.76000214,74.41999817,44.59999847,64.84999847,28.15999985,93.19999695,91.77999878,53.5782386,35.09978478,13.24520157
2024-05-23 00:00:00,31.56999969,62.88000107,533.0700073,535.7399902,70.08999634,74.73000336,44.56999969,65.08999634,27.96999931,93.13999939,91.80000305,51.58376987,34.91922276,12.7973545
2024-05-24 00:00:00,31.02000046,62.41999817,530.2700195,532.9299927,69.80000305,74.34999847,44.31999969,64.23999786,27.70000076,92.88999939,91.47000122,52.04564929,34.7229019,12.79561329
2024-05-27 00:00:00,31.02000046,62.41999817,530.2700195,532.9299927,69.80000305,74.34999847,44.31999969,64.23999786,27.70000076,92.88999939,91.47000122,52.21799028,34.83788133,12.83798395
2024-05-28 00:00:00,31.37000084,62.13000107,530.5100098,533.1599731,69.93000031,74.86000061,44.34000015,65.26000214,27.79999924,92.98000336,91.36000061,51.34493451,34.48540378,12.8082239
2024-05-29 00:00:00,30.67000008,61.88000107,527.3099976,529.9500122,68.87000275,73.41000366,43.61999893,63.5,27.20999908,92.13999939,89.40000153,51.41617602,34.00101963,12.63077277
2024-05-30 00:00:00,30.5,62.08000183,525.2000122,527.8300171,69.37000275,73.77999878,43.56000137,62.81000137,27.29000092,92.38999939,89.97000122,49.26821485,33.58619285,12.31705371
2024-05-31 00:00:00,30.95999908,63.02999878,527.5,530.1900024,69.87000275,74.30000305,43.09999847,62.40999985,27.13999939,92.81999969,90.66000366,48.24829494,33.31024012,12.41216031
2024-06-03 00:00:00,31.06999969,63.09000015,529.3099976,531.8300171,70.12999725,74.87000275,43.74000168,63.31999969,26.85000038,93.18000031,91.66999817,48.3624348,33.38855841,12.42513147
2024-06-04 00:00:00,30.75,63.97000122,529.1500244,531.8200073,69.81999969,74.80999756,42.86999893,63.15999985,26.13999939,93.73000336,92.80000305,48.3583762,33.24238046,12.09279659
2024-06-05 00:00:00,30.84000015,64.06999969,534.6900024,537.4299927,70.41000366,74.83000183,43.40000153,64.19999695,26.45000076,93.98999786,93.34999847,47.92313498,33.01826664,11.48294844
2024-06-06 00:00:00,30.59000015,64.36000061,535.4199829,538.0900269,70.68000031,74.93000031,43.63999939,64.75,26.85000038,94.02999878,93.43000031,49.06790181,33.26637411,11.41292527
2024-06-07 00:00:00,30.78000069,64.22000122,536.8900146,539.6199951,70.18000031,74.51999664,43.54000092,64.20999908,26.37999916,93.16000366,91.83000183,49.38208337,33.2625432,11.43719755
2024-06-10 00:00:00,30.95000076,63.99000168,535.9899902,538.6900024,69.58999634,74.70999908,43.52000046,64.23999786,25.62999916,92.83999634,91.05999756,47.99001926,32.29079032,11.06189038
2024-06-11 00:00:00,31.03000069,63.65000153,537.0100098,538.1400146,68.87999725,73.93000031,43.36000061,63.86000061,24.90999985,93.26000214,91.87000275,47.78751971,32.49081745,10.81741458
2024-06-12 00:00:00,31.47999954,63.68999863,544.1199951,545.2299805,70.19999695,75.08000183,43.93000031,65.87000275,24.81999969,94.31999969,93.56999969,47.52197597,32.87042842,10.76570233
2024-06-13 00:00:00,30.57999992,63.04000092,543.3300171,544.4699707,69.27999878,73.80999756,43.84000015,65.33000183,24.54000092,94.51999664,93.98999786,49.90530753,31.60669477,11.15831491
2024-06-14 00:00:00,30.55999947,62.68999863,542.8099976,543.960022,67.70999908,73.55999756,43.77000046,64.56999969,24.45000076,94.69000244,94.83999634,49.8724485,30.35714257,11.09693867
2024-06-17 00:00:00,31,62.90000153,548.5300293,549.5900269,68.13999939,73.51000214,44.04999924,65.27999878,24.29000092,94.22000122,93.80999756,49.02023028,30.50288585,11.28797023
2024-06-18 00:00:00,31.46999931,62.81999969,548.6199951,549.7700195,68.51000214,73.69999695,44.43000031,65.75,24.70000076,94.68000031,94.59999847,49.33807106,31.02703438,11.5715579
2024-06-19 00:00:00,31.46999931,62.81999969,548.6199951,549.7700195,68.51000214,73.69999695,44.43000031,65.75,24.70000076,94.68000031,94.59999847,49.04198651,31.6415485,11.32233724
2024-06-20 00:00:00,31.11000061,62.74000168,550.1199951,551.289978,68.75,73.68000031,44.45999908,65.86000061,24.84000015,94.36000061,94,50.82438477,32.57824018,11.56429681
2024-06-21 00:00:00,31.36000061,63.09999847,545.6500244,548.5700073,67.16000366,73.02999878,44.09000015,65.37000275,24.82999992,94.59999847,94.48000336,50.70518716,32.47410863,11.69827539
2024-06-24 00:00:00,31.42000008,64.05999756,546.9500122,549.8800049,67.97000122,73.68000031,44.22999954,65.51999664,25.20000076,94.43000031,94.33999634,51.63043357,33.0510609,11.81749214
2024-06-25 00:00:00,30.82999992,64.06999969,545.2000122,548.1400146,67.59999847,73.91000366,43.93000031,65.12000275,24.95999908,94.55000305,94.55000305,52.63625312,33.31836673,12.02389589
2024-06-26 00:00:00,30.68000031,64.11000061,546.2399902,549.1699829,67.04000092,73.68000031,43.72000122,65.45999908,24.73999977,94.08999634,93.47000122,51.43360846,33.10523257,12.08784929
2024-06-27 00:00:00,30.65999985,64.26999664,546.960022,549.8599854,67.12000275,74.06999969,43.81999969,66.06999969,24.87000084,94.23999786,93.70999908,51.6862698,32.81667924,12.14217132
2024-06-28 00:00:00,31.30999947,64.05999756,550.2800293,553.25,66.91999817,74.62000275,43.95000076,66.58000183,24.88999939,94.37999725,93.76999664,51.58044908,32.94215713,12.4939928
2024-07-01 00:00:00,31.02000046,64.30000305,545.8800049,548.8300171,67.55999756,74.37999725,44.08000183,66.51000214,24.95000076,93.11000061,91.08000183,52.30205113,33.32911844,12.52213558
2024-07-02 00:00:00,31.30999947,63.38000107,549.0100098,552.0100098,67.01000214,74.5,44.04000092,66.19000244,24.80999947,93.12999725,90.80999756,53.04888644,33.4479868,12.50663854
2024-07-03 00:00:00,31.34000015,63.66999817,551.8300171,554.8099976,67.84999847,75.33000183,44.68000031,66.98999786,25.27000046,93.68000031,91.88999939,52.14199502,33.56599103,13.22335072
2024-07-04 00:00:00,31.34000015,63.66999817,551.8300171,554.8099976,67.84999847,75.33000183,44.68000031,66.98999786,25.27000046,93.68000031,91.88999939,51.50105081,34.4190191,13.35967853
2024-07-05 00:00:00,32.34000015,63.79000092,555.0499878,558.0599976,68.5,75.80000305,44.70000076,69.01000214,25.38999939,94.22000122,92.73000336,53.19148918,35.39721403,13.52109797
2024-07-08 00:00:00,34.09000015,63.59000015,556.25,559.2600098,68.59999847,75.68000031,44.79999924,68.61000061,25.54999924,94.26000214,92.84999847,56.09250741,36.81871206,13.85664224
2024-07-09 00:00:00,35.22000122,63.22999954,557.1799927,560.1300049,67.76999664,75.65000153,44.86999893,68.34999847,25.90999985,94.16999817,92.68000031,56.26041352,36.9353577,14.02024884
2024-07-10 00:00:00,34.97000122,62.86000061,561.6699829,564.710022,68.38999939,76.69999695,45.04000092,68.81999969,26.12999916,94.19999695,92.68000031,55.81841326,37.65984583,13.5805624
2024-07-11 00:00:00,35.15000153,63.45999908,562.3300171,565.3599854,69.04000092,77.23999786,45.59000015,69.51999664,26.32999992,94.98000336,94.13999939,56.55163765,37.94091681,13.82944593
2024-07-12 00:00:00,35.47999954,64.11000061,563.6699829,566.7299805,69.76999664,77.63999939,45.72999954,68.97000122,26.60000038,94.94999695,93.94000244,57.05830223,38.57735723,14.08687416
2024-07-15 00:00:00,35.22999954,63.93999863,564.8400269,567.8800049,69.26999664,77.38999939,45.34000015,68.26999664,26.54000092,94.83000183,93.30000305,58.93412647,39.41908569,14.393153
2024-07-16 00:00:00,34.45000076,64.30999756,565.1599731,568.2399902,69.02999878,77.58000183,45.40999985,68.30999756,26.53000069,95.08000183,94.20999908,59.20805231,39.68820155,14.63016057
2024-07-17 00:00:00,37.15999985,65.38999939,560.5100098,563.5100098,68.94000244,77.41000366,45.00999832,67.45999908,26.36000061,95.20999908,94.40000153,59.50272278,40.23084855,14.79457011
2024-07-18 00:00:00,36.29999924,65.80999756,559.5200195,562.5599976,68.98999786,77.05999756,44.84999847,66.94000244,26,95.15000153,94.13999939,59.44406332,40.39307228,14.56834812
2024-07-19 00:00:00,34.58000183,65.63999939,554.0800171,557.0100098,67.91000366,75.98999786,44.22999954,66.02999878,25.81999969,94.69999695,93.16000366,59.1244701,40.15024257,14.24686027
2024-07-22 00:00:00,33.40999985,65.29000092,555.2700195,558.2800293,68.62999725,75.97000122,44.31999969,65.90000153,25.77000046,94.76000214,93.51999664,57.48761566,39.00622021,14.22640657
2024-07-23 00:00:00,33.22999954,66.04000092,556.7399902,559.7299805,68.25,75.98999786,43.95000076,65.77999878,25.47999954,94.75,93.02999878,56.90268373,38.66796008,14.04461694
2024-07-24 00:00:00,32.79999924,65.97000122,549.1699829,552.1400146,68.08000183,75.51000214,43.79999924,65.51999664,25.20999908,94.87999725,92.84999847,57.02490077,37.28551204,13.93368616
2024-07-25 00:00:00,31.98999977,66.88999939,547.460022,550.4299927,67.75,74.40000153,43.54999924,64.66999817,24.97999954,94.87999725,92.86000061,57.46904157,37.53870056,13.90608907
2024-07-26 00:00:00,31.55999947,67.11000061,547.1900024,550.1500244,68.20999908,74.76000214,43.81000137,65.22000122,24.98999977,95.04000092,93.15000153,59.39830291,38.89174595,13.93674467
2024-07-29 00:00:00,31.46999931,67.02999878,547.0499878,550.0200195,67.84999847,74.80000305,43.70000076,65.30000305,24.94000053,95.26000214,93.69000244,60.60996008,39.827564,13.93643031
2024-07-30 00:00:00,30.90999985,67.83000183,547.3400269,550.2700195,68.02999878,74.91000366,43.61999893,65.13999939,24.67000008,95.47000122,94.05000305,60.34877341,41.21762238,13.83780396
2024-07-31 00:00:00,30.87000084,67.61000061,553.5,556.4000244,68.83000183,76.90000153,44.40999985,66.93000031,25,96.08000183,94.83999634,60.33376503,39.98459878,13.83825504
2024-08-01 00:00:00,30.70999908,68.11000061,554.8699951,557.8200073,68.18000031,75.22000122,44.16999817,66.48000336,25,96.43000031,95.91000366,59.38150513,40.23032707,13.98421593
2024-08-02 00:00:00,21.97999954,69.66999817,536.9899902,539.8599854,66.70999908,72.25,43.11000061,64.13999939,24.04999924,97.75,98.37000275,55.37098342,38.0595955,13.18720433
2024-08-05 00:00:00,20.38999939,69.55000305,523.5800171,526.3900146,65.48000336,70.11000061,42.13999939,60.59000015,23.55999947,98.58000183,99.94000244,52.55821499,35.74214377,12.86461418
2024-08-06 00:00:00,20.62999916,68.83999634,529.75,532.5900269,65.58000183,70.19000244,42.49000168,60.09000015,24.17000008,97.58000183,98.41000366,54.54383035,36.63964219,12.9421703
2024-08-07 00:00:00,20.25,69.18000031,531.5900269,534.460022,66.26000214,71.91000366,43.13000107,61.83000183,24.45000076,96.73000336,96.44999695,52.00735998,36.21488116,12.68472195
2024-08-08 00:00:00,20.54999924,68.86000061,531.289978,534.1400146,66.30999756,72.04000092,43.47000122,61.65999985,24.87000084,96.33999634,95.40000153,52.87717609,35.75866585,12.68037796
2024-08-09 00:00:00,20.14999962,68.79000092,534.5100098,537.3499756,66.69999695,72.04000092,43.63999939,62.36000061,25.30999947,96.79000092,96.54000092,52.0733717,37.03136959,13.02790352
2024-08-12 00:00:00,19.96999931,68.54000092,535.7299805,538.6300049,66.66000366,72.58000183,43.86000061,62.59000015,25.52000046,96.98000336,96.81999969,53.16910962,36.52985589,13.31140298
2024-08-13 00:00:00,20.47999954,68.61000061,542.2800293,545.25,67.41999817,73.97000122,44.11000061,63.61000061,25.72999954,97.36000061,97.36000061,53.3198792,36.46185752,13.35870507
2024-08-14 00:00:00,20.5,68.88999939,544.960022,547.9199829,67.86000061,73.94999695,44.02000046,63.77999878,25.93000031,97.62999725,98.16000366,53.6541427,38.60010266,13.0725681
2024-08-15 00:00:00,21.05999947,68.91999817,553.3599854,556.3900146,68.55000305,75.22000122,44.34999847,64.77999878,26.39999962,96.87999725,97.09999847,55.35599716,40.08980095,13.34188576
2024-08-16 00:00:00,20.89999962,69.30000305,555.0200195,558.0499878,68.86000061,75.62000275,44.75,65.58000183,26.44000053,97.08999634,97.54000092,56.3885601,40.50717545,13.2452034
2024-08-19 00:00:00,21.86000061,69.41999817,559.6099854,562.6799927,69.65000153,76.75,45.25999832,66.37999725,26.82999992,97.30999756,98.16000366,56.70857127,39.93811119,13.30968294
2024-08-20 00:00:00,21.22999954,69.38999939,560.8400269,563.9299927,69.62999725,76.63999939,44.99000168,66.43000031,26.59000015,97.62999725,98.86000061,57.02779667,40.14029424,13.43205963
2024-08-21 00:00:00,21.44000053,70.12999725,562.1099854,565.1799927,70.08000183,77.23999786,45.02000046,66.72000122,26.55999947,98.01000214,99.19999695,57.94249039,40.27948151,14.05219452
2024-08-22 00:00:00,21.39999962,69.91999817,563.1799927,566.289978,70.23000336,77.33999634,44.84999847,66.27999878,26.09000015,97.56999969,98.30000305,58.72417168,40.58972847,14.03618998
2024-08-23 00:00:00,20.93000031,69.84999847,563.0900269,566.2000122,70.79000092,78.20999908,45.15000153,67.23999786,26.40999985,97.86000061,98.66999817,58.28497666,39.78034716,13.90980791
2024-08-26 00:00:00,20.55999947,70.91999817,563.9099731,567.0200195,70.73999786,77.83999634,44.93999863,66.66000366,26.55999947,97.97000122,98.69999695,58.79632884,40.12935248,14.03184297
2024-08-27 00:00:00,20.26000023,71.52999878,562.0599976,565.1400146,70.93000031,78,44.86999893,66.38999939,26.40999985,97.69999695,98.08000183,59.16496155,41.0263167,13.69302789
2024-08-28 00:00:00,20.11000061,71.80999756,561.6500244,564.7600098,70.76999664,78.04000092,44.75,66.08999634,26.20999908,97.73000336,98.19999695,60.71935515,41.82741605,13.76128617
2024-08-29 00:00:00,20.60000038,72.22000122,563.6799927,566.789978,71.11000061,78.19999695,44.81999969,66.06999969,25.86000061,97.44999695,97.63999939,60.88872339,41.95582674,13.54196905
2024-08-30 00:00:00,22.12000084,72.56999969,564.2000122,567.3300171,71.08999634,78.16999817,44.88999939,65.72000122,25.96999931,97.55000305,97.98999786,60.63040005,42.59269146,13.66652666
2024-09-02 00:00:00,22.12000084,72.56999969,564.2000122,567.3300171,71.08999634,78.16999817,44.88999939,65.72000122,25.96999931,97.55000305,97.98999786,61.04765797,42.53643265,13.4961274
2024-09-03 00:00:00,21.69000053,73.29000092,560.8099976,563.8699951,70.48000336,77.65000153,44.45000076,64.73999786,25.85000038,97.56999969,98.05999756,60.78168586,40.87157687,13.70143978
2024-09-04 00:00:00,20.04999924,73.52999878,554.4299927,557.4299927,69.72000122,76.55999756,44.25,63.79000092,25.80999947,98.04000092,99.02999878,58.8821569,39.34219837,13.29766305
2024-09-05 00:00:00,19.89999962,72.68000031,553.7999878,556.7700195,69.52999878,76.70999908,44.31000137,63.33000183,25.76000023,98.30000305,99.68000031,58.49413484,38.77701074,13.1184599
2024-09-06 00:00:00,19.48999977,71.66999817,551.5999756,554.5499878,69.52999878,75.98999786,44.22999954,62.41999817,25.84000015,98.84999847,100.7799988,56.79497263,38.23975071,13.2301978
2024-09-09 00:00:00,19.54000092,72.30999756,547.710022,550.7000122,69.01999664,75.95999908,43.88999939,61.90000153,25.51000023,98.56999969,100.0999985,54.73285454,38.28373093,13.15962209
2024-09-10 00:00:00,19.11000061,72.41999817,549.1500244,552.1599731,68.58000183,75.51000214,43.74000168,61.41999817,25.44000053,98.97000122,100.9100037,54.89980459,37.97981642,13.33280969
2024-09-11 00:00:00,19.69000053,71.37000275,555.3599854,558.4099731,68.86000061,75.87999725,44.02000046,61.72000122,25.39999962,99.15000153,101.2399979,54.8063475,37.27878052,13.13259496
2024-09-12 00:00:00,19.54000092,71.37999725,559.4000244,562.4400024,69.33999634,76.58000183,44.27999878,62.54000092,25.63999939,98.87999725,100.5500031,54.43995529,37.82370675,13.01343123
2024-09-13 00:00:00,19.79999924,71.47000122,563.0300293,566.1599731,69.94000244,76.83999634,44.52999878,63.50999832,26.11000061,99,100.6100006,54.10516596,37.68976367,13.26364505
2024-09-16 00:00:00,21.06999969,72.23999786,563.1099854,566.2600098,70.27999878,77.20999908,44.66999817,63.72999954,26.20000076,99.18000031,101.3700027,54.25992922,38.03450244,13.40075734
2024-09-17 00:00:00,22.57999992,72.34999847,566.5800171,569.6900024,70.33999634,77.11000061,44.84999847,63.88000107,26.14999962,99.13999939,101.6399994,53.50348771,37.58124609,13.36926656
2024-09-18 00:00:00,21.73999977,72.37999725,568.6900024,571.8400269,70.66999817,77.29000092,45.04999924,64.48999786,26.43000031,99.05000305,100.7300034,52.48627074,37.46131846,13.03574878
2024-09-19 00:00:00,21.69000053,71.94000244,572.8800049,576.0999756,71.19999695,78.22000122,45.52000046,64.08999634,26.38999939,98.47000122,99.30999756,53.39863608,38.21731803,13.1087381
2024-09-20 00:00:00,23.13999939,71.80000305,569.3099976,574.210022,70.22000122,77.48999786,45.45999908,63.40000153,26.02000046,98.55000305,99.25,53.7912882,38.18517372,13.13569976
2024-09-23 00:00:00,22.81999969,72.19999695,570.3300171,575.2800293,70.08999634,77.87999725,45.79999924,63.84999847,25.62999916,98.44999695,99.08999634,52.65680545,36.87973479,13.04770401
2024-09-24 00:00:00,23.11000061,71.81999969,571.3599854,576.3499756,70.69999695,77.88999939,47.33000183,65.06999969,26.32999992,98.5,98.88999939,52.79880361,36.97918736,13.04283973
2024-09-25 00:00:00,24.05999947,71.91999817,571.8900146,574.6500244,70.90000153,77.83000183,47.06999969,64.05000305,26.23999977,98.26999664,98.31999969,52.29942813,35.99814504,12.71567611
2024-09-26 00:00:00,24.42000008,71.61000061,574.710022,577.4699707,71.80000305,79.75,48.43000031,67.18000031,26.44000053,98.19999695,98.25,50.99948368,36.48527031,12.50352877
2024-09-27 00:00:00,24.65999985,72.19999695,574.2199707,576.9199829,72.08000183,79.26000214,48.59999847,66.75,26.42000008,98.44000244,98.76000214,51.37491336,36.88799262,12.71629709
2024-09-30 00:00:00,23.95000076,72.19999695,574.3800049,577.1900024,71.37999725,78.88999939,48.31999969,64.68000031,26.18000031,98.34999847,98.70999908,50.78961561,36.20182087,12.83458271
2024-10-01 00:00:00,23.71999931,72.75,574.0599976,576.210022,70.95999908,78.80999756,48.22000122,64.58000183,26.03000069,98.47000122,99.33000183,49.55858765,35.51364378,12.5735688
2024-10-02 00:00:00,23.06999969,71.43000031,569.9000244,572.6199951,70.26000214,78.37000275,49.20999908,63.72000122,26.37000084,97.94999695,97.73000336,48.3838853,34.77799163,12.29176345
2024-10-03 00:00:00,22.72999954,70.98999786,569.7999878,572.5200195,69.55999756,77.69000244,48.68000031,63.06999969,25.78000069,97.72000122,97.51000214,48.88564765,34.09392523,12.35075657
2024-10-04 00:00:00,22.90999985,70.27999878,573.3599854,576.1199951,69.68000031,78.16999817,49.06000137,62.77999878,26.06999969,96.77999878,95.95999908,49.96061023,33.41649226,12.77573555
2024-10-07 00:00:00,22.64999962,70.09999847,571.960022,574.5800171,69.61000061,77.94999695,49.56999969,63.49000168,26.20000076,96.26999664,95.26999664,49.6134598,33.79752883,12.95462561
2024-10-08 00:00:00,23.42000008,69.44000244,573.7800293,576.5,69.25,77.56999969,48.18000031,63.43999863,25.71999931,96.19999695,95.02999878,49.65652739,33.03892797,12.69218223
2024-10-09 00:00:00,23.47999954,69.73999786,577.710022,580.4699707,69.48999786,77.33999634,47.81999969,63.81000137,25.5,96.08000183,94.91000366,49.60422128,33.39182389,12.70198791
2024-10-10 00:00:00,23.53000069,69.91000366,577.5800171,580.3300171,69.29000092,77.19999695,47.90999985,63.40000153,25.57999992,95.87999725,94.08999634,50.90106289,33.79598027,12.67625957
2024-10-11 00:00:00,23.81999969,69.58999634,580.3300171,583.0900269,69.72000122,77.52999878,48.22000122,63.43999863,25.59000015,95.94999695,94.06999969,51.79147864,34.63955035,13.08715184
2024-10-14 00:00:00,23.77000046,70.47000122,585.2700195,588.0499878,69.94000244,77.51999664,48.24000168,63.65000153,25.87000084,95.69000244,93.77999878,52.91384689,35.29764632,13.10123361
2024-10-15 00:00:00,23.71999931,71.20999908,584.9000244,587.6699829,69.76999664,77.19999695,47.54999924,63.47000122,25.57999992,96.22000122,95,53.31521273,35.60881242,13.30266827
2024-10-16 00:00:00,22.54000092,70.69999695,582.8300171,585.6400146,69.09999847,76.69999695,47.52999878,63.00999832,25.47999954,96.45999908,95.62000275,53.24361378,35.66995475,13.53629052
2024-10-17 00:00:00,22.81999969,70.69000244,586.1199951,588.9299927,69.26000214,76.68000031,47.34999847,62.61999893,25.32999992,95.94999695,94.44000244,53.38979763,35.65814951,13.61374888
2024-10-18 00:00:00,22.81999969,70.55000305,585.3900146,588.2199707,69.61000061,76.73999786,48.09999847,62.31000137,25.54000092,96.05000305,94.27999878,54.21059648,36.31394098,13.66653693
2024-10-21 00:00:00,22.87999916,70.33000183,584.8499756,587.6799927,69.30000305,76.08999634,47.59999847,61.90000153,25.27000046,95.59999847,93.08999634,54.42940922,37.19995594,13.83577309
2024-10-22 00:00:00,22.81999969,69.75,584.5,587.289978,68.68000031,74.88999939,47.54000092,60.99000168,25.26000023,95.37999725,92.76000214,54.52845597,37.84534504,13.85179902
2024-10-23 00:00:00,22.43000031,68.69999695,581.710022,584.4799805,68.37999725,73.87000275,47.36999893,61.43000031,25.21999931,95,92.37000275,54.33300805,38.10451102,13.78773108
2024-10-24 00:00:00,22.37000084,68.04000092,580.0599976,582.8300171,68.69000244,74.12999725,47.15000153,61.36000061,25.31999969,95.26000214,93,53.46281319,37.44979668,13.4819268
2024-10-25 00:00:00,23.34000015,67.69999695,584.460022,587.2999878,68.61000061,74.44000244,47.34000015,61.40000153,25.45000076,95.31999969,93.04000092,52.86646557,37.81736126,13.46635368
2024-10-28 00:00:00,23.27000046,67.40000153,582.710022,585.4400024,68.83000183,74.55999756,47.29999924,61.81999969,25.45000076,94.91999817,92.29000092,51.24982235,37.5270254,13.32106634
2024-10-29 00:00:00,23.13999939,66.33999634,582.9099731,585.710022,68.47000122,74.83999634,47.29999924,61.90999985,25.5,94.73000336,92.05999756,51.70422595,35.03172147,13.04443806
2024-10-30 00:00:00,22.93000031,66.54000092,583.3200073,586.1400146,67.95999908,74.95999908,46.81000137,61.33000183,24.95999908,95.16999817,93.29000092,53.16241668,35.26809038,13.22228038
2024-10-31 00:00:00,22.25,65.98999786,575.6300049,578.4199829,67.29000092,74.19000244,46.65999985,60.22000122,24.80999947,94.69999695,92.94000244,54.43023276,36.28682184,13.29652829
2024-11-01 00:00:00,23.57999992,65.66000366,575.5499878,578.3099976,67.79000092,74.48999786,47.00999832,60.43000031,24.65999985,94.45999908,92.51999664,55.07332183,36.95200633,13.51682466
2024-11-04 00:00:00,23,65.41999817,572.5,575.2600098,67.91999817,74.88999939,47.08000183,61.29000092,24.79000092,94.44000244,92.56999969,56.08822981,36.72289411,14.01558075
2024-11-05 00:00:00,23.57999992,65.47000122,576.7399902,579.5300293,67.98999786,75.34999847,47.5,61.33000183,24.79000092,94.33999634,92.90000153,56.80566946,37.43862822,14.19817873
2024-11-06 00:00:00,25.12000084,64.86000061,591.9299927,594.7999878,66.55000305,74.98000336,47.11999893,59.70999908,25.02000046,93.51000214,90.72000122,60.45704881,39.78295553,15.07839232
2024-11-07 00:00:00,26.37999916,64.38999939,596.6500244,599.539978,67.56999969,76.22000122,48.09999847,60.75999832,25.40999985,94.16999817,91.62000275,60.93790556,40.50956201,14.97036919
2024-11-08 00:00:00,26.43000031,64.23999786,599.6400146,602.5599976,66.70999908,75.47000122,47.22000122,59.81999969,25,94.48000336,92.59999847,61.08168468,40.37492867,14.85174225
2024-11-11 00:00:00,26.29000092,64.12000275,600.1699829,603.0900269,66.80999756,75.23999786,46.70999908,58.79999924,24.70999908,93.95999908,92.30000305,62.38939816,41.59293211,15.1129598
2024-11-12 00:00:00,24.95999908,63.75,599.289978,602.2199707,65.69000244,74.47000122,46.11000061,57.29999924,24.62999916,93.76000214,91.84999847,67.00167214,41.90807145,15.60448006
2024-11-13 00:00:00,25.13999939,63.25999832,599.2299805,602.1599731,64.91999817,73.55999756,45.86000061,56.45000076,24.5,93.77999878,91.54000092,62.86784315,40.63797764,15.28701353
2024-11-14 00:00:00,25.61000061,63.11000061,597.8099976,600.75,65.51999664,73.56999969,45.49000168,56.43000031,24.25,93.66000366,91.02999878,63.21634534,39.9628957,15.22275009
2024-11-15 00:00:00,24.81999969,62.63000107,590.2000122,593.0599976,64.98000336,73.15000153,45.29000092,56.56000137,24.32999992,93.62999725,90.65000153,62.57917438,40.72713474,14.8973905
2024-11-18 00:00:00,25.02000046,62.13999939,589.4899902,592.3800049,65.16000366,73.86000061,45.52000046,57.81999969,24.28000069,93.58999634,90.58999634,63.02520955,41.34163528,14.81313233
2024-11-19 00:00:00,24.54000092,62.61999893,591.039978,593.960022,64.94999695,73.98999786,45.65000153,57.72000122,24.26000023,93.87999725,91.06999969,62.44532505,41.65134879,14.9615195
2024-11-20 00:00:00,24.20999908,63.00999832,590.789978,593.6699829,64.72000122,73.40000153,45.56999969,57.50999832,24.17000008,93.76000214,90.83000183,63.15535441,42.08241203,14.72567058
2024-11-21 00:00:00,24.77000046,63.81000137,595.1199951,598.0200195,64.66000366,73.93000031,45.45000076,58.16999817,24.04000092,93.83000183,90.84999847,62.68697978,41.00331459,14.88268456
2024-11-22 00:00:00,24.68000031,64.48000336,596.1500244,599.0800171,64.95999908,74.13999939,45.40999985,58.18000031,24.20000076,93.73000336,90.69999695,62.79810206,40.52302377,14.85005219
2024-11-25 00:00:00,25.56999969,64.70999908,600.8599854,603.7700195,65.51000214,74.65000153,45.56000137,59.09000015,24.44000053,94.63999939,92.77999878,63.59880954,41.11883429,15.4150923
2024-11-26 00:00:00,24.98999977,64.63999939,601.3300171,604.2800293,65.23999786,74.15000153,45.40000153,58.84999847,24.17000008,94.44000244,92.44000244,63.04126939,40.66976524,15.34045999
2024-11-27 00:00:00,23.93000031,65.09999847,600.8499756,603.789978,65.38999939,74.48000336,45.59000015,58.52000046,24.09000015,94.91999817,93.37999725,63.03329728,40.61360531,15.31497562
2024-11-28 00:00:00,23.93000031,65.09999847,600.8499756,603.789978,65.38999939,74.48000336,45.59000015,58.52000046,24.09000015,94.91999817,93.37999725,65.00589724,41.13896024,15.49208302
2024-11-29 00:00:00,24.28000069,64.25,603.3499756,606.3200073,66.04000092,75.38999939,45.59999847,57.5,23.40999985,95.19999695,93.98999786,62.72219315,40.05904019,15.49009628
2024-12-02 00:00:00,25.47999954,64.19000244,604.3200073,607.2999878,66.13999939,75.81999969,45.86000061,56.95000076,23.03000069,95.01000214,94.15000153,60.01524398,39.31157251,15.21656345
2024-12-03 00:00:00,23.75,64.08000183,604.1599731,607.2199707,66.45999908,76.33999634,46.00999832,56.04999924,23.15999985,95.02999878,94.02999878,63.29274178,39.81113458,14.88645287
2024-12-04 00:00:00,22.54000092,63.34999847,607.9099731,610.9199829,66.70999908,76,46.11999893,56.24000168,23.30999947,95.01000214,94.19000244,60.39290637,40.05069971,15.05703521
2024-12-05 00:00:00,22.19000053,63.11999893,608.4799805,611.539978,67.22000122,75.94000244,46.41999817,55.75,23.60000038,95.02999878,94.38999939,59.8224398,39.11955724,14.53012126
2024-12-06 00:00:00,21.04999924,63.36000061,609.0700073,612.0900269,67.48000336,75.77999878,46.59999847,55.31000137,23.52000046,95.41999817,94.84999847,59.33042891,39.29874825,14.52012192
2024-12-09 00:00:00,21.05999947,62.93000031,607.8599854,610.8499756,67.62000275,75.69999695,47.86000061,54.11999893,23.65999985,95.16000366,94.04000092,59.66670728,39.77780485,14.48320074
2024-12-10 00:00:00,20.86000061,63.04000092,605.7999878,608.7199707,67.01000214,75,47,54.65999985,23.55999947,94.83999634,93.30000305,59.21950181,39.7134011,14.48296104
2024-12-11 00:00:00,20.25,63.63000107,608.4299927,611.4799805,66.90000153,75.56999969,46.75,55.59000015,23.95000076,95,93.29000092,58.59649664,40.44883574,14.44144846
2024-12-12 00:00:00,20.89999962,63.91999817,607.1599731,610.1699829,66.90000153,75.12999725,46.66999817,55.93999863,23.70999908,94.45999908,91.75,59.87412238,40.97994304,14.93661475
2024-12-13 00:00:00,20.79999924,63.84000015,607.1300049,610.1500244,66.59999847,74.51000214,46.52999878,56.15999985,23.36000061,94.01000214,90.84999847,59.52003533,40.37727636,14.95924211
2024-12-16 00:00:00,21.10000038,63.86000061,607.7800293,610.8400269,66.43000031,74.08999634,46.38999939,55.77999878,23.12999916,93.87000275,90.62000275,58.59103718,39.46055844,14.74877832
2024-12-17 00:00:00,20.77000046,63.54999924,605.1699829,606.0499878,66.16000366,73.90000153,46.18999863,53.65999985,22.06999969,93.87000275,90.98999786,59.64467216,39.72081358,15.02538124
2024-12-18 00:00:00,20.57999992,63.63999939,606.4099731,607.3099976,66.08000183,73.83999634,46.09999847,54.34999847,21.77000046,93.51999664,90.37000275,61.26625218,40.22981082,15.1767438
2024-12-19 00:00:00,19.69000053,63.16999817,593,593.7999878,64.59999847,72.47000122,45.52999878,53.04999924,21.36000061,92.44000244,88.38999939,60.38783931,39.27408904,14.70421894
2024-12-20 00:00:00,19.76000023,63.06000137,595.75,598.5700073,63.68999863,71.18000031,44.58000183,52.74000168,21.39999962,92.90000153,88.91000366,58.55298324,38.93117242,14.27268023
2024-12-23 00:00:00,20.22999954,62.75999832,595.2999878,598.1400146,63.65999985,71.06999969,44.61000061,52.81000137,21.18000031,92.58000183,88.23000336,59.70711917,39.97234504,14.3297086
2024-12-24 00:00:00,20.39999962,62.84000015,601.3400269,604.3599854,63.95000076,71.19000244,44.83000183,52.75999832,21.20000076,92.26000214,87.88999939,58.91200602,39.42090616,14.76560491
2024-12-25 00:00:00,20.39999962,62.84000015,601.3400269,604.3599854,63.95000076,71.19000244,44.83000183,52.75999832,21.20000076,92.26000214,87.88999939,58.91939616,39.42585126,14.76745717
2024-12-26 00:00:00,20.67000008,62.74000168,602.4799805,605.3400269,64.25,71.62999725,44.75,52.06999969,21.22999954,92.36000061,87.95999908,58.9556073,39.4500819,14.77653306
2024-12-27 00:00:00,20.61000061,62.95000076,597.7800293,600.5700073,64,71.83999634,44.52999878,51.56999969,21.18000031,92.38999939,87.77999878,59.57900031,39.34344079,14.81017421
2024-12-30 00:00:00,20.11000061,62.34000015,591.7399902,594.5700073,63.68000031,71.47000122,44.31999969,51.43000031,21.02000046,92.66999817,88.04000092,59.05749829,39.18298342,14.86814973
2024-12-31 00:00:00,20.39999962,62.43000031,590.6400146,593.4199829,63.86000061,71.43000031,44.22000122,51.31000137,20.98999977,92.81999969,88.27999878,59.54547347,39.529661,15.41029324
2025-01-02 00:00:00,20.43000031,62.75,591.1300049,593.9099731,63.61999893,71.44000244,44.15000153,51.54000092,21.22999954,92.77999878,88.12000275,59.52902768,39.99899967,15.24746841
2025-01-03 00:00:00,20.67000008,62.08000183,592.5999756,595.4299927,63.49000168,71.69999695,44.18000031,52.84000015,21.17000008,92.66999817,87.87999725,57.81563712,38.93579845,15.50003805
2025-01-06 00:00:00,20.97999954,61.56999969,599.7000122,602.5599976,64.75,72.41999817,44.54999924,54.77000046,21.45999908,92.33000183,87.23000336,58.9653448,39.1445387,15.65781548
2025-01-07 00:00:00,20.34000015,61.72000122,597.75,600.5700073,64.83999634,72.40000153,44.36000061,54.68000031,21.62999916,92.20999908,86.76999664,59.92743608,39.40948302,15.48855237
2025-01-08 00:00:00,20.12000084,61.77000046,590.5800171,593.3699951,64.15000153,71.65000153,43.61999893,54.52000046,21.34000015,92.01999664,86.19999695,59.89369011,38.99328783,15.4226252
2025-01-09 00:00:00,20.12000084,61.77000046,590.5800171,593.3699951,64.15000153,71.65000153,43.61999893,54.52000046,21.34000015,92.01999664,86.19999695,57.28800057,38.31559908,14.93072377
2025-01-10 00:00:00,19.65999985,61.65000153,585.9500122,588.6900024,63.93000031,70.48000336,43.02000046,53.95000076,21.29999924,91.62999725,85.84999847,56.14661122,38.12803829,14.63624696
2025-01-13 00:00:00,19.25,61.84999847,581.75,584.5100098,63.08000183,70.18000031,42.5,53.52000046,21.22999954,91.30999756,85.66000366,55.28840125,37.16405779,13.98686707
2025-01-14 00:00:00,19.52000046,62.06999969,585,587.7399902,63.49000168,70.30999756,43.20000076,54.16999817,21.46999931,91.27999878,85.36000061,55.17224846,37.73977528,14.19064484
2025-01-15 00:00:00,19.77000046,62.61999893,593.9400024,596.7800293,64.37000275,71.20999908,43.50999832,54.88999939,21.95999908,92.23000336,86.98000336,56.91464124,38.28914169,14.1675931
2025-01-16 00:00:00,19.95000076,62.29999924,594.3499756,597.2000122,64.94000244,71.13999939,43.61000061,54.90999985,21.87999916,92.58000183,87.40000153,58.03347123,38.68898082,14.12882401
2025-01-17 00:00:00,21.62000084,62.77000046,599.3599854,602.2299805,65.51999664,71.48000336,44.09000015,55.18000031,21.92000008,92.58000183,87.48000336,56.71806065,38.54625481,14.63533992
2025-01-20 00:00:00,21.62000084,62.77000046,599.3599854,602.2299805,65.51999664,71.48000336,44.09000015,55.18000031,21.92000008,92.58000183,87.48000336,55.92575707,38.09523822,14.65388716
2025-01-21 00:00:00,22.40999985,63.22999954,603.0599976,605.960022,66.56999969,72.43000031,44.27000046,55.77999878,22.01000023,92.83000183,88.16999817,57.21754627,38.47386732,15.04426863
2025-01-22 00:00:00,22.29000092,62.29000092,607.8200073,610.7399902,66.73999786,72.55999756,44.27999878,56.33000183,22.43000031,92.73000336,87.98000336,58.22308512,39.71998603,15.04918725
2025-01-23 00:00:00,21.75,61.97999954,609.75,612.7000122,67.09999847,72.65000153,44.36000061,55.79000092,22.51000023,92.34999847,86.98999786,57.07635754,39.03604172,14.90019258
2025-01-24 00:00:00,21.40999985,62.00999832,610.7800293,613.789978,67.54000092,73.41000366,44.63000107,56.16999817,22.62999916,92.58000183,87.27999878,57.50747421,39.5942975,14.94823712
2025-01-27 00:00:00,21.05999947,64.18000031,599.6900024,602.5300293,67.59999847,72.69999695,44,55.00999832,22.55999947,93.15000153,88.43000031,57.68679984,40.24370701,14.97614112
2025-01-28 00:00:00,20.34000015,64.04000092,605.3699951,608.289978,67.40000153,72.90000153,44.13999939,54.54000092,22.64999962,93.09999847,88.19999695,56.82030401,40.37232127,15.00255395
2025-01-29 00:00:00,20.07999992,63.36000061,604.1300049,607.0300293,67.55999756,72.97000122,44.45000076,54.84999847,22.67000008,93.25,88.62000275,61.89736015,42.42613027,15.42768373
2025-01-30 00:00:00,20.10000038,64.29000092,606.5999756,609.5,68.34999847,73.93000031,44.95000076,55.52000046,23.31999969,93.31999969,88.70999908,60.96869979,42.84623642,15.29510998
2025-01-31 00:00:00,20.32999992,63.93000031,609.960022,612.9000244,68.25,73.68000031,44.97000122,54.95999908,23.35000038,93.33999634,88.66000366,59.5726194,42.2412734,15.20685843
2025-02-03 00:00:00,19.75,63.63000107,600.289978,603.1400146,67,72.47000122,44.38000107,53.56999969,23.15999985,93.27999878,89.09999847,58.38680208,41.73119854,14.84868567
2025-02-04 00:00:00,19.53000069,63.63000107,602.2999878,605.1799927,67.43000031,72.86000061,44.97999954,54.52999878,23.34000015,93.01999664,88.44999695,58.55368427,42.14373454,15.26622596
2025-02-05 00:00:00,19.77000046,63.29000092,604.3699951,607.289978,68.12999725,73.55000305,44.77999878,55.11000061,23.20999908,93.73000336,90.18000031,58.10267226,42.36336421,15.12353385
2025-02-06 00:00:00,19.70000076,63.74000168,606.4500122,609.4000244,68.55999756,73.95999908,44.86000061,55.25,23.61000061,93.58000183,90.15000153,59.89446582,43.95178441,15.25745809
2025-02-07 00:00:00,19.36000061,63.91999817,608.1300049,611.0900269,68.54000092,73.86000061,45.36999893,55.09999847,23.63999939,93.23000336,89.44999695,60.2596979,44.0287576,15.27325264
2025-02-10 00:00:00,20.07999992,64.65000153,605.5,608.4099731,68.27999878,73.63999939,45.34000015,55.15000153,23.61000061,93.37000275,89.52999878,60.91881299,44.67162565,15.0433713
2025-02-11 00:00:00,21.87999916,67.66999817,605.8599854,608.7600098,68.86000061,73.58000183,45.25,55.25999832,23.70999908,92.95999908,88.68000031,61.67956172,46.10516337,15.03053047
2025-02-12 00:00:00,22.55999947,68.81999969,604.5499878,607.460022,69.41999817,73.45999908,45.49000168,55.33000183,23.54999924,92.31999969,87.59999847,66.36699536,52.49949475,15.63920191
2025-02-13 00:00:00,24.82999992,69.61000061,609.9400024,612.9099731,70.08000183,74.56999969,45.61000061,56.43000031,23.62000084,93,88.88999939,64.99246631,51.1099759,16.33527122
2025-02-14 00:00:00,25.19000053,70.02999878,610.9899902,613.9299927,70.58999634,74.77999878,45.90000153,56.88999939,24.17000008,93.51000214,89.68000031,66.08372369,51.51012683,15.65405318
2025-02-17 00:00:00,25.19000053,70.02999878,610.9899902,613.9299927,70.58999634,74.77999878,45.90000153,56.88999939,24.17000008,93.51000214,89.68000031,66.56947754,51.65795955,15.75536306
2025-02-18 00:00:00,27.54999924,69.37000275,611.4899902,614.4799805,70.80999756,75.08000183,46.20999908,57.63000107,24.34000015,93.12999725,88.83999634,66.7676367,51.18010715,15.69102508
2025-02-19 00:00:00,26.32999992,70.12999725,613.2299805,616.2199707,69.98999786,74.76999664,46.06000137,58.38999939,24.13999939,93.01000214,88.44999695,67.04291768,51.19755766,15.83273423
2025-02-20 00:00:00,26.12000084,70.06999969,611.6799927,614.6400146,70.23999786,74.98999786,46.65000153,58.54000092,24.23999977,93.26000214,88.76000214,66.69602573,51.59503877,15.90637293
2025-02-21 00:00:00,26.29000092,71.59999847,610.2999878,613.2199707,70.34999847,74.87000275,46.88000107,58.45000076,23.87000084,93.83000183,89.93000031,68.16675918,52.2020535,17.00367859
2025-02-24 00:00:00,24.79999924,71.73000336,603.0300293,605.9000244,70.36000061,74.38999939,46.15999985,58.11000061,23.56999969,93.97000122,90.05999756,68.94195998,52.6235878,18.0387587
2025-02-25 00:00:00,24.28000069,71.76999664,597.8900146,600.7700195,70.87999725,74.69999695,45.79999924,57.72000122,23.37000084,94.69999695,91.5,74.8236685,54.25662303,18.64913694
2025-02-26 00:00:00,23.81999969,71.27999878,599.5800171,602.4400024,71.34999847,75.01000214,46.38999939,58.34000015,23.34000015,94.97000122,92.05999756,70.97681808,55.89424424,18.70746134
2025-02-27 00:00:00,24.39999962,71.54000092,598.0200195,600.8800049,70.43000031,74.56999969,45.83000183,57.11999893,23.06999969,94.83000183,91.79000092,70.89410149,56.11921272,18.51616962
2025-02-28 00:00:00,24.44000053,71.56999969,594.7199707,597.6599731,70.33000183,73.15000153,44.75999832,54.70000076,22.72999954,95.36000061,92.48000336,68.03406429,55.17373631,18.36919736
2025-03-03 00:00:00,25.04000092,72.36000061,597.3400269,600.2000122,71.87999725,74.41000366,45.04000092,55.61999893,22.96999931,95.44999695,92.70999908,68.69170564,55.45752382,18.60347845
2025-03-04 00:00:00,22.62999916,72.65000153,585.3900146,588.1599731,71.98000336,73.91999817,45.04999924,55.15999985,22.45000076,95.77999878,92.79000092,67.31782711,55.18791675,18.74737978
2025-03-05 00:00:00,21.36000061,70.73999786,584.8800049,587.6500244,73.19000244,74.91999817,46.08000183,56.13000107,22.80999947,95.23999786,91.80000305,69.34493327,55.59109503,19.4728761
2025-03-06 00:00:00,21.12999916,70.52999878,580.1699829,582.8800049,73.16000366,74.90000153,46.18000031,55.70999908,22.96999931,94.69000244,90.80000305,70.77660595,56.72442007,20.52392653
2025-03-07 00:00:00,21.20000076,71.81999969,577.3900146,580.1199951,73.40000153,74.72000122,46.13000107,55.72999954,23.02000046,95.01999664,91.16000366,70.61146317,57.01746798,19.43103767
2025-03-10 00:00:00,20.51000023,73.22000122,569.539978,572.2199707,72.23999786,73.87999725,45.43000031,55.04000092,22.80999947,95.19999695,91.62999725,70.35240898,57.54930514,19.37277733
2025-03-11 00:00:00,20.05999947,72.04000092,564.0200195,565.4799805,71.73000336,73.18000031,45.50999832,54.97999954,22.60000038,95.30999756,91.48999786,68.24005377,55.68645898,19.18446795
2025-03-12 00:00:00,21.17000008,70.73000336,563.1099854,565.75,71.76999664,73.84999847,45.47000122,56.06000137,22.76000023,94.66000366,90.37999725,70.67869728,55.59798623,19.35250044
2025-03-13 00:00:00,24.53000069,70.25,559.1099854,561.6500244,71.26999664,73.62000275,45.38000107,55.56999969,23.10000038,94.84999847,90.70999908,71.17391492,55.22784655,19.18713918
2025-03-14 00:00:00,24.37000084,69.26000214,563.8300171,566.5300293,72.48000336,74.51999664,46.11000061,56.16999817,23.87999916,94.65000153,90.41000366,72.95580683,56.69301152,19.72268881
2025-03-17 00:00:00,26.14999962,70.16999817,569.710022,572.4299927,73.33999634,75.56999969,46.77000046,57.93000031,24.43000031,94.84999847,91.18000031,73.31643806,57.08854921,20.14585723
2025-03-18 00:00:00,26.40999985,70.19000244,565.0200195,565.9299927,73.58000183,75.02999878,46.72999954,57.09999847,24.37000084,94.83000183,91.01999664,74.79547806,58.88845364,20.46487386
2025-03-19 00:00:00,25.22999954,69.37999725,570.9500122,571.8200073,73.72000122,75.83999634,46.83000183,57.49000168,24.54999924,94.98999786,91.22000122,75.01299622,59.02235751,20.33281215
2025-03-20 00:00:00,24.30999947,69.80999756,570.5700073,571.4799805,72.80000305,75.16000366,46.34000015,56.86999893,24.27000046,95.48999786,92.23999786,75.46187878,58.24143916,20.40072861
2025-03-21 00:00:00,24.70000076,69.97000122,564.8900146,567.5,71.91999817,74.69999695,46.08000183,57.16999817,24.20000076,95.33999634,91.44000244,74.17685189,57.18879665,19.94475493
2025-03-24 00:00:00,24.98999977,69.08000183,575.1500244,577.7999878,71.94999695,74.72000122,46.27999878,57.36000061,24.20999908,94.77999878,90.26000214,74.57478176,57.64359214,19.74874637
2025-03-25 00:00:00,24.75,69.08000183,576.4099731,579.0900269,72.45999908,75.09999847,46.25999832,57.16999817,24.43000031,94.73999786,90.08000183,74.44361343,56.96358094,19.77408482
2025-03-26 00:00:00,24.42000008,70.34999847,576.3300171,578.8599854,71.87999725,74.93000031,46.11999893,57.47000122,24.26000023,94.56999969,89.59999847,75.4594877,58.18017105,20.21744765
2025-03-27 00:00:00,23.76000023,70.98999786,570.9000244,573.5300293,71.44999695,74.58000183,46.20999908,56.75999832,24.13999939,94.41000366,89.02999878,74.56151909,57.36987349,20.29515615
2025-03-28 00:00:00,23.57999992,71.31999969,566.2700195,568.8800049,71.26000214,73.5,45.79000092,55.49000168,24,95.15000153,90.33999634,73.30846789,56.27655353,20.41239318
2025-03-31 00:00:00,22.75,71.94000244,560.710022,563.3099976,70.37000275,72.58000183,45.29000092,54.13000107,23.64999962,95.55999756,91.33999634,71.80748105,54.79363644,20.08021812
2025-04-01 00:00:00,22.62000084,71.91000366,562.9400024,565.4899902,70.66000366,72.72000122,45.47000122,54.97000122,23.97999954,95.66000366,91.91000366,72.35702991,54.84921286,20.28581017
2025-04-02 00:00:00,22.37999916,72.36000061,567.4199829,570.039978,70.69000244,72.65000153,45.59000015,54.93999863,23.95999908,95.80000305,92.37000275,71.59380226,54.72919722,20.36675674
2025-04-03 00:00:00,23.89999962,73.94999695,547.9699707,550.4699707,70.55000305,71.23000336,44.90000153,53.91999817,24.39999962,96.65000153,92.73000336,72.01565723,56.09915328,20.3000657
2025-04-04 00:00:00,22.20000076,73.01000214,525.8699951,528.25,67.16999817,67.81999969,43.06000137,52.61999893,23.17000008,97.51999664,94.08999634,70.94055142,53.07452694,19.89476719
2025-04-07 00:00:00,20.67000008,69.37999725,523.1699829,525.5599976,65.76000214,66.91999817,41.86999893,52.40000153,22.70000076,96.66000366,92.19000244,63.46911178,47.51145878,17.42947537
2025-04-08 00:00:00,20.38999939,69.98000336,524.9799805,527.3900146,65.12999725,67.91999817,41.70000076,51.41999817,22.47999954,95.58999634,90.19999695,64.56624881,48.52019881,17.11578667
2025-04-09 00:00:00,21.72999954,70.47000122,548.6199951,548.8300171,67.75,70.23000336,42.65999985,53.68000031,22.87999916,94.68000031,88.91000366,63.5968313,48.63659686,16.62829459
2025-04-10 00:00:00,20.81999969,71.20999908,533.5,535.9299927,66.83999634,68.83999634,42.31000137,52.41999817,22.52000046,94.77999878,88.18000031,69.96280863,53.22560143,17.72476655
2025-04-11 00:00:00,19.79999924,71.84999847,536.4299927,538.9299927,68.40000153,70.26000214,43.15999985,54.36000061,22.68000031,93.73000336,87.30000305,68.98791554,53.9820695,17.12589345
2025-04-14 00:00:00,21.04999924,72.66000366,544.2800293,546.8400269,69.16999817,71.55999756,43.75,54.63999939,23.06999969,94.36000061,87.70999908,70.85656237,56.07024372,17.95294618
2025-04-15 00:00:00,20.46999931,72.62999725,543.2299805,545.6900024,69.84999847,71.91999817,43.75999832,54.81999969,23.10000038,94.76000214,88.19000244,72.72343998,57.17748723,18.12816185
2025-04-16 00:00:00,19.43000031,72.66999817,537.8900146,537.5499878,70,71.94999695,43.40999985,54.52999878,23.12999916,95.08000183,88.5,72.70441545,57.6872159,18.39110782
2025-04-17 00:00:00,19.10000038,73.43000031,531.1699829,533.6400146,70.29000092,72.76000214,43.63999939,54.72999954,23.62999916,94.98999786,88.19999695,72.32375249,57.43551433,18.50111729
2025-04-21 00:00:00,18.98999977,73.47000122,521.7000122,524.0599976,70.40000153,72.79000092,43.65999985,54.90000153,23.56999969,94.75,87.06999969,72.32375249,57.43551433,18.50111729
2025-04-22 00:00:00,19.73999977,74.37999725,529.2999878,531.7600098,71.16000366,74.09999847,44.29999924,55.13999939,24.07999992,94.44000244,87.01999664,74.39122581,58.40246415,20.12309418
2025-04-23 00:00:00,21.03000069,73.94999695,545.4299927,547.8400269,71.97000122,74.66999817,44.91999817,56.24000168,24.70999908,95.22000122,89.05999756,76.85160595,59.92832485,20.81231747
2025-04-24 00:00:00,21.54999924,73.43000031,547.4299927,549.8900146,72.11000061,74.72000122,45.06999969,55.97000122,24.87000084,94.87999725,88.34999847,75.87313719,59.88937315,20.77226099
2025-04-25 00:00:00,20.18000031,72.91999817,551.0499878,553.6199951,72.41000366,74.81999969,44.88999939,55.81999969,24.92000008,95.27999878,89.11000061,77.22548241,60.76759272,21.18870009
2025-04-28 00:00:00,21.07999992,72.26000214,553.5499878,556.0700073,72.90000153,75.5,45.04999924,55.77000046,25.15999985,95.62000275,89.52999878,78.01286658,61.73249834,21.7691781
2025-04-29 00:00:00,20.85000038,72.70999908,555.4500122,558.0200195,73.09999847,75.86000061,45.20999908,56.20999908,25.32999992,95.93000031,90.20999908,80.07954254,63.21715565,22.33090599
2025-04-30 00:00:00,20.18000031,73.48000336,556.5200195,559.0700073,73.16999817,75.70999908,45.34999847,56.31999969,24.94000053,96.16000366,90.05000305,80.46476841,63.4330591,22.47649198
2025-05-01 00:00:00,20.64999962,72.04000092,564.0700073,566.7199707,73.5,75.54000092,45.50999832,56.36000061,25,95.90000153,89.27999878,82.74152699,64.48776016,22.17099854
2025-05-02 00:00:00,20.78000069,71.81999969,568.3800049,571.0599976,74.40000153,76.55000305,46.54999924,58.09999847,25.17000008,94.98999786,88.06999969,83.23922032,64.63854322,22.42742281
2025-05-05 00:00:00,20.57999992,71.80000305,566.6500244,569.3400269,74.48999786,76.86000061,47,58.65999985,24.94000053,94.68000031,87.41000366,83.14863535,64.56820041,22.4030162
2025-05-06 00:00:00,20.12000084,71.90000153,563.3499756,566,74.38999939,77.08000183,46.75,58.61000061,24.87999916,94.79000092,87.52999878,84.07549843,63.93725652,22.67712258
2025-05-07 00:00:00,20.37000084,72.69000244,563.8200073,566.460022,74.16000366,76.70999908,46.29999924,58.06000137,24.87999916,95.13999939,88.20999908,84.87705542,65.44414973,24.04070807
2025-05-08 00:00:00,21.23999977,72.47000122,570.3099976,573.0300293,74.16999817,76.65000153,46.20999908,57.97999954,25.53000069,94.98000336,88.05999756,85.88026826,65.07490916,25.12596084
2025-05-09 00:00:00,21.45000076,71.15000153,567.5,570.1199951,74.25,76.80000305,46.52000046,57.74000168,25.57999992,94.61000061,87.30999756,86.75799049,59.16219946,25.72960084
2025-05-12 00:00:00,22.67000008,70.33000183,583,585.7800293,74.26000214,77.31999969,47.41999817,58.09000015,25.75,93.97000122,86.77999878,88.37209439,60.9302335,26.01993396
2025-05-13 00:00:00,22.87999916,69.69000244,589.0800171,591.8800049,74.69999695,77.26999664,47.52999878,58.34999847,26.11000061,93.91999817,86.29000092,88.75271704,60.81570737,25.45957674
2025-05-14 00:00:00,22.45999908,69.33999634,588.9799805,591.7700195,74.87999725,77.36000061,47.86000061,59.18999863,26.15999985,93.70999908,85.87000275,90.40352252,62.39772195,25.59770086
2025-05-15 00:00:00,21.62999916,71.73000336,590.9699707,593.7999878,75.13999939,77.30999756,47.75999832,58.93000031,26.14999962,93.98999786,86.31999969,90.45146399,62.20571872,24.90881445
2025-05-16 00:00:00,21.76000023,72.26000214,594.5,597.3499756,75.33000183,77.44999695,47.75999832,58.84999847,25.90999985,94.33000183,86.88999939,85.49681121,61.21172476,25.04357956
2025-05-19 00:00:00,21.55999947,72.16999817,595.539978,598.4099731,76.26999664,77.59999847,47.93000031,58.88999939,26.15999985,93.94000244,86.12000275,86.55226684,60.73960002,25.30705788
2025-05-20 00:00:00,21.40999985,72.12999725,594.0499878,596.8800049,76.80000305,77.75,47.84000015,58.47999954,26.10000038,93.87000275,85.59999847,88.30995232,60.45424119,25.5177018
2025-05-21 00:00:00,21.62999916,72.08000183,592.5800171,595.4199829,77.19000244,78.16000366,48.08000183,59.91999817,25.95000076,93.55999756,85.05999756,88.35863073,60.35718445,25.53624718
2025-05-22 00:00:00,20.89999962,71.98999786,586.6199951,589.4199829,76.5,77.48000336,47.72000122,58.52000046,25.90999985,93.54000092,84.43000031,90.3101181,61.59337921,26.03293152
2025-05-23 00:00:00,20.27000046,71.98000336,581.8099976,584.5599976,76.30999756,78.08000183,47.84999847,59.16999817,25.73999977,93.91999817,84.81999969,90.98229039,62.33226237,26.22114977
2025-05-26 00:00:00,20.27000046,71.98000336,581.8099976,584.5599976,76.30999756,78.08000183,47.84999847,59.16999817,25.73999977,93.91999817,84.81999969,91.77291784,62.8739238,26.44900907
2025-05-27 00:00:00,20.67000008,72.22000122,591.3099976,594.1500244,77.30999756,79.45999908,47.68000031,59.97999954,26.15999985,94.26000214,86.02999878,92.31123853,63.28169401,26.61493755
2025-05-28 00:00:00,20.63999939,71.90000153,592.7700195,595.6400146,76.61000061,78.63999939,47.45999908,60.90999985,25.90999985,94.04000092,85.54000092,91.7555122,63.9856186,26.32396727
2025-05-29 00:00:00,20.60000038,71.66000366,593.2000122,596.0499878,76.77999878,79,47.75999832,61.95999908,25.88999939,94.37999725,86.26000214,89.78939552,60.97888641,25.51979828
2025-05-30 00:00:00,20.26000023,72.47000122,591.1300049,593.9799805,76.84999847,79.06999969,47.18999863,60.88999939,25.59000015,94.62000275,86.47000122,91.59066696,60.61047821,25.83707245
2025-06-02 00:00:00,19.81999969,72.04000092,592.789978,595.6400146,77.54000092,80.11000061,47.34000015,61.74000168,25.56999969,94.13999939,85.47000122,90.50017548,60.53545964,25.23769774
2025-06-03 00:00:00,20.40999985,71.77999878,597.0800171,599.9699707,76.94999695,79.61000061,47.47000122,62.11000061,25.51000023,94.19999695,85.73999786,92.11810693,61.2765038,25.54091442
2025-06-04 00:00:00,20.5,71.84999847,597.9500122,600.8300171,77.61000061,80.15000153,47.97999954,64.08000183,25.77000046,94.62000275,86.65000153,92.96094707,61.77099321,25.89916342
2025-06-05 00:00:00,20.54999924,71.45999908,599,601.8800049,77.91999817,80.06999969,48.27000046,65.66000366,25.73999977,94.66000366,86.93000031,93.2388298,60.1715704,26.1556601
2025-06-06 00:00:00,20.44000053,71.48000336,600.8300171,603.7299805,77.76000214,80.12000275,48.25999832,65.58000183,25.68000031,93.86000061,85.93000031,93.56327875,61.92286663,26.45301408
2025-06-09 00:00:00,20.95999908,71.83000183,601.25,604.1599731,77.91000366,80.41000366,48.68000031,66.68000031,25.61000061,93.80000305,85.63999939,94.97055426,61.53117165,26.12874836
2025-06-10 00:00:00,22.44000053,72.69000244,603.4699707,606.4199829,78.06999969,80.38999939,48.95000076,66.22000122,25.80999947,94.01999664,86.18000031,94.76167291,61.41207129,26.27297884
2025-06-11 00:00:00,21.82999992,72.36000061,605.0599976,608,78.16000366,80.59999847,49.25,67.27999878,26.15999985,94.26999664,86.40000153,92.39622288,61.80010521,25.50351883
2025-06-12 00:00:00,20.97999954,72.40000153,603.75,606.6599731,78.58000183,80.84999847,49.13999939,67.72000122,26.09000015,94.65000153,87.19999695,92.39410751,61.79958292,25.77809167
2025-06-13 00:00:00,20.60000038,71.87999725,601.8499756,604.7700195,77.69000244,80.33000183,48.54000092,66.94999695,25.94000053,94.5,86.87999725,94.64431586,62.61924138,25.56554882
2025-06-16 00:00:00,20.93000031,71.62000275,604.4500122,605.5599976,78.25,81.01999664,49.11000061,68.69999695,25.80999947,94.37999725,86.43000031,91.0352961,61.81994791,25.9209957
2025-06-17 00:00:00,21.47999954,70.45999908,601.75,602.8300171,77.26000214,80.15000153,48.61000061,67.69000244,25.70999908,94.51999664,86.66000366,90.14325303,61.04509234,25.50328302
2025-06-18 00:00:00,21.60000038,70,601.2199707,602.3099976,76.80000305,80.54000092,48.36999893,68.19000244,25.55999947,94.83999634,87.08999634,90.85414723,60.16653061,25.75879592
2025-06-19 00:00:00,21.60000038,70,601.2199707,602.3099976,76.80000305,80.54000092,48.36999893,68.19000244,25.55999947,94.83999634,87.08999634,89.82357187,60.10598984,25.7328769
2025-06-20 00:00:00,21.88999939,69.55999756,599.460022,602.3099976,75.58999634,79.75,48,69.69000244,25.43000031,94.73999786,86.79000092,90.42883023,61.52125335,24.93194276
2025-06-23 00:00:00,21.57999992,69.80999756,600.539978,603.3900146,75.43000031,79.54000092,47.97000122,69.48999786,25.09000015,95.23999786,87.44000244,89.68519092,59.72294736,25.09841747
2025-06-24 00:00:00,22.69000053,70.34999847,607.8499756,610.710022,76.55000305,80.70999908,49.02999878,72.68000031,25.61000061,95.30999756,87.58999634,92.2439298,60.818685,24.81510711
2025-06-25 00:00:00,22.77000046,70.01999664,608.6099854,611.3499756,76.02999878,80.55000305,49.15000153,72.40000153,25.53000069,95.33999634,87.51000214,92.85354559,60.6543322,25.40538359
2025-06-26 00:00:00,22.62000084,69.91999817,612.3099976,615.2299805,76.65000153,81.72000122,49.50999832,72.20999908,25.81999969,95.65000153,87.94999695,95.2954731,61.75037122,26.12410383
2025-06-27 00:00:00,23.37999916,70.55999756,616.3900146,619.3099976,77.58000183,82.36000061,49.49000168,71.20999908,25.88999939,95.68000031,88.16000366,96.14196757,62.85941634,26.35154572
2025-06-30 00:00:00,22.96999931,70.79000092,619.2199707,622.1199951,77.58000183,82.22000122,49.52000046,71.80000305,26.23999977,95.80999756,88.44000244,97.34113179,63.86511184,26.6161798
2025-07-01 00:00:00,23.15999985,72.44999695,618.8300171,621.6799927,77.55999756,82.30000305,49.72000122,71.95999908,26.36000061,95.51000214,88.30999756,97.00673026,63.77866413,26.77468139
2025-07-02 00:00:00,22.77000046,71.83000183,620.4899902,623.7000122,77.79000092,82.22000122,49.81000137,71.94999695,26.54000092,95.13999939,87.58999634,97.12408431,64.26823696,27.1370053
2025-07-03 00:00:00,22.62999916,71.40000153,626.2800293,629.25,77.88999939,82.48000336,50.06000137,72.80000305,26.80999947,94.86000061,87.29000092,96.16435145,66.33906999,27.98252952
2025-07-04 00:00:00,22.62999916,71.40000153,626.2800293,629.25,77.88999939,82.48000336,50.06000137,72.80000305,26.80999947,94.86000061,87.29000092,96.22481461,66.22290153,28.15669291
2025-07-07 00:00:00,22.38999939,71.37000275,624.0300293,627,77.61000061,81.37999725,49.72000122,71.15000153,26.47999954,94.62000275,86.55999756,96.78916702,66.27805443,28.1220993
2025-07-08 00:00:00,23.79000092,70.68000031,622.1099854,625.0700073,78,81.33999634,49.65999985,72.09999847,26.35000038,94.33000183,86.04000092,96.93196493,66.14261276,28.06463075
2025-07-09 00:00:00,23.53000069,70.25,624.7199707,627.7199707,78.70999908,81.41999817,49.68000031,72.26000214,26.28000069,94.81999969,86.93000031,98.90095253,67.11136065,27.91778262
2025-07-10 00:00:00,24.04000092,69.84999847,626.8699951,629.8699951,78.69000244,81.58000183,49.68999863,73.16999817,25.73999977,94.77999878,87.05999756,97.93793558,67.01374357,27.72982492
2025-07-11 00:00:00,23.65999985,70.16000366,624.8599854,627.8200073,77.97000122,81.12999725,49.66999817,72.79000092,25.54000092,94.47000122,86.26999664,99.75160028,66.60782036,27.56653931
2025-07-14 00:00:00,23.39999962,70.08000183,625.1599731,628.1400146,77.83000183,81.30000305,49.68999863,73.23000336,25.39999962,94.45999908,85.87999725,97.08803799,66.99681843,28.404492
2025-07-15 00:00:00,23.78000069,69.55000305,627.8599854,630.8599854,77.83000183,81.31999969,50.13000107,73.90000153,25.42000008,94.40000153,85.91000366,97.55475064,67.0059471,28.46745648
2025-07-16 00:00:00,23.12999916,69.5,624.7299805,627.7199707,77.23999786,80.94999695,50.25,73.11000061,25.44000053,94.23999786,85.66000366,100.1151817,66.96667671,28.12600422
2025-07-17 00:00:00,23.04999924,70.69000244,628.4000244,631.4199829,77.30000305,81.33999634,50.59000015,73.05999756,25.55999947,94.33000183,85.48999786,100.3150273,66.85433306,28.63269831
2025-07-18 00:00:00,23.59000015,70.69999695,629.4699707,632.3900146,77.80999756,81.34999847,50.79000092,72.98999786,25.59000015,94.48000336,85.45999908,100.5426757,67.02845044,29.08148201
2025-07-21 00:00:00,23.82999992,70.62000275,631.539978,634.5999756,77.91000366,82.06999969,50.93000031,74.09999847,25.35000038,94.90000153,86.51000214,99.27821922,65.80536017,28.84434748
2025-07-22 00:00:00,23.54000092,70.26000214,629.7299805,632.7800293,78.04000092,82.02999878,50.79000092,72.95999908,25.34000015,95.05999756,86.76999664,101.035991,65.6261811,29.00232053
2025-07-23 00:00:00,23.62000084,69.73999786,634.210022,637.3300171,79.56999969,84.41000366,51.25,73.90000153,25.69000053,94.83999634,86.19999695,100.5327486,66.1880033,29.07133955
2025-07-24 00:00:00,23.57999992,69.55000305,636.1500244,639.1900024,79.05999756,84.51999664,51.16999817,73.69000244,25.56999969,94.62000275,86.23999786,101.4394328,65.86094368,29.33188419
2025-07-25 00:00:00,21.04999924,69.23000336,637.5800171,640.6400146,78.87999725,83.62999725,50.84000015,73.23999786,25.54000092,94.73999786,86.44000244,100.9875761,65.52371156,28.77639291
2025-07-28 00:00:00,21.29000092,68.90000153,638.039978,641.0999756,78.05000305,82.87000275,50.65000153,73.12999725,25.26000023,94.63999939,86.19999695,101.3440793,65.38978058,29.09946042
2025-07-29 00:00:00,20.85000038,69.41999817,638.6699829,641.7399902,77.5,82.76999664,50.61999893,73.76999664,25.30999947,95.15000153,87.33999634,101.1369571,65.19793272,28.72449905
2025-07-30 00:00:00,20.62000084,69.33000183,637.6799927,640.7399902,77.09999847,82.94999695,50.33000183,74.36000061,25.25,95.08000183,86.95999908,103.4373703,65.29925219,28.84384146
2025-07-31 00:00:00,20.22999954,68.65000153,639.8499756,642.9400024,76.19000244,82.44000244,50.04999924,73.13999939,25.04000092,95.12999725,87.41000366,103.4098756,65.22776771,28.50400418
2025-08-01 00:00:00,19.54999924,69.04000092,626.3400269,629.3599854,75.38999939,82.08999634,49.79000092,71.26999664,25.21999931,95.73000336,87.93000031,103.2350957,64.26599368,28.2691113
2025-08-04 00:00:00,19.59000015,69.08000183,631.2199707,634.2700195,76.13999939,83.34999847,50.11999893,72.41999817,25.14999962,95.84999847,88.15000153,104.0600743,64.25676364,29.5036226
2025-08-05 00:00:00,20.54000092,69.48999786,632.6099854,635.6599731,76.41000366,83.48999786,50.33000183,73,25.26000023,95.86000061,88.44999695,106.1806852,65.49027857,29.71995383
2025-08-06 00:00:00,20.47999954,69.80000305,633.4400024,636.5100098,76.69000244,84.33000183,50.41999817,73.18000031,25.63999939,95.72000122,88.05000305,105.7307387,65.83234674,30.52226985
2025-08-07 00:00:00,20.44000053,70.72000122,636.9799805,640.0800171,77.55000305,85.11000061,50.93999863,73.73999786,25.94000053,95.76999664,88.25,105.2603489,67.72461537,31.39109391
2025-08-08 00:00:00,20.02000046,70.87000275,637.6500244,640.7600098,77.77999878,85.62999725,50.72999954,73.58999634,26,95.47000122,87.38999939,106.1998085,67.25763679,31.94737747
2025-08-11 00:00:00,21.60000038,70.86000061,638.9500122,642.0499878,77.33000183,85.58000183,50.77000046,73.29000092,25.84000015,95.54000092,87.66999817,107.6230219,65.00403631,33.61118734
2025-08-12 00:00:00,21.86000061,71.05999756,642.8499756,645.9899902,78.01999664,86.56999969,51.25,74.12000275,26.29000092,95.38999939,86.97000122,107.9523241,65.16101706,32.17745069
2025-08-13 00:00:00,22.29999924,70.76999664,646.1900024,649.3099976,78.58999634,86.77999878,51.86999893,74.95999908,26.27000046,95.83000183,87.80999756,109.3840778,65.56292564,32.41009712
2025-08-14 00:00:00,24.20000076,70.45999908,645.6199951,648.789978,78.79000092,86.23999786,51.34999847,73.81999969,26.05999947,95.59999847,87.51000214,109.4974832,66.02453699,32.6726361
2025-08-15 00:00:00,25.64999962,70.38999939,646.0900269,649.2700195,79,87,51.5,74.01000214,26.38999939,95.44000244,86.77999878,108.3132647,64.74440619,33.01491141
2025-08-18 00:00:00,24.89999962,70.05000305,644,647.1699829,78.83000183,86.87000275,51.77999878,72.84999847,26.30999947,95.30999756,86.54000092,107.2309774,63.30830144,32.53531551
2025-08-19 00:00:00,26.53000069,70.22000122,644.1099854,647.2700195,79.30000305,86.80000305,51.66999817,72.19000244,25.95999908,95.41999817,86.75,104.4021017,61.25977643,32.35218623
2025-08-20 00:00:00,24.93000031,71.70999908,639.6599731,642.75,79.47000122,86.33000183,51.38999939,71.5,25.96999931,95.61000061,86.97000122,104.0399453,61.904391,31.96370516
2025-08-21 00:00:00,23.56999969,70.91000366,637.9699707,641.0900269,79.12000275,86.01000214,51.34999847,71.27999878,25.96999931,95.44000244,86.68000031,102.8158177,62.34934326,31.71332687
2025-08-22 00:00:00,25.22999954,71.01999664,646.5,649.6799927,80.26999664,87.48999786,52.20000076,73.73000336,26.73999977,95.87999725,87.30000305,101.7861163,62.33309296,31.4013859
2025-08-25 00:00:00,25.87999916,70.23000336,645.289978,648.460022,80.01999664,86.83999634,52.25,73.18000031,26.92000008,95.70999908,87.05000305,102.4819995,62.75924691,31.61606841
2025-08-26 00:00:00,24.73999977,69.08000183,645.5100098,648.6900024,78.97000122,86.40000153,51.93999863,72.55000305,26.69000053,95.86000061,86.79000092,102.5158083,61.68438073,31.75030284
2025-08-27 00:00:00,24.98999977,68.87000275,647.3699951,650.5800171,78.69000244,86.26999664,51.50999832,72.5,26.84000015,96.01000214,86.66000366,101.2252155,61.26079951,30.52930933
2025-08-28 00:00:00,25.13999939,68.90000153,649.4799805,652.6900024,78.94999695,86.94000244,51.68000031,73.66000366,27.27000046,96.23000336,87.26000214,100.4685782,60.63224682,31.05883467
2025-08-29 00:00:00,24.96999931,69.13999939,647.8400269,651.0599976,78.66000366,86.19000244,51.59000015,72.33000183,27.21999931,96.23000336,86.86000061,100.11755,60.73257586,31.3458456
2025-09-01 00:00:00,24.96999931,69.13999939,647.8400269,651.0599976,78.66000366,86.19000244,51.59000015,72.33000183,27.21999931,96.23000336,86.86000061,99.9284246,60.56472761,31.05883467
2025-09-02 00:00:00,24.23999977,69.33999634,640.4899902,643.6400146,77.65000153,85.76999664,51.49000168,72.11000061,27.04999924,95.62999725,85.83999634,99.10312192,60.35603666,31.29572271
2025-09-03 00:00:00,24.09000015,69.09999847,644.210022,647.4000244,77.80999756,85.70999908,51.61999893,73.16999817,27.20999908,96.01999664,86.80999756,94.81993952,58.55271071,31.65192248
2025-09-04 00:00:00,24.63999939,69.45999908,649.1500244,652.3599854,78.22000122,86.29000092,51.40000153,73.12000275,27.17000008,96.30999756,87.23999786,97.92193156,59.68062816,32.46142275
2025-09-05 00:00:00,24.70999908,68.58000183,652.210022,655.4400024,79.05000305,87.38999939,52.18000031,73.91000366,27.71999931,97.01999664,88.61000061,98.07744465,60.43291484,33.47674259
2025-09-08 00:00:00,24.73999977,67.87999725,649.8400269,653.0599976,79.13999939,88.19000244,52.47999954,74.20999908,27.47999954,97.08999634,89.76000214,98.2283824,59.09894435,32.92269959
2025-09-09 00:00:00,24.80999947,68.11000061,650.8599854,654.1099854,79.12000275,87.72000122,52.77999878,75.12999725,27.61000061,97.13999939,89.55000305,103.2744194,60.24341129,31.98525324
2025-09-10 00:00:00,24.87000084,68.08999634,654.5499878,657.8200073,79.06999969,88.52999878,53.11000061,76.86000061,27.78000069,97.23000336,90.06999969,104.3828666,61.1829626,32.24781564
2025-09-11 00:00:00,24.93000031,68.16999817,658.3300171,661.6400146,79.65000153,89.37999725,53.59000015,78.47000122,28.09000015,97.45999908,90.48000336,105.7739202,60.70326707,33.70147938
2025-09-12 00:00:00,24.62999916,67.72000122,659.1099854,662.460022,79.43000031,89.05999756,53.59999847,78.75,28.07999992,97.04000092,89.98000336,104.3363768,61.36635303,34.14521635
2025-09-15 00:00:00,25.45999908,66.77999878,661.039978,664.3800049,79.97000122,89.59999847,53.90000153,79.27999878,28.46999931,97.22000122,90.45999908,104.7680956,61.6681546,32.8214167
2025-09-16 00:00:00,25.34000015,66.51000214,661.7800293,663.1199951,79.86000061,89.75,54.22999954,80.75,28.54999924,97.29000092,90.5,106.1008015,62.09617419,33.05448046
2025-09-17 00:00:00,25.26000023,67.12999725,661.7199707,663.0499878,80.09999847,90.02999878,54.86000061,80.68000031,28.90999985,97.51999664,91.04000092,105.9544816,62.12537259,32.4280791
2025-09-18 00:00:00,32.38000107,67.04000092,664.8900146,666.2700195,79.83000183,89.58000183,54.34000015,80.83999634,28.70000076,96.80999756,89.47000122,106.7889699,62.69677877,33.46099824
2025-09-19 00:00:00,30.62999916,66.73000336,664.5499878,667.7199707,79.38999939,88.30999756,54.09999847,80.06999969,28.56999969,96.69999695,89.23000336,105.9402424,62.69656062,33.75447264
2025-09-22 00:00:00,30.10000038,66.58999634,667.289978,670.5200195,79.52999878,88.79000092,54.11000061,81.58000183,28.60000038,96.66000366,88.91000366,100.1777315,61.80319726,32.92131096
2025-09-23 00:00:00,30.20000076,66.76000214,667.3400269,670.5499878,79.88999939,89.01000214,54.27999878,81.93000031,29.07999992,96.75,89.36000061,101.6326054,59.60103586,32.57108762
2025-09-24 00:00:00,31.70000076,66.77999878,664.6099854,667.8200073,79.22000122,88.23999786,54.16999817,80.62000275,29.06999969,96.62999725,89.16000366,104.341353,59.77819574,32.32350403
2025-09-25 00:00:00,34.25,66.91999817,659.4099731,662.5800171,78.30999756,87.68000031,53.79999924,80.12999725,28.77000046,96.31999969,89.02999878,102.2382126,59.661378,32.21848936
2025-09-26 00:00:00,36.29999924,66.33000183,662.3699951,665.5499878,78.97000122,87.63999939,53.56000137,78.91999817,28.64999962,96.43000031,89.47000122,100.4241048,59.48094387,31.87431746
2025-09-29 00:00:00,35.04999924,66.09999847,665.2800293,668.4299927,79.30999756,88.22000122,54.18000031,80.45999908,29,96.55000305,89.73999786,101.031098,60.1359621,32.85019112
2025-09-30 00:00:00,34.24000168,66.63999939,666.6500244,669.8599854,79.88999939,87.94999695,54.25,80.18000031,28.98999977,96.76000214,90.04000092,103.8699307,62.28164665,33.08667206
2025-10-01 00:00:00,36.06000137,66.83000183,669.3699951,672.6199951,80.83000183,88.58999634,54.58000183,81.94999695,29.04999924,96.62999725,89.63999939,103.514104,61.8395946,32.53300412
2025-10-02 00:00:00,37.56999969,66.65000153,670.5700073,673.8099976,81.13999939,88.66999817,54.93999863,83.77999878,28.55999947,96.65000153,89.69000244,104.134376,62.14362112,32.2176257
2025-10-03 00:00:00,38.08000183,66.98999786,672.6799927,675.9299927,81.45999908,89.90000153,54.93999863,84.26000214,28.44000053,96.63999939,89.72000122,103.7408535,61.51839334,32.40641048
2025-10-06 00:00:00,38.68000031,66.5,672.5100098,675.7700195,81.26999664,90.83000183,55.04000092,85.05999756,28.45999908,96.33999634,89.16000366,103.5075648,60.5193484,31.90531686
2025-10-07 00:00:00,38.04999924,67.26000214,672.9899902,676.25,80.94999695,90.16999817,55.18999863,84.91000366,28.10000038,96.48999786,89.37999725,105.1822479,61.28888674,32.63346665
2025-10-08 00:00:00,37.79000092,66.87000275,673.210022,676.4899902,81.05999756,89.48999786,55,84.25,28.12999916,96.55999756,89.62000275,106.227349,60.73010162,32.07623047
2025-10-09 00:00:00,38.09999847,66.80000305,673.9400024,677.1900024,80.84999847,89.75,55.09000015,84.48000336,28.30999947,96.36000061,89.29000092,105.6701318,60.50737415,31.82835296
2025-10-10 00:00:00,39.65000153,67.40000153,673.9500122,677.2000122,80.33999634,88.23999786,54.52000046,84.40000153,27.93000031,97.01999664,90.72000122,105.2421451,60.40446758,31.93187714
2025-10-13 00:00:00,37.50999832,66.80000305,665.1300049,667.8499756,79.80000305,87.48000336,54.18999863,83.93000031,27.82999992,96.98999786,90.58000183,106.422701,60.14616307,33.40712605
2025-10-14 00:00:00,36.54999924,67.56999969,665.8300171,669.0599976,80.22000122,88.16999817,53.86000061,83.34999847,27.81999969,97.23999786,90.91999817,104.2611044,59.73014679,32.99823958
2025-10-15 00:00:00,37.49000168,67.72000122,670.2299805,673.4699707,80.41000366,89.19999695,54.52000046,85.19000244,28.06999969,97.33000183,91.30000305,104.1083875,58.01561455,32.70455424
2025-10-16 00:00:00,38.02000046,68.11000061,668.710022,671.9000244,81.08999634,90.01000214,54.86999893,88.54000092,28.36000061,97.58999634,91.5,103.1473652,58.64453837,33.10903081
2025-10-17 00:00:00,38.38000107,68.5,665.7600098,668.9400024,80.83000183,89.95999908,54.5,88.63999939,28.27000046,97.48000336,91.29000092,102.1190172,57.07639604,32.47102389
2025-10-20 00:00:00,38.52000046,68.63999939,672.210022,675.5,81.18000031,91.41999817,55.09000015,90.56999969,28.69000053,97.52999878,91.55999756,102.1038316,56.45575457,32.69202234
2025-10-21 00:00:00,38.34999847,71.38999939,672.9899902,676.2700195,81.05000305,90.54000092,54.77000046,89.40000153,28.44000053,97.76999664,92.19000244,103.0188448,56.63690555,32.90972855
2025-10-22 00:00:00,37.93000031,71.62000275,672,675.2800293,80.98000336,90.51000214,54.84999847,90.56999969,28.45000076,97.76999664,92.18000031,103.4468938,58.07193196,33.41307938
2025-10-23 00:00:00,38.40000153,70.93000031,672.710022,676,81.30999756,90.58999634,55.04000092,90.30000305,28.81999969,97.58000183,91.79000092,104.5449708,57.94702086,33.64665728
2025-10-24 00:00:00,41.11999893,70.05000305,678.4699707,681.7999878,81.44999695,90.97000122,55.31000137,92.09999847,28.98999977,97.54000092,91.59999847,104.5540008,57.1082082,33.78513601
2025-10-27 00:00:00,40.66999817,70.12000275,685.539978,688.9099731,81.73000336,92.08000183,55.66999817,94.66999817,29.06999969,97.48999786,91.79000092,104.9204943,57.81917915,34.63821793
2025-10-28 00:00:00,42.47999954,70.90000153,688.9099731,692.2600098,81.75,92.30999756,55.65999985,94.54000092,29.22999954,97.62999725,92.18000031,104.0598006,58.38348646,35.08683021
2025-10-29 00:00:00,42.04000092,70.02999878,689.7000122,693.0700073,81.66000366,92.26000214,56.04000092,97.51999664,29.64999962,97.52999878,91.88999939,104.1763496,58.09707195,35.19022644
2025-10-30 00:00:00,41.43000031,69.29000092,685.9400024,689.3200073,80.98999786,91.65000153,55.43000031,95.81999969,29.46999931,96.95999908,90.97000122,104.375597,57.59791163,35.0337813
2025-10-31 00:00:00,40.83000183,69.06999969,685.0800171,688.4400024,80.40000153,91.87000275,55.02999878,97.13999939,29.48999977,96.94999695,90.66000366,105.667629,57.30791085,35.13481561
2025-11-03 00:00:00,40.45000076,68.88999939,685.7999878,689.1599731,80.33999634,92.37999725,55.15000153,100.7900009,29.72999954,96.55999756,89.81999969,105.8659707,57.66149026,34.41300786
2025-11-04 00:00:00,38.25,68.73000336,679.960022,683.2700195,79.75,91.63999939,54.68000031,97.34999847,29.42000008,96.66999817,90.05999756,103.8998622,56.94132775,34.08598512
2025-11-05 00:00:00,38.68999863,68.83000183,680.8599854,684.210022,80.08000183,91.34999847,54.93000031,96.76000214,30.01000023,96.47000122,89.55000305,104.1084755,55.99330139,33.53087234
2025-11-06 00:00:00,39.84000015,69.13999939,677.3800049,680.710022,79.98000336,91.30999756,55.02999878,94.66000366,30.14999962,96.72000122,89.84999847,103.1155261,58.08406216,33.93675542
2025-11-07 00:00:00,38.27000046,70.87000275,671.0800171,674.5800171,80,90.79000092,54.54999924,91.81999969,30.25,96.86000061,89.87000275,101.8423641,51.24970579,33.50942302
2025-11-10 00:00:00,39.52999878,70.66000366,682.1799927,685.5499878,80.97000122,91.98000336,55.29999924,95.80000305,30.56999969,96.65000153,89.66999817,103.8271526,52.04500308,34.03953484
2025-11-11 00:00:00,38.22000122,71.75,683.5700073,686.9199829,81.90000153,92.04000092,55.43999863,95.75,31.22999954,96.88999939,90.06999969,107.4914726,52.29670911,33.98627443
2025-11-12 00:00:00,38.20000076,71.88999939,684.960022,688.3300171,82.37000275,92.51000214,55.36000061,96.02999878,31.18000031,96.94999695,90.31999969,105.7491222,51.42774477,33.86865544
2025-11-13 00:00:00,37.31000137,71.66999817,680.8599854,684.1900024,82.41000366,92.05999756,55.45000076,96.25,31.04999924,96.80000305,89.94000244,106.3354908,50.00393636,33.67290543
2025-11-14 00:00:00,36.09999847,71.63999939,675.6599731,678.9799805,81.26999664,91.80999756,55.15000153,95.01000214,30.82999992,96.93000031,89.83999634,105.1517054,49.45220919,32.94621915
2025-11-17 00:00:00,35.72999954,71.52999878,673.710022,677.0100098,80.79000092,91.23000336,54.70000076,94.83999634,30.57999992,96.62000275,89.30000305,105.0837696,50.0085566,32.96616692
2025-11-18 00:00:00,34.75999832,71.33999634,665.1199951,668.3900146,79.51000214,89.12000275,54.20000076,92.22000122,30.32999992,96.93000031,89.44999695,103.9336932,48.8093673,32.75884759
2025-11-19 00:00:00,35.75,71.44999695,667.3400269,670.6300049,79.45999908,89,54.16999817,91.47000122,30.30999947,96.86000061,89.30999756,103.7996314,48.77728087,33.0002628
2025-11-20 00:00:00,36.68000031,71.48000336,675.5599976,678.9000244,79.62999725,89.30000305,54.40999985,92.55000305,30.47999954,96.94999695,89.41999817,107.8906453,48.85121226,33.63419026
2025-11-21 00:00:00,34.97999954,73.19000244,664.5499878,667.7999878,79.26999664,88.98000336,53.31000137,89.75,29.89999962,97.23000336,89.66999817,110.5019334,49.19920301,34.28242338
2025-11-24 00:00:00,36.15999985,73.16000366,670.0599976,673.3599854,79.19000244,89.38999939,53.65000153,90.44000244,30.01000023,97.36000061,90.06999969,112.5633471,50.5520093,35.42569563
2025-11-25 00:00:00,36.13000107,72.93000031,676.210022,679.5499878,80.27999878,89.62999725,53.86999893,89.80000305,30.39999962,97.69999695,90.58999634,112.7129774,51.37614784,35.38663244
2025-11-26 00:00:00,37.24000168,73.08999634,681.7000122,685.0800171,81.15000153,90.97000122,54.20999908,91.66000366,31.04999924,97.66999817,90.63999939,114.7531184,52.76641755,35.47922967
2025-11-27 00:00:00,37.24000168,73.08999634,681.7000122,685.0800171,81.15000153,90.97000122,54.20999908,91.66000366,31.04999924,97.66999817,90.63999939,117.4169007,53.7084639,36.31004762
2025-11-28 00:00:00,40.59000015,73.23000336,683.6699829,687.1300049,81.55000305,90.87000275,54.31999969,91.01000214,31.22999954,97.65000153,90.52999878,118.6409317,54.09020156,36.9428794
2025-12-01 00:00:00,40.38000107,72.91000366,682.9899902,686.4000244,81.51000214,90.75,54.43999863,90.98999786,31.27000046,96.83999634,88.98999786,118.6945588,54.3241111,36.93896477
2025-12-02 00:00:00,43.68000031,71.80000305,683.8200073,687.2299805,81.56999969,90.79000092,54.18999863,92.66999817,31.53000069,96.81999969,88.95999908,120.9315239,54.29039465,38.04290428
2025-12-03 00:00:00,44.02000046,71.40000153,684.9099731,688.3200073,82.08000183,90.94999695,54.11000061,93.01999664,31.71999931,97.02999878,89.16000366,120.8259538,54.39811817,37.87378094
2025-12-04 00:00:00,43.27999878,71.33999634,685.3699951,688.7600098,82.30999756,91.77999878,54.25,92.29000092,32,96.83000183,88.93000031,123.4098208,54.66340899,38.57808352
2025-12-05 00:00:00,42.83000183,70.70999908,688.3900146,691.8099976,82.41999817,91.93000031,54.75,94.80999756,32.04999924,96.69999695,88.55000305,126.0638876,55.28542149,38.73309951
2025-12-08 00:00:00,42.11999893,70.37999725,686.6400146,690.0599976,82.06999969,91.76999664,54.36999893,95.95999908,31.10000038,96.41999817,88.19999695,125.5176689,55.09719332,39.17430432
2025-12-09 00:00:00,41.25999832,70.62999725,685.3900146,688.8099976,82,91.83999634,54.13000107,95.59999847,30.90999985,96.41000366,88.34999847,126.6045421,54.50658709,39.51394394
2025-12-10 00:00:00,40.99000168,70.52999878,688.9699707,692.3900146,82.75,92.44999695,54.66999817,96.81999969,30.96999931,96.47000122,88.51999664,126.2505244,54.477966,39.64452715
2025-12-11 00:00:00,40.18999863,70.69000244,689.25,692.710022,83.37000275,92.38999939,54.47999954,95.12999725,31.52000046,96.73000336,88.83000183,125.0468662,53.95491122,40.36577105
2025-12-12 00:00:00,40.02999878,70.62000275,688.8800049,692.3300171,83.33000183,92.44000244,54.52999878,94.75,31.67000008,96.26999664,87.5,125.1339045,54.83395817,40.50615957
2025-12-15 00:00:00,38.47999954,71.31999969,685.7600098,689.1900024,83.44000244,92.87999725,54.18999863,94.26000214,31.81999969,96.51000214,87.87999725,124.7877853,54.94138166,40.70474626
2025-12-16 00:00:00,37.95999908,71.30000305,681.0800171,682.0599976,83.36000061,91.80999756,53.59999847,89.93000031,30.78000069,96.55999756,87.91999817,124.573499,54.86050975,40.87777007
2025-12-17 00:00:00,37.84000015,70.91999817,680.4400024,681.3499756,83.20999908,91.41999817,53.72999954,90.70999908,30.14999962,96.56999969,87.98999786,125.3894862,55.10961893,40.94624549
2025-12-18 00:00:00,37.49000168,70.80000305,680.7399902,681.75,83.62999725,91.62000275,53.88999939,91.12000275,30.23999977,96.83000183,88.37999725,123.8487777,54.83585191,40.72565099
2025-12-19 00:00:00,37.58000183,70.76999664,681.0900269,684.1300049,83.16000366,89.51999664,53.27999878,91.41999817,30.54999924,96.38999939,87.76000214,123.814891,55.01396778,40.6915966
2025-12-22 00:00:00,37.90000153,70.22000122,685.3599854,688.3800049,83.23999786,89.54000092,53.5,91.94999695,30.37000084,96.19000244,87.45999908,123.8713079,54.3150931,41.40191122
2025-12-23 00:00:00,36.79999924,70.26000214,688.2000122,691.210022,83.66999817,90.37999725,53.72000122,92.73000336,30.82999992,96.12999725,87.58000183,124.192477,54.82249256,41.48729167
2025-12-24 00:00:00,36.18000031,70.16000366,690.8300171,693.8599854,83.87999725,90.65000153,53.72999954,94.65000153,30.89999962,96.37000275,88.08000183,124.8657047,55.00036992,41.14892541
2025-12-26 00:00:00,36.49000168,70.16000366,691.6599731,694.7000122,83.98999786,90.81999969,54.02000046,96.01000214,30.94000053,96.51000214,88.16999817,124.8226913,54.98142357,41.13475056
2025-12-29 00:00:00,36.79999924,70.41999817,689.2000122,692.1900024,84,91.08999634,53.63000107,98.79000092,30.76000023,96.59999847,88.06999969,125.5247029,55.00141552,41.57162204
2025-12-30 00:00:00,38.25999832,70.23999786,688.5599976,691.5599976,84.26000214,91.16000366,53.90999985,98.91000366,30.82999992,96.55999756,88.04000092,126.0575714,55.39507425,42.1543004
2025-12-31 00:00:00,37.58000183,70.16000366,687.3599854,690.3900146,84,90.68000031,53.93000031,98.58000183,30.65999985,96.47000122,87.91000366,126.5916557,55.35018139,42.42167187
