Date,INTC_low,KO_low,SPY_low,IVV_low,VGK_low,VPL_low,VWO_low,EWY_low,ILF_low,IEF_low,TLT_low,BOG_low,TBC_low,CGEO_low
2018-05-29 00:00:00,54.81000137,42.09999847,267.7600098,269.6199951,56.84999847,72.08000183,43.95999908,72.26999664,31.19000053,102.2399979,120.4300003,24.77496762,20.98535391,14.44740418
2018-05-30 00:00:00,55.61999893,42.70000076,270.4200134,272.2999878,57.59999847,72.23999786,44.06000137,71.56999969,31.09000015,102.3799973,120.7399979,24.08217351,21.33863475,12.99271018
2018-05-31 00:00:00,55.06000137,42.68000031,270.2600098,272.1400146,57.54000092,72.30000305,44.38000107,71.93000031,31.36000061,102.3399963,120.9499969,24.20265334,21.41310493,12.26072944
2018-06-01 00:00:00,55.79999924,43.04000092,272.3299866,274.269989,58.13999939,72.55999756,44.79000092,73.05999756,30.95000076,101.7699966,119.8499985,25.11694862,21.74144335,13.42228471
2018-06-04 00:00:00,56.77999878,43.29000092,274.2600098,276.1900024,58.52999878,73.38999939,45.41999817,73.63999939,31.64999962,101.5699997,119.3700027,26.38439916,22.33204154,13.89074354
2018-06-05 00:00:00,56.22000122,43.09999847,274.1799927,276.1000061,58.31999969,73.19000244,45.15000153,73.26999664,30.97999954,101.7200012,119.6200027,27.07903283,22.58472569,14.24861821
2018-06-06 00:00:00,56.08000183,43.04000092,275.0899963,277.0100098,58.56999969,73.43000031,45.49000168,73.72000122,30.71999931,101.3600006,118.4199982,27.04007059,22.87077859,14.47857027
2018-06-07 00:00:00,55.61999893,43.33000183,276.3399963,278.269989,58.56000137,73.48000336,44.81999969,73.75,29.11000061,101.3899994,118.6800003,27.16523368,22.95086442,14.76371396
2018-06-08 00:00:00,54.65999985,43.56000137,276.6600037,278.6000061,58.45000076,73.44999695,44.74000168,73.02999878,29.75,101.6800003,119.4400024,26.59688784,22.83950711,14.90874994
2018-06-11 00:00:00,54.25999832,43.88999939,278.3099976,280.25,58.97000122,73.80000305,45,73.72000122,30.37000084,101.5100021,118.9400024,26.53520916,22.83031398,14.44667929
2018-06-12 00:00:00,54.22000122,44.08000183,278.1900024,280.1499939,58.88000107,73.34999847,44.84000015,72.90000153,30.47999954,101.4499969,118.8899994,26.57750544,22.81663919,14.37742504
2018-06-13 00:00:00,54.90999985,44.15000153,277.7999878,279.7600098,58.84999847,72.97000122,44.45999908,72.04000092,30.02000046,101.1600037,118.6299973,24.86226206,23.00080242,14.17491312
2018-06-14 00:00:00,55.18000031,43.52000046,278.0599976,280.0299988,58.99000168,72.88999939,44.40999985,71.55000305,29.84000015,101.5400009,119.4800034,24.86784451,22.75069249,14.2526397
2018-06-15 00:00:00,54.58000183,43.45000076,275.3500061,278.5499878,58.38000107,72.12999725,43.88000107,69.91999817,29.40999985,101.8000031,120.3000031,25.09743491,22.61579604,15.120502
2018-06-18 00:00:00,52.34000015,43.40000153,274.9500122,278.1400146,57.74000168,71.66999817,43.34999847,68.90000153,29.29000092,101.8000031,120.0400009,25.13772902,22.38181859,15.66461799
2018-06-19 00:00:00,51.88000107,43.20000076,273.5299988,276.6900024,57.16999817,70.80999756,42.72999954,67.34999847,28.68000031,102.0899963,120.6999969,24.96618892,22.24814923,14.72514541
2018-06-20 00:00:00,52.68999863,43.22999954,275.5899963,278.7799988,57.50999832,71.12999725,43.25999832,68.31999969,29.42000008,101.8099976,119.9000015,24.89757761,22.21022002,14.62238685
2018-06-21 00:00:00,51.93999863,42.95999908,273.6799927,276.8399963,57.06000137,70.76000214,42.65000153,67.04000092,28.98999977,101.9800034,120.2200012,25.07246274,21.2384708,14.75889203
2018-06-22 00:00:00,52.29999924,43.08000183,274.4899902,277.6600037,56.56999969,70.83999634,42.65000153,68.01999664,29.02000046,101.9499969,120.0599976,25.13380217,21.59397986,14.83758125
2018-06-25 00:00:00,49.90999985,43.15999985,269.1000061,272.230011,55.84999847,69.72000122,41.79000092,67.26000214,28.85000038,102.2099991,120.6399994,25.11902969,21.9360481,14.65497772
2018-06-26 00:00:00,49.36000061,43.27999878,270.7900085,272.6400146,55.75,70.02999878,41.93999863,67.47000122,29.07999992,102.2099991,120.6600037,25.19984263,22.17501112,14.43101986
2018-06-27 00:00:00,48.75,42.99000168,269.1799927,271.0299988,55.40999985,69.58000183,41.04000092,66.68000031,28.70000076,102.4800034,121.5500031,25.07238467,22.31711916,14.56958846
2018-06-28 00:00:00,48.5,43.16999817,268.4899902,270.3200073,55.18000031,69.54000092,41.02999878,66.30999756,28.87000084,102.5100021,121.8300018,24.76875198,22.14728905,13.88666544
2018-06-29 00:00:00,49.5,43.31000137,271.1499939,273.0499878,56.02000046,69.93000031,42.00999832,67.47000122,29.42000008,102.5,121.6500015,24.63095296,22.09698982,13.40202045
2018-07-02 00:00:00,48.83000183,43.58000183,269.2399902,271.1000061,55.38999939,68.41999817,41.41999817,65.66999817,29.02000046,102.2200012,121.2900009,24.74343774,22.79661203,13.471926
2018-07-03 00:00:00,49.43000031,43.99000168,270.4200134,272.2900085,55.91999817,68.62000275,41.75999832,65.65000153,29.60000038,102.2799988,121.5299988,24.44795008,22.71293427,13.43585746
2018-07-04 00:00:00,49.43000031,43.99000168,270.4200134,272.2900085,55.91999817,68.62000275,41.75999832,65.65000153,29.60000038,102.2799988,121.5299988,24.26705227,22.90539575,13.45823944
2018-07-05 00:00:00,49.75,44.13000107,270.9599915,272.8299866,56.49000168,68.56999969,41.52000046,65.40000153,29.81999969,102.4599991,122.0100021,24.20955098,22.59558091,13.42770177
2018-07-06 00:00:00,50.40000153,44.58000183,272.7099915,274.6199951,56.68000031,68.90000153,41.77999878,65.87999725,30.07999992,102.5199966,122.4800034,23.6291497,22.74831414,13.4241505
2018-07-09 00:00:00,51,44.34000015,276.5,278.4200134,57.16999817,69.87999725,42.63999939,66.79000092,30.70000076,102.3300018,121.9000015,23.88563801,23.19148972,13.55053212
2018-07-10 00:00:00,51.84000015,44.5,278.0799866,280.0100098,57.36999893,69.73000336,42.63999939,66.65000153,30.94000053,102.2099991,121.8099976,24.24443305,23.09119867,13.5206789
2018-07-11 00:00:00,51.18999863,44.63999939,276.519989,278.4500122,56.31999969,68.55000305,42,65.47000122,30.44000053,102.3199997,122.0899963,24.19726839,22.93517172,13.65504444
2018-07-12 00:00:00,51.72999954,44.49000168,277.6000061,279.5400085,56.72000122,68.91999817,42.58000183,65.77999878,30.78000069,102.3300018,122.1399994,24.43857241,22.58916693,13.53236442
2018-07-13 00:00:00,51.75999832,44.47000122,278.6600037,280.6000061,56.79000092,69.23999786,42.59999847,65.91000366,30.73999977,102.4800034,122.4700012,24.32318332,22.64399501,13.57585266
2018-07-16 00:00:00,51.86999893,44.52999878,278.8399963,280.7999878,56.97000122,69.37999725,42.40000153,66,30.90999985,102.2600021,121.6399994,24.58233584,22.5135251,13.6377464
2018-07-17 00:00:00,51.00999832,44.68000031,278.4100037,280.3599854,56.83000183,69.51999664,42.36000061,65.98999786,31.01000023,102.3499985,121.9000015,24.60654717,22.39606122,13.50117166
2018-07-18 00:00:00,51.47000122,44.84000015,280.0599976,282.0100098,56.99000168,69.55999756,42.52999878,65.61000061,31.42000008,102.2699966,121.3899994,24.74443039,22.46395852,13.04062936
2018-07-19 00:00:00,51.04999924,44.91999817,279.4599915,281.4200134,56.75,69.22000122,42.09000015,64.97000122,30.78000069,102.3499985,121.7699966,22.53377493,22.23297584,12.81665666
2018-07-20 00:00:00,51.33000183,44.90000153,279.5,281.4500122,56.95999908,69.72000122,42.70000076,65.94000244,31.89999962,102.1800003,120.6999969,22.74082816,21.98288799,12.63234677
2018-07-23 00:00:00,51.33000183,44.77000046,279.0599976,280.980011,57.06999969,69.79000092,42.63000107,64.88999939,31.70999908,101.6999969,119.1800003,23.30730247,22.56054261,12.76590144
2018-07-24 00:00:00,52.08000183,44.61000061,280.6300049,282.6099854,57.41999817,70.26000214,43.29999924,65.70999908,32.29000092,101.6299973,119.1399994,23.78930854,22.30083922,12.71226468
2018-07-25 00:00:00,51.09000015,45.75,281.2799988,283.269989,57.22999954,70.33000183,43.61000061,65.73999786,32.79000092,101.6600037,119.2600021,23.24779887,22.30610287,12.91544399
2018-07-26 00:00:00,51.86999893,46.20000076,283.0899963,285.0799866,57.54000092,70.81999969,43.58000183,66.19000244,32.74000168,101.5899963,119.1600037,23.36325188,22.33368484,12.8695879
2018-07-27 00:00:00,47.47999954,46.06000137,280.3800049,282.3599854,57.63000107,71,43.50999832,66.41000366,32.93000031,101.6800003,119.4000015,23.66651495,22.20620127,12.98682637
2018-07-30 00:00:00,46.43000031,46.04999924,279.3599854,281.3099976,57.86000061,70.73000336,43.59000015,66.48999786,33.15000153,101.5599976,118.9700012,23.6799667,22.027876,12.78403518
2018-07-31 00:00:00,47.68999863,46.31000137,280.3800049,282.3500061,57.95000076,70.40000153,43.56999969,66.72000122,32.75,101.7099991,119.5599976,23.72520588,22.40903683,12.610009
2018-08-01 00:00:00,48,46.16999817,280.1300049,282.1099854,57.52000046,70.48999786,43.41999817,66.81999969,32.54000092,101.1900024,118.0699997,23.49560522,22.51673132,12.91431657
2018-08-02 00:00:00,48.20000076,46.18000031,279.1600037,281.1199951,56.81999969,69.73000336,42.63999939,64.86000061,32.13999939,101.3199997,118.3000031,22.88144442,22.83944149,12.95547629
2018-08-03 00:00:00,49.16999817,46.13999939,282.3299866,284.3200073,56.95000076,69.73999786,43.09999847,65.66999817,32.90000153,101.5299988,118.8099976,22.84680362,22.72964052,12.82675517
2018-08-06 00:00:00,48.31999969,46.54999924,283.2000122,285.2000122,56.74000168,69.54000092,42.88000107,65.48999786,33.15999985,101.7600021,119.2699966,22.75623471,22.10605657,12.79550569
2018-08-07 00:00:00,49.40999985,46.13000107,285.2399902,287.25,56.86000061,70.26000214,43.36000061,65.61000061,32.95000076,101.5400009,118.5699997,23.14304381,21.72168388,12.56440158
2018-08-08 00:00:00,49.43999863,46.11999893,284.9400024,286.9700012,57.13999939,70.18000031,43.15999985,66.33000183,32.66999817,101.5800018,118.6100006,23.26514681,21.80217431,12.83013939
2018-08-09 00:00:00,49.72000122,46.08000183,284.9200134,286.9400024,57.09999847,70.12999725,43.20000076,66.33000183,32.06000137,101.7900009,119.1200027,23.25647263,22.07909247,12.86873593
2018-08-10 00:00:00,48.29999924,45.97000122,282.3599854,284.3599854,55.72999954,68.91999817,42.20999908,64.61000061,30.85000038,102.1699982,120.2799988,21.93401141,20.96161751,12.80275047
2018-08-13 00:00:00,48.38000107,45.70000076,281.769989,283.769989,55.56000137,68.34999847,41.54000092,63.72000122,30.45999908,102.2300034,120.2099991,20.03649064,20.261046,12.63125664
2018-08-14 00:00:00,47.65000153,45.86999893,282.480011,284.5,55.45999908,68.66000366,41.72000122,64.48000336,31.10000038,102.1900024,120.0299988,20.07581011,19.50148623,12.45261803
2018-08-15 00:00:00,46.90000153,45.65000153,280.1600037,282.1499939,54.25999832,67.66999817,40.33000183,62.88999939,30.34000015,102.4300003,120.5699997,20.83683039,19.17843003,12.46343596
2018-08-16 00:00:00,47.04999924,45.97000122,283.3599854,285.3699951,54.93999863,68.31999969,40.93999863,63.75,30.5,102.2799988,120.2799988,21.05410201,19.8278716,12.62281434
2018-08-17 00:00:00,46.33000183,46.24000168,283.3699951,285.3999939,54.88999939,68.43000031,40.65000153,63.77999878,30.11000061,102.4000015,120.75,21.66306597,20.24157767,12.95613546
2018-08-20 00:00:00,46.18999863,46.59000015,285.0599976,287.0700073,55.61000061,68.83999634,41.31000137,64.36000061,30.22999954,102.6800003,121.5400009,21.67012978,20.77783031,12.95618849
2018-08-21 00:00:00,46.63999939,46.20999908,285.7099915,288.1300049,56.15999985,69.05000305,41.84999847,65.41999817,30,102.6100006,121.0699997,21.3344598,20.9221632,13.16278077
2018-08-22 00:00:00,46.91999817,45.91999817,285.5799866,287.6000061,56.47000122,69.31999969,41.95999908,65.75,29.79999924,102.7699966,121.5800018,21.49549568,21.16511374,13.10430305
2018-08-23 00:00:00,46.70999908,45.68999863,285.4299927,287.4700012,56.11999893,68.83000183,41.52999878,65.23999786,29.72999954,102.8300018,121.7799988,21.6154145,20.98308297,13.09829595
2018-08-24 00:00:00,47.08000183,45.58000183,286.3800049,288.4200134,56.43000031,69.09999847,41.97999954,66.38999939,29.84000015,102.6399994,121.4899979,21.39636073,20.80450894,13.06687138
2018-08-27 00:00:00,47.63000107,45.56000137,288.6799927,290.730011,56.99000168,69.90000153,42.59000015,66.94000244,30.45999908,102.6399994,121.5199966,21.48029075,20.88611735,13.11812789
2018-08-28 00:00:00,48.31000137,45.27999878,289.3999939,291.4700012,57.25999832,70.08999634,42.58000183,67.25,30.19000053,102.3899994,120.6800003,21.79548328,20.48001624,13.13919414
2018-08-29 00:00:00,48.40000153,45.22000122,289.8900146,291.9599915,57.13999939,70.19000244,42.50999832,66.98999786,30.25,102.3000031,120.6200027,21.59456328,20.56257485,13.02210623
2018-08-30 00:00:00,48.09000015,44.88999939,289.6300049,291.7000122,56.90999985,69.69999695,41.59999847,66.58000183,29.54000092,102.5100021,121.0800018,21.61619496,20.46642569,13.2080145
2018-08-31 00:00:00,47.91999817,44.38999939,289.2900085,291.3699951,56.16999817,69.65000153,41.65000153,66.90000153,29.64999962,102.5999985,120.8899994,21.37188029,20.76556767,13.20617242
2018-09-03 00:00:00,47.91999817,44.38999939,289.2900085,291.3699951,56.16999817,69.65000153,41.65000153,66.90000153,29.64999962,102.5999985,120.8899994,21.65906364,20.6769104,13.18153038
2018-09-04 00:00:00,47.56000137,44.50999832,288.6799927,290.7600098,55.58000183,68.97000122,40.97999954,66.59999847,28.84000015,102.1200027,119.75,21.71775701,20.23009867,13.190745
2018-09-05 00:00:00,47.47000122,44.65999985,287.8900146,289.9500122,55.40000153,68.16999817,40.47000122,65.62000275,28.65999985,102.0500031,119.5500031,21.78474971,20.70207062,13.17988968
2018-09-06 00:00:00,47.20999908,45.29999924,287,289.0499878,55.11999893,67.87999725,40.36999893,65.38999939,28.95000076,102.2099991,119.6900024,21.64019145,20.68965577,13.19643571
2018-09-07 00:00:00,46.36000061,45.27999878,286.7099915,288.769989,54.75,67.45999908,40.29999924,64.81999969,29.36000061,101.8700027,118.9899979,21.60610951,20.31873932,13.05466076
2018-09-10 00:00:00,46.22999954,45.79999924,287.8800049,289.9400024,55.36000061,67.62999725,39.90999985,64.94000244,29.34000015,101.8899994,119.1699982,21.7021402,20.22291872,12.71302681
2018-09-11 00:00:00,44.88999939,45.88000107,286.980011,289.0299988,54.97999954,67.41999817,39.47000122,64.52999878,28.70000076,101.5999985,118.5999985,21.94953557,20.37333747,12.8961663
2018-09-12 00:00:00,44.06000137,46.02000046,288.230011,290.2999878,55.49000168,67.66000366,39.77000046,64.83999634,29.11000061,101.7200012,118.9000015,21.80369728,20.38239669,12.8854232
2018-09-13 00:00:00,45.11000061,45.70999908,290,292.0899963,55.88999939,68.48999786,40.68000031,65.75,29.40999985,101.6900024,118.9800034,22.17728806,20.50746872,13.17852745
2018-09-14 00:00:00,45.34999847,45.61000061,290,292.1000061,55.81999969,69,40.52999878,66.29000092,29.30999947,101.4599991,118.3000031,22.37052463,20.58476419,13.33420712
2018-09-17 00:00:00,45.18999863,45.90999985,289.0299988,291.1199951,56.04999924,69.01000214,40.34000015,65.55999756,29.68000031,101.3799973,118.1200027,23.23903229,20.73419538,13.21445425
2018-09-18 00:00:00,45.40999985,45.93000031,289.5499878,291.6600037,56.22999954,69.91999817,40.54999924,66.18000031,30.25,101.0899963,117.1600037,23.50822211,21.16555119,13.21203661
2018-09-19 00:00:00,45.88999939,45.86999893,290.8299866,292.9500122,56.31000137,70.52999878,41.06000137,66.44000244,30.57999992,100.8000031,116.1900024,23.50570772,21.5172697,13.56351762
2018-09-20 00:00:00,46.52000046,46.15000153,291.2399902,294.6300049,57.13000107,70.81999969,41.36000061,67.37000275,30.75,100.8000031,116.4700012,23.95889491,21.52515957,13.66676798
2018-09-21 00:00:00,46.36999893,46.38000107,291.8099976,295.2600098,57.31999969,70.98999786,41.65999985,67.59999847,30.97999954,100.9000015,116.8399963,24.21668722,21.57843729,14.19983265
2018-09-24 00:00:00,46.15000153,45.84000015,290.3699951,293.7999878,57.11999893,70.75,41.20000076,67,30.71999931,100.8399963,116.7200012,22.82537537,20.98103271,14.20536255
2018-09-25 00:00:00,45.79999924,45.61000061,290.480011,293.9200134,57.36000061,71.25,41.33000183,67.55999756,30.46999931,100.6800003,116.4000015,22.56706113,21.01396851,14.36610317
2018-09-26 00:00:00,45.58000183,45.56999969,289.4100037,291.5799866,57,71.26999664,41.06000137,67.80999756,31.12000084,100.8399963,116.6600037,22.73536152,20.850633,14.37929241
2018-09-27 00:00:00,45.72999954,45.68000031,290.1000061,291.9299927,56.86999893,71.05000305,41.15000153,68.47000122,31.44000053,100.9899979,117.0999985,22.01438362,21.12917207,14.45056219
2018-09-28 00:00:00,45.45999908,45.97000122,289.9500122,292.1000061,56.13999939,70.90000153,40.86000061,68.02999878,31.34000015,101.1299973,117.2200012,22.30970659,21.34449532,14.51739571
2018-10-01 00:00:00,46.20000076,46.04999924,290.980011,293.1600037,56.20999908,71.20999908,40.99000168,67.76999664,31.30999947,100.7099991,116.1200027,22.32276806,21.87944206,14.68973712
2018-10-02 00:00:00,47.31999969,46.06000137,291.1400146,293.3200073,55.75999832,70.47000122,40.49000168,66.80000305,32.02000046,100.8600006,116.5999985,22.13758367,22.09584481,14.80969465
2018-10-03 00:00:00,48.56000137,45.79999924,291.3200073,293.5100098,56.02000046,70.12000275,40.20999908,66.06999969,32.61000061,100.0899963,114.2399979,21.77593332,21.60197479,14.79942985
2018-10-04 00:00:00,47.61999893,45.43000031,287.6600037,289.8200073,55.18000031,68.93000031,39.20999908,64.16000366,32.00999832,99.87999725,113.7099991,21.88777941,21.42968084,14.77819778
2018-10-05 00:00:00,46.65999985,45.68999863,286.2200012,288.3599854,54.72000122,68.83999634,38.84999847,64,32.29999924,99.59999847,112.6200027,22.35999052,21.62021389,14.91273789
2018-10-08 00:00:00,46.52000046,45.97000122,285.5,287.6000061,53.99000168,68.55000305,38.88999939,63.63999939,33.56000137,99.73999786,112.6399994,22.33190582,21.8960851,15.09622175
2018-10-09 00:00:00,46.54000092,46.22000122,286.769989,288.9299927,53.81999969,68.19000244,38.84000015,63.45999908,33.61000061,99.76000214,113.0699997,22.20592926,21.8131357,15.05708647
2018-10-10 00:00:00,44.79999924,45.66999817,277.8800049,279.9400024,53.11000061,67.01000214,38.04999924,61.97000122,33.04000092,99.66999817,112.7900009,22.72745248,22.10380898,15.00690713
2018-10-11 00:00:00,43.72999954,44.5,270.3599854,272.3999939,52.29000092,65.45999908,37.36000061,60.45999908,32.61999893,100.0899963,113.7900009,22.20050493,21.9231637,14.95793655
2018-10-12 00:00:00,44.22999954,44.25,272.3699951,274.3900146,52.25999832,65.61000061,38.25,61.31000137,33.09000015,100.2399979,114.2799988,21.12702087,21.80990345,15.0366573
2018-10-15 00:00:00,44.43999863,44.59000015,274.2999878,276.3699951,52.54999924,65.88999939,38.27999878,61.41999817,33.18999863,100.2600021,114.2900009,20.06211281,20.65178954,14.87295757
2018-10-16 00:00:00,44.83000183,44.86000061,276.0700073,278.1300049,53.40999985,66.66999817,38.74000168,62.08000183,33.86000061,100.1999969,114.1600037,20.31361013,20.81086144,14.99907914
2018-10-17 00:00:00,45.54000092,45.36000061,277.5599976,279.6300049,52.97999954,66.75,38.54000092,62.04000092,34,100.0500031,113.9800034,21.7641864,20.46656374,15.11255286
2018-10-18 00:00:00,44.83000183,45.45999908,274.9700012,277.019989,52.15000153,65.72000122,37.61000061,60.43000031,33.15000153,99.94999695,113.5500031,20.98545431,20.36430342,15.04652008
2018-10-19 00:00:00,43.86000061,45.83000183,275.4700012,277.5899963,52.43000031,66.20999908,37.95999908,61.25999832,33.11000061,100.0299988,113.4100037,20.92211574,19.5623863,14.92576212
2018-10-22 00:00:00,44.09999847,45.81000137,274.4100037,276.4400024,52.18000031,65.95999908,38.36000061,61.31000137,33.50999832,100.1200027,113.5299988,20.51007324,19.91167706,14.89978806
2018-10-23 00:00:00,43.90999985,45.45000076,268.6099854,270.6099854,51.22999954,64.30000305,37.45000076,59.56999969,32.70000076,100.3399963,113.8399963,19.33743914,19.08589912,14.77082565
2018-10-24 00:00:00,42.36000061,46.24000168,264.7000122,266.6400146,50.38999939,63.27999878,36.99000168,58.40000153,32.09999847,100.5999985,114.2399979,19.25902682,19.49788269,14.85058442
2018-10-25 00:00:00,43.27999878,46.11999893,266.230011,268.2000122,50.72000122,63.43000031,37.31999969,58.79000092,32.38000107,100.5999985,114.2300034,18.87098775,19.7190358,14.67714963
2018-10-26 00:00:00,44.70000076,45.43000031,262.2900085,264.2399902,50.15000153,62.27000046,36.88000107,57.00999832,32.54000092,101.0400009,114.7900009,18.55210016,19.69862183,14.62007089
2018-10-29 00:00:00,44.43999863,46.04999924,259.8500061,261.8500061,50.49000168,61.99000168,36.34999847,56.34000015,31.67000008,100.8499985,114.2600021,19.31071613,20.14473377,14.75569671
2018-10-30 00:00:00,45.45999908,46.04000092,263.1199951,265.0799866,50.83000183,62.88999939,36.86000061,57.38000107,32.02000046,100.8700027,114.0199966,19.50326636,19.86941637,14.70746553
2018-10-31 00:00:00,46.83000183,47.22000122,270.1199951,272.1799927,51.72999954,63.95999908,37.65999985,58.09999847,32.45000076,100.5500031,113.2099991,19.41920463,20.28341007,14.61523908
2018-11-01 00:00:00,46.86000061,47.29999924,270.3800049,272.4100037,52.22999954,64.06999969,38.25999832,58.61999893,33.04000092,100.3300018,112.8399963,20.30340267,21.3504964,14.94279297
2018-11-02 00:00:00,46.75,47.43999863,269.5899963,271.6099854,52.36000061,64.69000244,38.93999863,60.45999908,33.66999817,99.93000031,111.9000015,20.27021802,21.97630702,15.53425789
2018-11-05 00:00:00,46.91999817,47.91999817,271.3500061,273.3900146,52.47000122,64.80000305,39.29999924,60.27999878,33.95999908,100.0299988,112.3499985,20.96501563,21.51125053,15.47405498
2018-11-06 00:00:00,47.02999878,48.59999847,273.25,275.3099976,52.45999908,65.19999695,39.20000076,60.54000092,33.65000153,99.91000366,112.3300018,21.09139201,20.89291,15.72191478
2018-11-07 00:00:00,47.59000015,49.02999878,277.0799866,279.1799927,53.13000107,65.73999786,39.68000031,61.13999939,33.40999985,99.91000366,112.4100037,21.92150955,21.32095555,15.8976181
2018-11-08 00:00:00,48.45999908,49.09999847,279.2200012,281.3500061,52.75,65.55999756,38.99000168,60.52000046,32.45999908,99.75,112.4100037,21.8826321,21.58330101,16.01680489
2018-11-09 00:00:00,47.86999893,49.36000061,276.1799927,278.25,52.33000183,64.80999756,38.15000153,59.20999908,31.77000046,99.91999817,112.7200012,21.42689177,21.22043615,15.21756122
2018-11-12 00:00:00,46.59999847,49.54000092,271.9899902,274.0100098,51.45000076,64.16999817,37.84000015,58.47999954,31.93000031,100.3300018,113.9100037,20.34183324,20.70152283,15.08105906
2018-11-13 00:00:00,46.99000168,49.58000183,271.25,273.2600098,51.63999939,64.05000305,38.15999985,59.02999878,31.12999916,100.3499985,113.4800034,19.77550102,20.49554527,14.8251968
2018-11-14 00:00:00,46.88999939,49.59000015,268.4500122,270.4299927,51.65000153,63.91999817,38.34000015,58.65000153,31.32999992,100.3899994,113.3000031,20.44768335,21.16085423,14.96616381
2018-11-15 00:00:00,46.72000122,49.27000046,267.0100098,268.9599915,51.06000137,64.15000153,38.77999878,59.59000015,31.77000046,100.7099991,113.6800003,20.37789741,20.5960657,15.0042212
2018-11-16 00:00:00,47.68999863,49.63000107,271.2099915,273.2900085,51.43999863,64.37999725,39.06000137,59.97999954,32.16999817,100.9800034,113.9199982,19.90552729,19.99234011,14.72743491
2018-11-19 00:00:00,47.77999878,50.25,268.0700073,270.0799866,51.25999832,64.36000061,38.95999908,59.84000015,32.29999924,101.0599976,114.4100037,19.89399752,19.81443242,14.88905669
2018-11-20 00:00:00,47.09000015,49.20999908,263.1499939,265.0899963,50.36000061,63.22999954,38.11999893,58.61000061,31.43000031,101.2300034,114.9300003,19.98662435,19.75257751,14.66268745
2018-11-21 00:00:00,47.02000046,48.59000015,265.0100098,266.9599915,50.90000153,64.12999725,38.91999817,59.5,31.92000008,101.0699997,114.5400009,19.82836944,19.61862632,14.70757514
2018-11-22 00:00:00,47.02000046,48.59000015,265.0100098,266.9599915,50.90000153,64.12999725,38.91999817,59.5,31.92000008,101.0699997,114.5400009,19.518552,19.72809948,14.69385648
2018-11-23 00:00:00,46.52000046,48.54999924,263.0700073,265.019989,50.61999893,63.93000031,38.52000046,58.59999847,31.22999954,101.3099976,115.0899963,19.12855401,19.41697625,14.80737579
2018-11-26 00:00:00,46.70000076,48.66999817,265.3399963,267.3099976,51.34999847,64.75,38.74000168,60,30.17000008,101.1299973,114.7799988,18.66495887,19.52594479,14.73414469
2018-11-27 00:00:00,46.59000015,48.72999954,265.6600037,267.6199951,50.97999954,64.62999725,38.66999817,60.04000092,30.54000092,101.1900024,114.7600021,18.65727024,19.26969879,14.60602169
2018-11-28 00:00:00,47.65000153,49.20999908,268.3299866,270.519989,51.06000137,65,39.09000015,60.43000031,30.94000053,101.1699982,114.3600006,18.19039278,18.98814963,14.52784603
2018-11-29 00:00:00,47.63000107,48.97000122,272.4299927,274.4899902,51.34999847,65.44999695,39.54999924,60.86999893,31.95999908,101.4599991,114.5899963,17.73833607,18.87711945,14.61950827
2018-11-30 00:00:00,47.56000137,48.99000168,273.4500122,275.5,51.18000031,65.37000275,39.47999954,60.34000015,31.89999962,101.6600037,114.9800034,17.32549255,18.5630284,13.87113348
2018-12-03 00:00:00,49.52999878,48.88999939,277.5100098,279.5899963,51.83000183,66.44999695,40.29999924,61.88999939,32.29999924,101.4100037,114.6600037,17.32432198,19.07919995,13.41920672
2018-12-04 00:00:00,47.68000031,49.5,269.8999939,271.9400024,50.72999954,64.5,39.61999893,60.68000031,31.70000076,101.9400024,116.6299973,17.27920716,18.83430967,13.48180279
2018-12-05 00:00:00,47.68000031,49.5,269.8999939,271.9400024,50.72999954,64.5,39.61999893,60.68000031,31.70000076,101.9400024,116.6299973,17.00482111,18.52110909,13.6745826
2018-12-06 00:00:00,46.52000046,48.65999985,262.4400024,264.3599854,49.29000092,63.04000092,38.47000122,58.97999954,30.78000069,102.5,118.1299973,16.58414867,17.66600027,13.55496418
2018-12-07 00:00:00,46.22999954,48.88000107,262.6300049,264.5899963,49.54000092,63.43000031,38.56999969,58.86000061,31.43000031,102.3600006,117.5199966,16.76548782,18.22224515,13.61173537
2018-12-10 00:00:00,46.00999832,48.47000122,258.6199951,260.5100098,48.77000046,62.38999939,37.70999908,58.29999924,30.54999924,102.7099991,118.4400024,16.85536253,17.55501909,13.3825218
2018-12-11 00:00:00,47.13000107,49.18000031,262.480011,264.4100037,49.13000107,62.75999832,38.27999878,58.59999847,30.48999977,102.5,118.6100006,16.95766783,17.46011724,13.1892972
2018-12-12 00:00:00,47.40999985,49.18999863,265.3699951,267.3500061,50.15999985,63.86999893,39.13000107,59.88999939,31.15999985,102.3099976,118.2399979,16.89549647,17.39021788,12.86776179
2018-12-13 00:00:00,47.86000061,48.56999969,264.1199951,266.0700073,50.11999893,63.75,39.09999847,59.81999969,31.11000061,102.3399963,117.9800034,16.66982517,17.62960299,12.90901174
2018-12-14 00:00:00,47.84999847,49.02000046,259.8500061,261.75,49.43999863,62.93999863,38.65000153,58.59999847,30.85000038,102.5199966,118.2200012,16.52746203,17.31207355,12.65755569
2018-12-17 00:00:00,46.65999985,48.02000046,253.5299988,253.9400024,48.79000092,62.33000183,38.15999985,58.18999863,30.43000031,102.6500015,118.5800018,16.39901275,17.3177602,12.64850945
2018-12-18 00:00:00,47.36000061,47.84999847,253.2799988,253.7100067,48.90000153,62.56000137,38.40999985,58.13999939,30.17000008,102.6800003,118.9400024,16.61998914,17.53589227,12.61574984
2018-12-19 00:00:00,45.38000107,47.61999893,249.3500061,249.7299957,48.50999832,61.63000107,37.59000015,57.18999863,29.70000076,102.7799988,119.9199982,16.70463238,17.13490321,12.55631549
2018-12-20 00:00:00,45.00999832,47.09999847,244.6499939,244.9799957,48.40000153,61.18999863,37.86999893,57.91999817,29.93000031,103.0899963,120.6699982,16.82283171,17.14863106,12.71877865
2018-12-21 00:00:00,44.79999924,47.22999954,239.9799957,241.7200012,47.81999969,59.97000122,37.70999908,57.68000031,29.73999977,103.0599976,120.3899994,16.71903542,17.02817825,12.923171
2018-12-24 00:00:00,43.54000092,45.83000183,234.2700043,236.0399933,46.95000076,58.65000153,37.29999924,57.45000076,29.45999908,103.2600021,120.9100037,16.59288179,16.9748792,12.64894128
2018-12-25 00:00:00,43.54000092,45.83000183,234.2700043,236.0399933,46.95000076,58.65000153,37.29999924,57.45000076,29.45999908,103.2600021,120.9100037,16.67408145,17.05794822,12.7108407
2018-12-26 00:00:00,43.50999832,45.65999985,233.7599945,235.4600067,46.79999924,58.61999893,37.18000031,57.36000061,29.25,102.9499969,119.9700012,16.64509665,17.02829614,12.68874526
2018-12-27 00:00:00,44.66999817,46.02999878,238.9600067,240.6699982,46.95999908,59.31999969,37.31999969,57.86000061,29.70000076,103.2300034,119.9800034,16.43835618,17.37942583,12.64878154
2018-12-28 00:00:00,46.29999924,47.02999878,246.4499969,247.9499969,48.25,60.50999832,38,58.86000061,30.46999931,103.3899994,120.2900009,16.75877135,17.45178487,12.67404276
2018-12-31 00:00:00,46.54999924,46.95999908,247.4700012,248.9900055,48.40999985,60.41999817,37.99000168,58.63999939,30.64999962,103.6299973,120.4599991,17.43843645,18.91342945,12.95252609
2019-01-01 00:00:00,46.54999924,46.95999908,247.4700012,248.9900055,48.40999985,60.41999817,37.99000168,58.63999939,30.64999962,103.6299973,120.4599991,17.49952419,18.97968417,12.99789946
2019-01-02 00:00:00,45.77000046,46.56000137,245.9499969,247.4199982,47.84999847,59.86000061,37.68999863,57.70999908,31.01000023,104.1800003,121.3399963,17.05503451,18.72329612,12.75683993
2019-01-03 00:00:00,44.38999939,46.52999878,243.6699982,245.0800018,47.90000153,59.81999969,37.52000046,56.65999985,31.92000008,104.4400024,122.2300034,16.71174485,18.2319054,12.64713218
2019-01-04 00:00:00,45.54000092,46.63999939,247.1699982,248.6399994,48.66999817,60.91999817,38.13999939,57.63999939,32.34000015,104.2699966,121.6500015,16.85946667,18.46332604,12.75510212
2019-01-07 00:00:00,46.75,46.90000153,251.6900024,253.2100067,49.36000061,61.99000168,38.65999985,58.45000076,32.97000122,104.0699997,121.6200027,17.48510052,18.49116238,12.79863512
2019-01-08 00:00:00,46.77999878,47.04000092,254,255.5200043,49.86999893,62.27999878,38.77999878,57.81000137,33.02000046,103.8499985,121.3899994,17.70361712,18.8466937,12.79887408
2019-01-09 00:00:00,47.77999878,46.43000031,256.1900024,257.7200012,50.40000153,62.90999985,39.38999939,59.36000061,33.91999817,103.7699966,120.8000031,18.07505137,17.93493469,12.9391381
2019-01-10 00:00:00,47.40999985,46.34000015,255.5,257.0799866,50.40999985,62.90999985,39.52000046,59.34000015,33.81000137,103.7900009,120.3399963,19.42734262,17.74034524,13.00190655
2019-01-11 00:00:00,48.04999924,46.97000122,257.0299988,258.5700073,50.34999847,62.72999954,39.58000183,59.61000061,33.83000183,104.0699997,120.6800003,19.37837241,18.39121532,12.98863671
2019-01-14 00:00:00,48.29999924,46.99000168,256.4100037,257.9500122,50.06000137,62.45000076,39.25999832,58.91999817,33.79999924,104.0500031,120.2399979,19.56773142,18.42666533,13.05800386
2019-01-15 00:00:00,48.43999863,46.81000137,257.8099976,259.3699951,49.99000168,63.18000031,39.59999847,59.90999985,33.90999985,103.9700012,119.9499969,19.66267425,18.28247664,13.07840813
2019-01-16 00:00:00,48.08000183,46.86000061,260.6000061,262.1600037,50.31999969,63.5,39.93000031,60.63000107,34,103.8099976,119.5100021,19.75877578,18.56166429,13.10386563
2019-01-17 00:00:00,47.90999985,46.88000107,259.9599915,261.519989,50.20000076,63.18000031,39.79000092,60.47999954,33.83000183,103.6800003,119.8899994,19.83377411,18.63282113,13.14348378
2019-01-18 00:00:00,48.68999863,47.11999893,263,265.7000122,51.02999878,64.16000366,40.38000107,61.40000153,34.47999954,103.3499985,119.3899994,20.00830978,18.61902416,13.24365735
2019-01-21 00:00:00,48.68999863,47.11999893,263,265.7000122,51.02999878,64.16000366,40.38000107,61.40000153,34.47999954,103.3499985,119.3899994,19.47300863,18.27763582,13.17480782
2019-01-22 00:00:00,47.86999893,47.20999908,261.0599976,262.6400146,50.50999832,62.97000122,39.68000031,59.93999863,33.68000031,103.6699982,120.0699997,19.39176664,18.56411705,13.58532462
2019-01-23 00:00:00,47.52000046,47.65000153,260.6600037,262.2600098,50.75,63.00999832,39.91999817,60.45999908,33.90000153,103.5800018,119.8300018,19.61800547,18.78871065,13.73519537
2019-01-24 00:00:00,48.59999847,47.38000107,262.0799866,263.6700134,50.70999908,63.45999908,40.25999832,61.34000015,34.31999969,103.9800034,120.7099991,20.96284738,19.07378371,14.22030377
2019-01-25 00:00:00,45.75,47.24000168,263.6600037,266.7099915,51.31999969,64.40000153,40.84999847,63.18000031,34.41999817,103.7300034,120.3199997,20.88177551,19.13134864,14.17136936
2019-01-28 00:00:00,46.04999924,46.93999863,261.7900085,263.3500061,50.97999954,63.86999893,40.31000137,62.52000046,33.54999924,103.7900009,120.4100037,20.73729844,19.07303118,14.26514797
2019-01-29 00:00:00,46.33000183,47.13000107,262.480011,264.0799866,51.40999985,64.15000153,40.52999878,63.06000137,34.11999893,103.9300003,120.3899994,20.49561244,18.97693122,14.21295819
2019-01-30 00:00:00,46.45000076,47.18999863,264.25,265.8500061,51.47000122,64.34999847,40.59000015,63.99000168,34.09000015,103.9599991,120.3300018,20.31393005,18.65271362,14.12687988
2019-01-31 00:00:00,46.09999847,47.47000122,267.269989,268.9200134,51.63000107,64.86000061,41.45999908,64.41000366,35.15000153,104.6100006,121.5,20.02728539,18.88871498,14.16653624
2019-02-01 00:00:00,47.00999832,48.40000153,269.1799927,270.8299866,51.77000046,64.62000275,41.38000107,63.81000137,34.99000168,104.0899963,120.8399963,19.99187177,18.85135188,14.28927228
2019-02-04 00:00:00,48.24000168,48.54000092,269.3599854,270.980011,51.68999863,64.76000214,41.29999924,63.79999924,34.81000137,103.8099976,120.0199966,20.25945347,18.64832272,14.12355437
2019-02-05 00:00:00,49.18000031,49.09999847,271.8800049,273.5400085,52.31000137,65.48999786,41.66999817,64.48999786,35.29000092,103.9899979,120.6600037,20.49257074,18.5301005,14.20380418
2019-02-06 00:00:00,49.81999969,49.02000046,271.9200134,273.5700073,52.27999878,64.94999695,41.45000076,64.45999908,34.29999924,104.0699997,120.7300034,20.20031911,18.03646196,14.12337898
2019-02-07 00:00:00,48.68000031,49,268.2900085,269.9299927,51.47999954,64.05999756,40.81000137,62.86999893,33.74000168,104.3499985,121.2300034,20.20617467,17.87539001,14.09853481
2019-02-08 00:00:00,48.00999832,49.11000061,267.8299866,269.4700012,51.02999878,63.56000137,40.65999985,62.29000092,33.52000046,104.5899963,122.0699997,20.14632654,18.1288445,14.11460036
2019-02-11 00:00:00,48.58000183,49.47999954,270.0299988,271.7000122,51.18999863,63.81000137,40.74000168,62.61999893,33.41999817,104.3700027,121.75,20.45563285,18.42197197,14.26150446
2019-02-12 00:00:00,49.27000046,49.45999908,272.3399963,274,51.61999893,64.76000214,41.04000092,63.31999969,34.04000092,104.2200012,121.1999969,20.81403623,18.31841013,14.4077383
2019-02-13 00:00:00,50,49.56000137,274.5599976,276.25,51.83000183,64.94000244,40.77000046,63.02000046,33.79000092,104,120.9100037,20.75624968,18.22940189,14.43913021
2019-02-14 00:00:00,50.34999847,45.5,272.8699951,274.5400085,51.72999954,64.76999664,40.50999832,63.25999832,33.54999924,104.4100037,121.5800018,20.71740839,16.97094369,14.42530214
2019-02-15 00:00:00,51.09000015,45.20000076,276.1300049,277.8200073,52.31000137,65.31999969,40.72999954,63.18000031,34.47999954,104.3399963,121.5400009,21.03026745,16.63787031,14.46214881
2019-02-18 00:00:00,51.09000015,45.20000076,276.1300049,277.8200073,52.31000137,65.31999969,40.72999954,63.18000031,34.47999954,104.3399963,121.5400009,21.71230967,16.90627987,14.53423784
2019-02-19 00:00:00,51.34000015,44.77000046,276.4700012,278.1799927,52.47000122,65.5,40.74000168,63.09000015,34.70000076,104.5500031,121.9499969,21.15928931,16.54281158,14.54216468
2019-02-20 00:00:00,51.06000137,44.79999924,277.25,278.9899902,52.90999985,65.95999908,41.36999893,64,34.66999817,104.5199966,121.5899963,21.59557036,16.58786377,14.62866726
2019-02-21 00:00:00,51.20999908,44.95999908,276.3500061,278.0400085,52.86000061,65.75,41.20999908,63.63000107,34.25999832,104.2200012,120.6999969,21.87145427,16.98475121,14.61053867
2019-02-22 00:00:00,52.06000137,45.20000076,277.3999939,279.5400085,53.04000092,66.13999939,41.65999985,64.12999725,34.88999939,104.4599991,121.4199982,22.11557393,18.75350537,14.60634632
2019-02-25 00:00:00,52.86000061,44.84000015,279.4299927,281.1499939,53.20000076,66.51000214,42.31000137,64.61000061,34.90999985,104.3600006,120.9199982,21.69146758,18.94508427,14.57595555
2019-02-26 00:00:00,52.90999985,44.65999985,278.8999939,280.6600037,53.40999985,66.45999908,42.09999847,64.29000092,34.79000092,104.5999985,121.3600006,21.93809134,18.87684076,14.64464749
2019-02-27 00:00:00,52.50999832,44.41999817,277.480011,279.2000122,53.38000107,66.19999695,41.79000092,64.01999664,34.68999863,104.3000031,120.2799988,22.19128796,18.69381952,14.31867027
2019-02-28 00:00:00,52.81000137,45.11000061,278.3200073,280.0599976,53.43999863,65.66000366,41.52999878,62.91999817,33.95999908,104.0599976,119.7099991,22.2148234,19.68435791,14.6500634
2019-03-01 00:00:00,52.88999939,45.20000076,278.8200073,280.5599976,53.70999908,65.69999695,41.59000015,62.81999969,33.45999908,103.5699997,118.6399994,22.33010965,20.08303762,14.5807622
2019-03-04 00:00:00,53.20999908,45.29999924,276.8399963,278.5499878,53.47000122,65.47000122,41.43999863,62.02000046,33.24000168,103.6600037,119.0599976,22.20045087,19.7537403,14.58228556
2019-03-05 00:00:00,53.11000061,45.40000153,278.4100037,280.1400146,53.54999924,65.65000153,42.00999832,62.15000153,33.47000122,103.6999969,119.2699966,22.07403731,19.82050873,14.49638271
2019-03-06 00:00:00,52.93999863,45.43999863,276.9700012,278.6799927,49.45999908,65.55999756,42.04999924,62.02999878,32.97999954,103.9899979,119.8899994,21.59800927,19.68239665,14.47235048
2019-03-07 00:00:00,52.36000061,45.13000107,274.0700073,275.7399902,52.77999878,64.79000092,41.33000183,61.02999878,32.59000015,104.4300003,120.6100006,21.2496702,19.06142873,14.63221707
2019-03-08 00:00:00,51.70000076,44.61000061,272.4200134,274.1000061,52.5,64.19000244,40.90999985,60.27000046,32.56999969,104.5800018,120.8499985,20.7933999,18.82691725,14.17648603
2019-03-11 00:00:00,52.56999969,45.09999847,275.230011,276.9400024,52.79999924,64.76999664,41.56000137,60.68999863,33.41999817,104.5699997,120.9800034,20.5891513,19.82024089,14.25083049
2019-03-12 00:00:00,53.18000031,45.90000153,278.8500061,280.6199951,53.15999985,65.33000183,42.04999924,61.52000046,34.04000092,104.6999969,121.2600021,21.98728089,20.40275552,14.44091138
2019-03-13 00:00:00,53.65000153,45.90999985,280.2999878,282.0400085,53.52999878,65.26000214,42.09999847,61.04000092,34.04000092,104.8000031,121.6200027,21.69606694,20.14896093,13.78021641
2019-03-14 00:00:00,53.33000183,45.63000107,280.6700134,282.4299927,54,64.83000183,41.86000061,60.77000046,33.93999863,104.6500015,120.9199982,21.84431803,21.07109197,14.21567996
2019-03-15 00:00:00,53.68000031,45.13999939,280.3299866,283.3299866,54.43999863,65.40000153,42.36000061,61.56999969,34.25,104.9700012,121.4000015,22.00655013,20.81593125,13.92148268
2019-03-18 00:00:00,53.86999893,45.36000061,281.2999878,284.3299866,54.66999817,65.73999786,42.84000015,61.88999939,34.65999985,104.9400024,121.5199966,22.30466396,21.48821774,13.97000064
2019-03-19 00:00:00,54,45.34000015,281.4100037,284.4400024,54.97000122,65.75,42.95000076,61.93999863,35.06000137,104.75,120.8899994,22.2151495,21.46173324,14.11858429
2019-03-20 00:00:00,53.61000061,45.18000031,280.3200073,282.1900024,54.65999985,65.51000214,42.61000061,61.81999969,34.81999969,105.0100021,121.7300034,21.95355077,21.07498467,14.12607947
2019-03-21 00:00:00,53.84000015,45.43999863,280.5899963,282.4899902,54.58000183,65.76999664,42.75999832,62.41999817,34.08000183,105.4800034,122.7399979,21.60128007,20.57390472,13.99765019
2019-03-22 00:00:00,53.20999908,45.45999908,279.1799927,281.0700073,53.56999969,65.33999634,41.83000183,61.22000122,32.72999954,106.0400009,124.0599976,21.41093784,20.11871705,13.92026114
2019-03-25 00:00:00,52.38000107,45.79000092,277.6400146,279.5299988,53.13999939,64.91999817,41.72999954,61.04000092,32.86000061,106.25,124.5100021,21.45536062,19.62493313,13.88008393
2019-03-26 00:00:00,53.04000092,46.16999817,279.5599976,281.4500122,53.41999817,65.76999664,41.88000107,60.83000183,33.20999908,106.3399963,124.6200027,21.42196433,20.00792967,13.88925633
2019-03-27 00:00:00,52.93999863,46.33000183,277.9299927,279.8299866,53.22999954,65.30999756,41.52999878,60.16999817,32.25999832,106.75,125.3099976,21.77244698,18.5752794,14.07017963
2019-03-28 00:00:00,52.77000046,46.47999954,279.0700073,280.9599915,53.18000031,65.48000336,41.68000031,60.31999969,32.18000031,106.6600037,126.0100021,21.74141814,19.38708429,13.94449513
2019-03-29 00:00:00,53.47999954,46.47999954,281.1400146,283.0299988,53.33000183,65.73999786,42.27000046,60.77000046,33.09000015,106.4400024,125.6399994,21.44144037,19.68925407,14.22901197
2019-04-01 00:00:00,54.09999847,46.59000015,284.3999939,286.3500061,54.09000015,66.54000092,42.90999985,61.79000092,33.72000122,105.6800003,124.1900024,21.48773128,19.79475851,14.22097125
2019-04-02 00:00:00,54.22999954,46.56999969,285.0899963,287.0400085,54.22000122,66.41000366,42.86000061,61.83000183,33.36000061,105.7600021,124.25,21.6161126,19.73417777,14.24520117
2019-04-03 00:00:00,54.88999939,46.04000092,285.75,287.6799927,54.84999847,66.94000244,43.15000153,63.06000137,33.29999924,105.5199966,123.3700027,21.70003307,19.77026607,14.30915672
2019-04-04 00:00:00,55.27000046,46.11000061,286.0100098,287.9500122,54.79000092,66.77999878,43.18999863,63.08000183,33.24000168,105.5500031,123.4400024,22.12412743,20.89866951,14.36289393
2019-04-05 00:00:00,54.86999893,46.20000076,287.6000061,289.5400085,54.86999893,66.80999756,43.59999847,63.24000168,34.02999878,105.5899963,123.5800018,22.38786547,20.76631446,14.2539564
2019-04-08 00:00:00,55.20000076,46.27000046,287.3699951,289.3099976,54.95999908,66.63999939,43.59000015,62.66999817,34.43000031,105.5599976,123.5199966,22.43865627,20.70458231,14.15943098
2019-04-09 00:00:00,54.90000153,46.27000046,286.7000122,288.6600037,54.74000168,66.37999725,43.72000122,62.90999985,34.34999847,105.7200012,123.7699966,22.48203718,20.66623058,14.18680557
2019-04-10 00:00:00,55.31999969,46.56000137,287.3099976,289.269989,54.77999878,66.51000214,43.84000015,63.41999817,34.54999924,105.9100037,124.0999985,22.61509881,20.49982976,14.04956485
2019-04-11 00:00:00,55.63000107,46.54000092,287.5799866,289.5299988,54.90999985,66.22000122,43.34999847,62.97000122,33.84000015,105.7200012,123.4100037,22.2294994,20.59208784,13.8328529
2019-04-12 00:00:00,55.84000015,46.56999969,288.2600098,291.2099915,55.27999878,66.73000336,43.63000107,63.81000137,33.27999878,105.2699966,122.6299973,21.92106282,20.26294788,13.91772065
2019-04-15 00:00:00,55.91999817,46.70000076,289.0799866,291.0400085,55.34999847,66.76999664,43.29999924,63.75999832,33.31000137,105.2900009,122.7200012,21.8500596,20.35849865,13.86890011
2019-04-16 00:00:00,56.06999969,46.70000076,289.5,291.4599915,55.50999832,67.04000092,43.65999985,64.05999756,33.29999924,105.0299988,122.1399994,21.76362746,20.23060855,13.67924568
2019-04-17 00:00:00,58.11999893,47.15000153,288.9899902,290.9400024,55.59000015,67.01000214,43.84999847,64.22000122,33.02999878,105,122.1100006,21.68297506,19.90867626,13.41161153
2019-04-18 00:00:00,58.11999893,47.27000046,288.6600037,290.6199951,55.47000122,66.81999969,43.75999832,63.06999969,33.29999924,105.2900009,122.7799988,21.31932054,19.68940307,13.19581186
2019-04-19 00:00:00,58.11999893,47.27000046,288.6600037,290.6199951,55.47000122,66.81999969,43.75999832,63.06999969,33.29999924,105.2900009,122.7799988,21.2459068,19.621602,13.15037167
2019-04-22 00:00:00,57.88000107,47.02000046,289.0700073,291.0400085,55.52999878,66.52999878,43.54000092,62.75,33.43999863,105.1200027,122.2399979,21.24480363,19.62058316,13.14968885
2019-04-23 00:00:00,58.5,47.54999924,290.4200134,292.3999939,55.34000015,66.70999908,43.59999847,62.90000153,33.52999878,105.2799988,122.3899994,21.15976247,19.57602564,13.16318966
2019-04-24 00:00:00,58.13999939,47.91999817,292.0700073,294.0599976,55.15000153,66.13999939,43.24000168,61.36000061,32.90000153,105.6399994,123.0899963,20.98562543,19.51068012,13.01574549
2019-04-25 00:00:00,57.22999954,47.47000122,290.730011,292.6799927,54.90000153,66.20999908,42.95000076,60.97000122,32.81999969,105.5899963,123.0999985,20.97044751,19.5896242,12.90489078
2019-04-26 00:00:00,51.52000046,47.97999954,291.2399902,293.2099915,55.04999924,66.44000244,43.24000168,60.86999893,33.41999817,105.8499985,123.6399994,21.49774949,20.42737564,12.9734469
2019-04-29 00:00:00,51,48.11000061,293.4100037,295.4100037,55.22000122,66.79000092,43.34000015,61.91999817,33.43000031,105.6100006,122.8499985,22.08067414,20.672369,13.04943293
2019-04-30 00:00:00,50.86999893,48.38999939,291.9200134,293.9100037,55.40999985,66.51999664,43.13999939,61.11999893,33.11999893,105.6200027,122.9300003,22.15324937,20.84707413,13.0617524
2019-05-01 00:00:00,50.74000168,48.54999924,291.7999878,293.769989,55.25999832,66.36000061,43.11000061,60.93999863,32.93000031,105.5500031,123.5999985,22.37638259,20.75944119,13.2224079
2019-05-02 00:00:00,50.11999893,48.27000046,289.519989,291.4899902,55,66.31999969,43,61.15999985,32.83000183,105.2699966,123.0400009,22.04673038,20.85889588,13.15755135
2019-05-03 00:00:00,50.72999954,48.52000046,291.2999878,294.5700073,55.31000137,66.79000092,43.54000092,61.09999847,33.16999817,105.4300003,123.3700027,22.03917632,21.06168476,13.03322077
2019-05-06 00:00:00,50.18999863,48.25999832,288.8999939,290.8800049,54.43000031,65.72000122,42.36000061,59.66999817,32.50999832,105.7300034,123.9300003,22.23770928,21.2514123,13.15062642
2019-05-07 00:00:00,49.93000031,47.77000046,285.8099976,287.75,53.93999863,65.08999634,41.75999832,59.18000031,31.85000038,105.9599991,124.3899994,21.96751355,21.0112652,13.1254911
2019-05-08 00:00:00,49.06999969,47.81999969,286.8699951,288.8200073,54.16999817,64.94000244,41.91999817,59.38999939,32.65000153,105.8600006,124.3000031,21.99482446,21.14535115,13.09495788
2019-05-09 00:00:00,46.04999924,47.06999969,283.2999878,285.230011,53.63000107,63.68999863,40.84000015,56.72000122,31.87000084,106.0500031,124.3099976,22.25055928,21.39176577,13.1421432
2019-05-10 00:00:00,45.09999847,47.40000153,282.2999878,284.2099915,53.83000183,63.90999985,41.06999969,56.77000046,31.71999931,106.0500031,124.5899963,22.05136199,21.80417858,12.97062413
2019-05-13 00:00:00,44.70000076,47.72999954,279.9299927,281.8399963,53.06999969,63.18999863,40.09999847,55.45999908,31.30999947,106.5199966,125.25,21.70179548,21.59771013,12.47723134
2019-05-14 00:00:00,44.86999893,48.34999847,281.8500061,283.75,53.43999863,63.86000061,40.66999817,56.33000183,31.38999939,106.4400024,125.1999969,21.38912594,21.51875701,12.01679985
2019-05-15 00:00:00,44.75999832,48.59999847,281.3599854,283.25,53.22000122,63.61999893,40.56000137,56.25,30.90999985,106.7399979,125.7699966,20.90862093,21.29581761,12.17088243
2019-05-16 00:00:00,45.41999817,49.20999908,285.7600098,287.7099915,54.04999924,64.33999634,40.83000183,55.84000015,30.70999908,106.5500031,125.5299988,20.91577051,21.4296715,12.46209913
2019-05-17 00:00:00,44.75999832,49.16999817,285.1199951,287.0799866,53.95999908,63.93000031,40.06000137,55.09999847,30.20000076,106.6200027,125.6900024,20.65549769,21.50014629,12.541752
2019-05-20 00:00:00,43.45000076,48.75999832,283.1199951,285.0499878,53.5,63.75,39.81000137,54.88000107,30.26000023,106.5299988,125.6500015,20.37048912,21.15984557,12.15863569
2019-05-21 00:00:00,44.18000031,48.45000076,285.5499878,287.4899902,53.81000137,64.13999939,40.11999893,55.54000092,30.69000053,106.3399963,125.3000031,21.01578344,21.2067203,12.06720939
2019-05-22 00:00:00,43.84999847,48.72000122,285.1000061,287.0599976,53.77000046,64.02999878,40.22999954,55.79000092,31.52000046,106.5699997,125.7200012,21.62678139,21.00305432,12.37270836
2019-05-23 00:00:00,42.86000061,49.45999908,280.5700073,282.4700012,52.97000122,63.52000046,39.56999969,55.20000076,30.98999977,107.0100021,126.8799973,20.99717651,20.76922164,12.56284626
2019-05-24 00:00:00,44.49000168,49.52999878,282.0899963,284.0100098,53.63000107,64.05999756,39.77000046,55.33000183,31.27000046,107.2300034,127.3899994,21.03596696,20.89665592,12.31003003
2019-05-27 00:00:00,44.49000168,49.52999878,282.0899963,284.0100098,53.63000107,64.05999756,39.77000046,55.33000183,31.27000046,107.2300034,127.3899994,21.1358118,20.99583954,12.3684582
2019-05-28 00:00:00,43.29999924,49.02999878,280.1300049,282.0799866,53.22000122,63.86000061,39.90999985,55.43999863,31.45000076,107.5299988,128.0899963,20.96385506,21.05263121,12.32720334
2019-05-29 00:00:00,43.33000183,48.40999985,276.7099915,278.5599976,52.5,63.38999939,39.88000107,54.45999908,31.62999916,107.7799988,129,21.36952315,20.63526229,12.30519935
2019-05-30 00:00:00,44.22999954,48.66999817,277.8099976,279.6799927,52.83000183,63.59999847,40.33000183,55.43000031,32.31999969,107.7200012,128.8899994,21.16696114,20.38393513,12.18742094
2019-05-31 00:00:00,43.93000031,48.77999878,275.2399902,277.1099854,52.13999939,63.04999924,40.25,55.08000183,32,108.4899979,130.8099976,20.45294108,20.02421112,12.09270684
2019-06-03 00:00:00,43.20000076,49.02000046,273.0899963,274.8999939,52.56000137,63.36999893,40.75,56.49000168,32.41999817,108.7699966,131.5500031,20.37488729,20.0715391,12.13392792
2019-06-04 00:00:00,43.77000046,49.61999893,276.6199951,278.4700012,53.27000046,63.63999939,40.59000015,56.40000153,32.77999878,108.5999985,130.5500031,20.55393093,18.9962393,12.17025731
2019-06-05 00:00:00,44.18999863,49.68999863,280.3200073,282.2099915,53.50999832,64.08000183,40.47999954,56.33000183,32.45999908,108.7600021,130.1199951,20.24821195,19.33361267,12.2073599
2019-06-06 00:00:00,44.50999832,50.59000015,282.5700073,284.4899902,53.65000153,64.23000336,40.40000153,56.27999878,32.56000137,108.7300034,130.3200073,20.11140616,18.80448197,12.3079268
2019-06-07 00:00:00,45.09999847,51.45000076,285.7399902,287.7000122,54.36000061,64.76999664,40.79000092,56.52000046,32.97000122,109.1399994,131.4400024,19.70793533,19.3523798,12.31745958
2019-06-10 00:00:00,46.20000076,51.09000015,288.8699951,290.8699951,54.54999924,65.36000061,41.11999893,57.20000076,33.00999832,108.6800003,130.3200073,20.30586051,20.10229299,12.36672708
2019-06-11 00:00:00,46.52000046,51.18000031,288.1799927,290.1799927,54.86999893,65.66999817,41.59000015,57.77999878,33.47000122,108.5800018,130.3200073,20.88965008,20.48353295,12.79268972
2019-06-12 00:00:00,46.25,51.47000122,287.8200073,289.8299866,54.63000107,65.02999878,41.18999863,57.31000137,33.40999985,108.7600021,130.3000031,20.43542974,20.89350911,12.85167125
2019-06-13 00:00:00,46.52999878,50.77999878,288.6199951,290.6300049,54.63000107,64.76000214,41.13999939,56.86000061,33.49000168,109.0500031,130.7899933,20.2206115,20.03021026,12.76957638
2019-06-14 00:00:00,45.54999924,51.04999924,288.4100037,290.3999939,54.20000076,64.58000183,40.75999832,56.61999893,32.91999817,109.1500015,131.0899963,20.23736953,20.3895302,12.85757688
2019-06-17 00:00:00,45.79999924,50.61000061,289.1799927,289.4100037,53.18000031,64.20999908,40.52999878,56.72000122,32.45999908,109.1699982,131.1300049,20.22924753,20.38040007,12.79758125
2019-06-18 00:00:00,46.59999847,50.52999878,290.9899902,291.25,53.75999832,64.48999786,41.06999969,57.47000122,32.90000153,109.4100037,131.9499969,20.0664711,20.34238508,12.81745842
2019-06-19 00:00:00,47,50.47000122,291.4700012,291.7799988,54.04000092,65.23999786,41.49000168,58.29000092,32.97999954,109.2099991,131.5800018,20.1945317,20.73489565,13.2200668
2019-06-20 00:00:00,46.86999893,51.34999847,293.1300049,293.8800049,54.59999847,65.98999786,42.34000015,59.47999954,33.95999908,109.9700012,132.5899963,20.5923297,20.88343209,13.66915555
2019-06-21 00:00:00,46.79999924,51.40999985,293.7600098,295.4700012,54.56999969,65.70999908,42.27000046,59.20999908,33.97999954,109.4499969,131.3800049,20.26915343,21.17141669,13.67373611
2019-06-24 00:00:00,47.16999817,51.70000076,293.4700012,295.1499939,54.79999924,65.72000122,42.29000092,59.36000061,34.08000183,109.7099991,132.0800018,19.50883656,21.16645012,13.59243122
2019-06-25 00:00:00,46.79999924,51.63999939,290.6400146,292.2999878,54.41999817,65.48000336,41.84999847,59.20000076,33.65000153,109.9499969,132.7200012,19.1349758,20.53633888,13.37664753
2019-06-26 00:00:00,47.56000137,51.09000015,290.3500061,292.019989,54.5,65.58999634,42.18999863,59.68000031,33.74000168,109.5999985,131.8800049,19.09946985,20.27970287,13.19830475
2019-06-27 00:00:00,47.24000168,50.97000122,290.8900146,292.6099854,54.52000046,65.94000244,42.38999939,60.06999969,33.41999817,109.6800003,131.9900055,19.02222109,19.91110992,13.20634842
2019-06-28 00:00:00,47.68000031,50.52000046,292.0100098,293.7099915,54.75999832,66.01000214,42.40999985,59.77000046,33.65000153,109.8099976,132.4499969,18.80070989,20.03042591,13.43813384
2019-07-01 00:00:00,47.75,50.77999878,294.3299866,296.019989,54.93999863,66.45999908,42.97999954,59.25,33.84999847,109.5,131.5899963,18.7498409,20.0319898,13.684718
2019-07-02 00:00:00,47.68999863,51.54999924,294.6799927,296.3699951,55.11000061,66.73999786,42.97000122,59.08000183,33.50999832,109.7900009,132.4600067,18.47379496,19.92792666,13.45387942
2019-07-03 00:00:00,48,52,297.019989,298.75,55.54000092,66.86000061,42.90999985,58.13000107,33.63000107,110.1999969,133.5099945,18.34307617,19.62809937,13.40455566
2019-07-04 00:00:00,48,52,297.019989,298.75,55.54000092,66.86000061,42.90999985,58.13000107,33.63000107,110.1999969,133.5099945,18.50919766,19.3270752,13.41319151
2019-07-05 00:00:00,47.43999863,51.47999954,296.0100098,297.7399902,54.77999878,66.38999939,42.59000015,57.68999863,34.06999969,109.3399963,131.6699982,18.55999631,19.17656568,13.31286515
2019-07-08 00:00:00,47.06999969,51.88999939,296.2200012,297.7399902,54.79999924,66.13999939,42.54000092,56.63000107,34.54999924,109.4800034,132.6100006,19.03879089,18.46261696,13.10169426
2019-07-09 00:00:00,47.13000107,51.43000031,295.480011,297.1900024,54.40000153,65.56999969,42.31999969,56.27000046,34.40999985,109.3399963,132.1600037,19.41297834,18.77464056,12.76675558
2019-07-10 00:00:00,47.90000153,51.65999985,297.7799988,299.5,54.66999817,66.01000214,42.81000137,57.06000137,34.95000076,109.3399963,131.5099945,19.08653838,18.68786395,12.70774748
2019-07-11 00:00:00,48.31000137,51.65999985,298.2000122,299.9299927,54.58000183,66.13999939,42.61000061,57.36999893,34.79000092,108.8799973,129.7599945,19.85040243,19.11242275,12.73327641
2019-07-12 00:00:00,48.81000137,51.90999985,299.5100098,301.2600098,54.59000015,66.16999817,42.59000015,57.33000183,34.81000137,108.8899994,129.6799927,19.94990658,19.26111508,12.74890452
2019-07-15 00:00:00,49.77000046,51.86999893,300.1900024,301.9700012,54.77999878,66.30999756,42.88000107,57.36999893,34.72999954,109.0699997,130.4499969,20.07744406,19.28540964,12.77312659
2019-07-16 00:00:00,48.95999908,51.81000137,299.4400024,301.1900024,54.63000107,66,42.83000183,57.45000076,34.52000046,108.8300018,129.9600067,19.95368346,19.37785571,12.6181386
2019-07-17 00:00:00,49.24000168,52.00999832,297.7399902,299.480011,54.52000046,65.94999695,42.72999954,56.84999847,34.52999878,109.2200012,131.0500031,19.772363,18.76698861,12.48650168
2019-07-18 00:00:00,48.88999939,51.66999817,296.7000122,298.4200134,54.34999847,65.44999695,42.68999863,57.06000137,34.52000046,109.4000015,131.2400055,19.88311315,18.92563991,12.4222827
2019-07-19 00:00:00,49.90999985,51.36999893,296.980011,298.6900024,54.43000031,66.19999695,42.68999863,57.70000076,34.31999969,109.5100021,131.5099945,20.12968202,19.16395896,12.51677424
2019-07-22 00:00:00,49.88999939,51.13000107,297.0400085,298.769989,54.47000122,66.15000153,42.66999817,58.02999878,34.38000107,109.6299973,131.7400055,20.00800834,18.66913599,12.51282573
2019-07-23 00:00:00,51.29999924,52.75999832,298.2200012,299.9599915,54.75,66.48999786,42.56000137,57.95999908,34.04000092,109.4199982,130.9700012,19.34856141,18.51274347,12.35014558
2019-07-24 00:00:00,51.79999924,53.61999893,299.0899963,300.8299866,54.70000076,66.48999786,42.72000122,57.70999908,34.22000122,109.5599976,131.4700012,18.85759902,16.27027672,12.38929328
2019-07-25 00:00:00,51.88000107,52.72000122,299.1099854,300.8299866,54.33000183,65.95999908,42.47000122,56.88000107,33.63999939,109.2300034,130.5099945,18.25446412,15.68235768,12.2362345
2019-07-26 00:00:00,51.52999878,53.18999863,300.6199951,302.3999939,54.5,66.01000214,42.50999832,57.02999878,33.59000015,109.3199997,131.25,18.30657846,14.9939595,12.20438564
2019-07-29 00:00:00,50.77999878,53.90000153,300.8500061,302.5799866,54.59000015,65.80000305,42.40000153,56.22000122,33.47000122,109.5199966,131.3999939,18.09164902,15.53368246,11.807369
2019-07-30 00:00:00,51.56000137,53.56999969,299.4899902,301.2200012,53.70000076,65.45999908,42.09000015,56.20999908,33.43000031,109.4499969,131.4299927,17.5076368,16.64019632,11.99474733
2019-07-31 00:00:00,50.04999924,52.04000092,295.2000122,296.8900146,53.06999969,64.69000244,41.31999969,54.93000031,32.70999908,109.3899994,131.6600037,17.09921378,17.00204269,11.91837091
2019-08-01 00:00:00,49.47000122,52.00999832,293.9599915,295.6600037,53.06999969,64.58000183,40.86000061,54.54999924,32.43999863,109.7900009,133.2599945,16.66281667,16.48051014,11.91069317
2019-08-02 00:00:00,48.5,51.90999985,290.8999939,292.5899963,52.56999969,64.05999756,40.49000168,53.40999985,31.96999931,110.8399963,135.3999939,16.36780339,16.270809,11.97880723
2019-08-05 00:00:00,46.56999969,51.40000153,281.7200012,283.3399963,51.38000107,61.97000122,39.00999832,51.08000183,30.79999924,111.7600021,137.6600037,16.07728771,16.07194148,12.00631917
2019-08-06 00:00:00,46.77000046,51.61000061,284.2799988,285.9299927,51.59000015,62.27999878,39.54000092,51.54000092,31.06999969,111.7900009,138.0899963,15.85429688,16.07314453,12.02446289
2019-08-07 00:00:00,45.97000122,51.77000046,282.0400085,283.6600037,51.58000183,62.25999832,39.27999878,50.72000122,30.84000015,112.1699982,139.7799988,16.19792897,16.21009871,12.04804634
2019-08-08 00:00:00,45.90999985,52.84999847,289.0100098,290.6799927,52.29999924,63.13999939,40.15999985,51.84000015,32.02999878,111.6600037,137.9799957,16.52701937,16.4905895,12.24043756
2019-08-09 00:00:00,45.77999878,53.08000183,289.6499939,291.3200073,52.20000076,62.90000153,39.88000107,51.84999847,31.98999977,112.0599976,139.8699951,16.86728117,16.49119009,12.16802097
2019-08-12 00:00:00,45.43999863,52.99000168,287.019989,288.6900024,51.90000153,62.31999969,39.50999832,51.49000168,30.98999977,112.5100021,141.5099945,16.001251,16.01327298,12.21432834
2019-08-13 00:00:00,45.36000061,52.86999893,287.3599854,289,51.74000168,62.36000061,39.27999878,51.08000183,30.92000008,112.1500015,141.9499969,16.07682119,15.9681124,12.03043869
2019-08-14 00:00:00,45.65000153,52.97000122,283.7600098,285.3999939,50.90000153,61.59999847,38.97999954,51.11000061,30.31999969,113,144.7100067,15.85233458,15.77994949,12.3054652
2019-08-15 00:00:00,45.43999863,53.22999954,282.3900146,284.019989,50.65999985,61.88000107,39.02000046,51.08000183,29.86000061,113.2799988,145.5800018,16.01620995,15.65439797,12.34984863
2019-08-16 00:00:00,46.06000137,53.95000076,284.7099915,288.0799866,51.15999985,62.45000076,39.54999924,52.04000092,30.45000076,113.1699982,144.8399963,15.82791181,15.13869029,12.45435383
2019-08-19 00:00:00,47.04000092,54.31000137,291.4400024,293.1400146,51.91999817,62.95999908,39.84999847,52.11999893,30.06999969,113.0100021,143.5099945,15.93092532,15.76067116,12.37990991
2019-08-20 00:00:00,46.45999908,53.84000015,289.9500122,291.6099854,51.59999847,63.04000092,39.88000107,52.74000168,29.89999962,113.4599991,144.8399963,16.0378512,15.98932518,12.47118838
2019-08-21 00:00:00,46.88999939,53.84999847,291.7200012,293.4299927,52.20999908,63.20999908,40.08000183,53.29000092,30.39999962,113.2099991,144.2899933,15.94483202,15.56779938,12.38126544
2019-08-22 00:00:00,46.68999863,54.09999847,290.3999939,292.1000061,51.97999954,62.77000046,39.70999908,52.13999939,30.29000092,113,143.4799957,16.64543565,15.52926941,12.35062208
2019-08-23 00:00:00,44.79999924,53.38999939,283.4700012,285.1000061,51.56000137,62.09999847,39.22000122,51.52999878,29.39999962,113.0100021,143.4299927,16.76059816,15.53540824,12.49693723
2019-08-26 00:00:00,45.25,53.72999954,285.5799866,287.2399902,51.72000122,62.59999847,39.40000153,51.66999817,29.01000023,113.5800018,145.2899933,16.77498493,15.54874334,12.5076642
2019-08-27 00:00:00,45.5,54.40999985,286.0299988,287.6900024,51.93000031,62.63999939,39.5,51.86999893,29.11000061,113.8099976,146.4799957,16.76879629,15.22855006,12.20972834
2019-08-28 00:00:00,45.36999893,54.41999817,285.25,286.8900146,51.52999878,62.54999924,39.36999893,52.06999969,29.23999977,114.1200027,147.6600037,16.43492323,15.35400152,12.27091802
2019-08-29 00:00:00,46.40000153,54.59999847,290.6099854,292.2999878,52.20000076,63,39.81999969,52.38999939,29.62000084,113.6900024,146.1300049,16.25062611,15.27314484,12.13298626
2019-08-30 00:00:00,47.15999985,54.81000137,291.4200134,293.1199951,52.34999847,63.25999832,40.15999985,53.20999908,30.36000061,113.7399979,146.3600006,16.34209947,15.01377073,12.108155
2019-09-02 00:00:00,47.15999985,54.81000137,291.4200134,293.1199951,52.34999847,63.25999832,40.15999985,53.20999908,30.36000061,113.7399979,146.3600006,16.62167816,15.00449952,12.13491939
2019-09-03 00:00:00,46.5,54.86999893,289.269989,290.9500122,52.13000107,63.15999985,39.95000076,52.72999954,29.85000038,113.6999969,146.5700073,16.30205273,14.84198731,12.03045638
2019-09-04 00:00:00,47.54000092,55.29999924,292.3099976,294.0499878,52.97000122,63.84999847,40.61000061,54,30.51000023,113.9499969,146.4799957,15.9231045,14.82287481,12.00580317
2019-09-05 00:00:00,49.86999893,55.02999878,294,298.3999939,53.47999954,64.58999634,41.11999893,54.95999908,31.20999908,113.0800018,143.8899994,16.16854477,14.82116604,12.24889755
2019-09-06 00:00:00,50.06999969,54.75999832,297.4200134,299.2000122,53.61999893,64.83999634,41.24000168,55.33000183,31.54999924,113.2699966,145.0800018,16.15666164,14.98588905,12.32392192
2019-09-09 00:00:00,51.02000046,54.36000061,297.1600037,298.9100037,53.59000015,65.22000122,41.27000046,55.61999893,31.77000046,112.6900024,143.1900024,16.2996087,14.5922646,12.28305101
2019-09-10 00:00:00,50.83000183,53.84999847,295.9700012,297.7099915,53.47000122,65.26999664,41.18000031,55.90000153,31.52000046,111.8799973,140.6600037,16.2465117,14.81444836,12.34537363
2019-09-11 00:00:00,51.38000107,53.97000122,297.75,299.5400085,53.77999878,65.93000031,41.49000168,56.31999969,31.90999985,111.75,140.3899994,16.25895694,15.02347389,12.60192711
2019-09-12 00:00:00,52.06999969,54.97999954,300.4100037,302.2200012,53.90999985,66.26000214,41.79000092,57.24000168,32.13000107,111.3499985,139.0599976,16.25715297,15.34438414,12.68008593
2019-09-13 00:00:00,52.22999954,54.06999969,300.6799927,302.4400024,54.49000168,66.91000366,42.11999893,57.70000076,32.02000046,110.5,136.5399933,16.324114,15.28844514,12.69927298
2019-09-16 00:00:00,51.70000076,53.63000107,299.4500122,301.2000122,53.97000122,66.58000183,41.77999878,56.93000031,31.80999947,110.75,137.25,16.05908706,15.47171189,12.9472484
2019-09-17 00:00:00,51.34999847,53.95999908,299.75,301.5400085,53.90999985,66.41000366,41.45999908,56.66999817,31.80999947,110.9400024,138.0200043,15.93338368,15.26224272,12.80139251
2019-09-18 00:00:00,51.15999985,53.81999969,298.2399902,300.0100098,53.95000076,66.16999817,41.36000061,56.5,31.94000053,111.1999969,139.5299988,15.990897,15.25336545,12.67769317
2019-09-19 00:00:00,51.5,54.13000107,300.7099915,302.4899902,54.38999939,66.83999634,41.40999985,56.86999893,31.73999977,111.3199997,139.9700012,16.11476734,15.3387625,12.74489047
2019-09-20 00:00:00,50.56000137,53.90000153,297.4100037,300.6000061,54.20999908,66.69999695,41.38999939,57.00999832,31.57999992,111.4800034,140.4400024,16.47044159,15.53106279,12.92575135
2019-09-23 00:00:00,50.38999939,53.88000107,297.269989,300.4400024,53.79999924,66.44999695,41.40999985,56.93999863,31.62999916,112.0599976,141.6999969,16.23846345,16.01396856,12.67148914
2019-09-24 00:00:00,49.63999939,54.04000092,294.8099976,296.4700012,53.43000031,66.34999847,40.61999893,56.93000031,31.35000038,112.2099991,142.4100037,16.2892768,15.7918943,12.68325369
2019-09-25 00:00:00,49.41999817,54,294.3299866,295.9700012,52.79999924,66.02999878,40.29000092,56.15999985,31.05999947,111.9000015,141.1399994,15.80721722,15.73779459,12.68572883
2019-09-26 00:00:00,50.34000015,54.13000107,295.4500122,297.1000061,53.31999969,66.37000275,40.50999832,56.27000046,31.59000015,112.1600037,141.8999939,15.78316362,15.07866845,12.48315995
2019-09-27 00:00:00,50.34000015,54,293.6900024,295.3399963,53.31000137,65.62999725,39.97999954,55.25999832,31.61000061,112.1900024,142.1399994,15.93291414,14.1308423,12.50462457
2019-09-30 00:00:00,50.93999863,54.15000153,295.9200134,297.5599976,53.47000122,65.72000122,40.25999832,56.22999954,31.53000069,112.1699982,141.8399963,16.00570358,15.14518188,12.48985779
2019-10-01 00:00:00,50.43000031,54.00999832,293,294.6300049,52.93000031,65.52999878,39.95999908,55.97999954,31.23999977,111.8099976,141.1399994,16.46859324,14.25639415,12.33915493
2019-10-02 00:00:00,48.97999954,52.90000153,286.6400146,288.2399902,51.61999893,64.55999756,39.61000061,54.72000122,30.54000092,112.7099991,143.2400055,15.59887937,13.98859316,12.24309208
2019-10-03 00:00:00,48.52999878,52.81999969,284.8200073,286.4200134,51.50999832,64.56999969,39.83000183,55.06000137,30.53000069,113.1399994,143.9199982,15.6265383,14.05158011,12.03366493
2019-10-04 00:00:00,50.02999878,53.88999939,291.0799866,292.75,52.09000015,65.18000031,40.13000107,55.54000092,31.12000084,113.5100021,145.1999969,15.78583577,14.46520682,12.05845313
2019-10-07 00:00:00,50.56000137,53.77000046,292.769989,294.4200134,52.49000168,65.38999939,40.11000061,55.72000122,31.02000046,113.4000015,144.7100067,15.56602686,14.65328044,12.16172939
2019-10-08 00:00:00,49.61000061,53.45000076,288.4899902,290.1099854,51.84999847,64.98999786,39.77999878,55.93000031,30.73999977,113.4800034,144.6199951,15.27402325,14.62275758,12.11599914
2019-10-09 00:00:00,50.15000153,53.54000092,290.0599976,291.7099915,52.18000031,65.41000366,40.06999969,56.29000092,30.82999992,113.1999969,143.8000031,15.1705854,13.97917817,12.03626792
2019-10-10 00:00:00,50.40000153,53.36000061,291,292.6199951,52.34000015,65.30000305,40.27000046,56.38000107,31,112.5599976,141.7299957,14.89985425,13.72740671,11.99316138
2019-10-11 00:00:00,51.81999969,53.20000076,296.1400146,297.7799988,53.84000015,66.33000183,41.02999878,57.58000183,31.64999962,111.7200012,139.7100067,15.91445923,14.29814696,12.28397322
2019-10-14 00:00:00,51.43999863,53.22000122,295.5700073,297.2399902,53.65000153,66.23000336,40.97000122,57.45999908,31.86000061,112.1600037,141.0800018,16.19017328,15.16803451,12.44233114
2019-10-15 00:00:00,51.83000183,53.27000046,296.9700012,298.6499939,53.91999817,66.62999725,41.08000183,57.58000183,31.82999992,111.6399994,139.5500031,17.00066842,15.53770288,12.44781879
2019-10-16 00:00:00,52.11999893,53.13000107,297.9200134,299.5899963,54.40000153,66.84999847,41.16999817,57.84999847,31.59000015,111.75,139.3500061,17.32256285,15.51693291,12.33953464
2019-10-17 00:00:00,51.38000107,53.58000183,298.519989,300.2000122,54.63000107,66.86000061,41.47999954,58.31000137,31.92000008,111.7200012,139.3000031,16.92741737,15.85021809,12.56732502
2019-10-18 00:00:00,51.02999878,54.45000076,297.0299988,298.6499939,54.59999847,66.59999847,41.29999924,57.45999908,32.04000092,111.8700027,139.4499969,16.72918606,15.93133257,12.61123257
2019-10-21 00:00:00,51.34000015,53.68000031,298.9400024,300.6700134,55.06999969,67.30000305,41.43999863,58.47999954,31.87999916,111.5100021,138.2299957,16.9896025,16.09948666,12.6422251
2019-10-22 00:00:00,51.88999939,53.74000168,298.9100037,300.5700073,54.86000061,67.44000244,41.63000107,59,32.40000153,111.5,138.6399994,16.75942652,16.11082973,12.59550375
2019-10-23 00:00:00,51.20000076,54.00999832,298.5,300.1900024,54.93999863,67.48999786,41.5,58.83000183,32.77999878,111.7900009,139.3600006,16.78929651,16.59558611,12.49822867
2019-10-24 00:00:00,51.43000031,54.49000168,299.4599915,301.1499939,55.20000076,67.59999847,41.68999863,58.95000076,33.13999939,111.7799988,139.0299988,16.6709743,16.92943902,12.53553882
2019-10-25 00:00:00,53.91999817,53.66999817,299.6799927,301.4200134,55.11000061,67.58999634,41.68999863,58.81000137,33.33000183,111.4199982,138.3099976,16.12737588,16.4355423,12.28813592
2019-10-28 00:00:00,56.06000137,53.36999893,302.9100037,304.5499878,55.41999817,67.88999939,42.15999985,59.20999908,33.63999939,111.0500031,136.9900055,16.14269231,16.47619662,12.22892351
2019-10-29 00:00:00,56.24000168,53.25999832,302.8599854,304.5599976,55.27999878,68.02999878,41.95999908,59.16999817,33.47999954,111.1500015,137.1699982,16.26465647,16.40608826,12.47171286
2019-10-30 00:00:00,55.61999893,53.15999985,301.9899902,303.6900024,55.22999954,67.87000275,41.74000168,58.77000046,32.95000076,111.3099976,137.7700043,16.30211002,16.49511054,12.54503337
2019-10-31 00:00:00,55.61999893,53.84999847,301.730011,303.4500122,55.43000031,67.91999817,41.66999817,58.63000107,32.81999969,112.0699997,140.4299927,16.42389994,16.51421204,12.52757804
2019-11-01 00:00:00,55.61999893,53.84999847,304.7399902,306.4700012,55.86999893,68.90000153,42.27000046,59.70999908,33.47999954,111.8799973,139.7899933,16.7826918,16.5627182,12.43497827
2019-11-04 00:00:00,56.84999847,52.97000122,306.9599915,308.7099915,56.27000046,69.20999908,42.77000046,60.61000061,33.68000031,111.5,138.5299988,16.71539847,16.7412737,12.30367179
2019-11-05 00:00:00,57.20999908,52.11999893,306.7099915,308.4299927,56.09999847,69.38999939,42.84000015,61.11000061,33.61999893,110.8499985,136.7299957,16.68170743,16.75905693,12.50483478
2019-11-06 00:00:00,56.97999954,52.40999985,306.0599976,307.769989,56.13999939,69.36000061,42.79000092,60.68999863,33,110.9800034,137.3399963,17.19563216,16.82209408,12.35251778
2019-11-07 00:00:00,57.86000061,51.95999908,307.6600037,309.4100037,56.27999878,69.91999817,43.16999817,61.47000122,33.25999832,109.9800034,134.4499969,17.54949859,16.99665724,12.53535613
2019-11-08 00:00:00,57.31000137,52.09000015,307.0299988,308.7799988,56,69.41000366,42.75,60.84999847,32.56999969,110.2399979,134.7799988,18.39040967,17.22743032,12.95891272
2019-11-11 00:00:00,57.90000153,51.77999878,307.269989,309,56.02999878,69.20999908,42.31999969,60,32.45999908,110.2399979,134.6399994,18.15808595,16.99361391,12.82198881
2019-11-12 00:00:00,58.02999878,51.58000183,308.1499939,309.8900146,56.15999985,69.45999908,42.20999908,60.27000046,32.04000092,110.1800003,134.7899933,18.64472198,17.10171051,12.85842896
2019-11-13 00:00:00,57.34999847,51.95999908,307.6600037,309.3999939,55.97000122,68.81999969,41.86999893,59.56000137,31.54999924,110.6299973,136.1699982,19.02118053,17.37610546,12.80074041
2019-11-14 00:00:00,57.56999969,52.34999847,308.0899963,309.8399963,55.88000107,68.73000336,41.81999969,60.02000046,31.60000038,111.1399994,137.6699982,19.02362409,16.96555057,12.59672406
2019-11-15 00:00:00,57.61999893,52.38000107,310.2600098,312.019989,56.18000031,69.33000183,42.16999817,61.43000031,32.06999969,111.0800018,137.4299927,18.88469599,17.00395546,12.71432124
2019-11-18 00:00:00,57.56999969,52.66999817,311.0299988,312.7999878,56.29999924,69.26999664,42.20999908,60.91999817,31.89999962,111.3300018,137.9299927,18.8649987,16.72007419,12.36561901
2019-11-19 00:00:00,57.75,52.86999893,311.2200012,312.980011,56.36000061,69.30000305,42.36000061,60.61999893,31.57999992,111.3899994,138.3699951,18.57327014,15.5151206,11.90856761
2019-11-20 00:00:00,57.36999893,53.00999832,309.0599976,310.8099976,55.90999985,68.76999664,42.13000107,59.65999985,31.48999977,111.7200012,139.7700043,18.5021184,15.72227531,12.3476751
2019-11-21 00:00:00,57.40999985,52.77999878,309.3900146,311.1799927,55.81999969,68.61000061,42.09000015,58.77000046,31.60000038,111.5699997,139.1199951,18.22717999,15.56420192,12.29365119
2019-11-22 00:00:00,57.49000168,52.75,309.8500061,311.6199951,55.99000168,68.77999878,42.13999939,58.90999985,32.22999954,111.5999985,139.6799927,18.0103362,15.42635683,12.20930251
2019-11-25 00:00:00,58,52.77000046,311.980011,313.75,56.34999847,69.26999664,42.40999985,59.75,32.08000183,111.6800003,140.1799927,17.82776433,15.29563054,11.89588745
2019-11-26 00:00:00,58.45000076,53.22000122,313.0599976,314.8399963,56.52000046,69.26000214,42.18000031,59.63999939,31.25,111.8499985,140.9400024,17.9013624,15.57811881,11.99442869
2019-11-27 00:00:00,57.90999985,53.59999847,314.3699951,316.1499939,56.61000061,69.55000305,42.34000015,59.61999893,31.15999985,111.6100006,140.4199982,17.78663812,15.35592618,12.02495057
2019-11-28 00:00:00,57.90999985,53.59999847,314.3699951,316.1499939,56.61000061,69.55000305,42.34000015,59.61999893,31.15999985,111.6100006,140.4199982,18.46530992,15.98138107,12.08947516
2019-11-29 00:00:00,57.79000092,53.22000122,314.0599976,315.8500061,56.38000107,68.90000153,42.02999878,58.40999985,31.47999954,111.4400024,139.7799988,18.91738344,15.98615747,12.13811634
2019-12-02 00:00:00,57.47000122,52.84999847,311.1700134,312.9500122,55.86000061,68.38999939,41.91999817,57.88000107,31.68000031,110.8099976,137.9499969,18.73806262,15.97918401,11.94442299
2019-12-03 00:00:00,55.75,53.40000153,307.1300049,308.8800049,55.38000107,67.93000031,41.54999924,56.95999908,31.5,111.5699997,139.9299927,18.62156445,15.9687356,11.97008139
2019-12-04 00:00:00,55.86000061,53.72000122,310.3200073,312.1099854,56.09000015,68.98999786,42.18000031,57.49000168,31.88999939,111.3899994,139.2100067,18.84683436,15.9353234,11.80201766
2019-12-05 00:00:00,55.75999832,53.83000183,310.5799866,312.3500061,56.18999863,68.91000366,42.33000183,57.09000015,32.27000046,111.1399994,138.6000061,19.53585901,16.4153661,11.9837417
2019-12-06 00:00:00,56.41999817,54.16999817,314.1099854,315.8900146,56.59999847,69.68000031,42.56000137,57.91999817,32.56000137,110.8300018,137.8600006,19.7902552,16.5796021,11.89520658
2019-12-09 00:00:00,56.5,54.02000046,313.7999878,315.6199951,56.50999832,69.37999725,42.49000168,57.65999985,32.63000107,111.0400009,138.5700073,19.59109673,16.60841467,11.9570074
2019-12-10 00:00:00,56.43999863,53.72999954,312.8099976,314.6099854,56.34999847,69.29000092,42.49000168,57.97999954,32.61999893,110.9100037,138.4100037,20.24451125,16.7740236,12.02839467
2019-12-11 00:00:00,56.58000183,53.65999985,313.4400024,315.4100037,56.52999878,69.43000031,42.83000183,58.27999878,32.90000153,111.0800018,139.2299957,20.10400055,16.59794689,12.08078413
2019-12-12 00:00:00,56.61000061,53.93999863,314.1700134,315.9700012,56.86000061,69.52999878,43.18999863,59.52000046,33.18000031,110.3099976,136.6100006,20.18295209,16.81692672,12.02529062
2019-12-13 00:00:00,57.38000107,53.84000015,316.019989,317.8399963,57.68000031,70.19999695,43.61999893,60.70999908,33.5,110.4800034,137.2299957,20.8462468,17.62565663,12.23554757
2019-12-16 00:00:00,57.65000153,54.36999893,317.25,318.9899902,58.56000137,70.83000183,44.04999924,60.24000168,33.27999878,110.5699997,137.4299927,20.57739503,17.59961496,12.01794648
2019-12-17 00:00:00,57.13000107,54.29000092,319.480011,319.2900085,58.20999908,70.84999847,44.27999878,60.95000076,33.24000168,110.5800018,137.2100067,20.87757505,17.1480146,12.06346865
2019-12-18 00:00:00,56.93999863,53.88999939,319.5299988,319.3599854,58.02000046,70.66999817,44.50999832,61.08000183,33.52999878,110.2300034,136.2799988,20.56241606,16.92757927,12.15688882
2019-12-19 00:00:00,56.97000122,53.91999817,319.519989,319.3399963,57.97000122,70.5,44.49000168,61.09999847,33.77000046,110.0800018,135.7599945,20.82188112,16.67320965,12.53351572
2019-12-20 00:00:00,57.88999939,54.47000122,319.3900146,321.8099976,58.22999954,70.73999786,44.59999847,61.83000183,33.75999832,110.0800018,135.9299927,20.9580839,16.40197871,12.44467591
2019-12-23 00:00:00,59.04000092,54.84000015,321.0599976,322.4500122,58.02999878,69.45999908,44.11000061,61.50999832,33.72999954,110.0899963,136,21.06878614,16.72497468,12.14706559
2019-12-24 00:00:00,59.15999985,54.63999939,320.8999939,322.3099976,58.02999878,69.37000275,44.11000061,61.06000137,33.84000015,110.0400009,135.8899994,21.06148968,16.69902992,12.03883553
2019-12-25 00:00:00,59.15999985,54.63999939,320.8999939,322.3099976,58.02999878,69.37000275,44.11000061,61.06000137,33.84000015,110.0400009,135.8899994,21.04514328,16.68606935,12.02949185
2019-12-26 00:00:00,59.34999847,54.79000092,321.6400146,323.019989,58.18000031,69.47000122,44.25,61.50999832,34.00999832,110.2699966,136.5099945,21.1079396,16.73585869,12.0653865
2019-12-27 00:00:00,59.90000153,55,322.2799988,323.7099915,58.58000183,69.73999786,44.52000046,62.25999832,34.09000015,110.6200027,137.2899933,20.94655977,16.8248593,12.04004615
2019-12-30 00:00:00,59.38000107,55.06000137,320.5499878,321.9599915,58.18000031,69.26000214,44.31999969,61.84000015,33.86999893,110.2399979,135.6600037,21.24818329,17.0194937,11.96601326
2019-12-31 00:00:00,59.36000061,54.97999954,320.1499939,321.5700073,58.09999847,69.19999695,44.29999924,61.91999817,33.77999878,110.2099991,135.3800049,20.98085403,16.9682657,12.01153893
2020-01-01 00:00:00,59.36000061,54.97999954,320.1499939,321.5700073,58.09999847,69.19999695,44.29999924,61.91999817,33.77999878,110.2099991,135.3800049,21.22015953,17.16180402,12.14854133
2020-01-02 00:00:00,60.22000122,54.75999832,322.5299988,323.9500122,58.79999924,69.94000244,45.02000046,61.68999863,34.09999847,110.6299973,136.6699982,21.2004776,16.96038208,11.97826984
2020-01-03 00:00:00,59.81000137,54.09000015,321.1000061,322.5100098,58.27999878,69.25,44.72000122,60.90000153,34.29000092,111.0400009,137.8800049,21.07063028,16.88807071,11.62698949
2020-01-06 00:00:00,59.33000183,54.52000046,320.3599854,321.7799988,58.18999863,69.09999847,44.38999939,60.27000046,34,111.2600021,138.1499939,20.50960026,16.0362053,11.51048994
2020-01-07 00:00:00,58.88999939,54.15000153,322.2399902,323.6499939,58.22000122,69.55000305,44.45000076,61.06999969,33.93000031,111.1900024,137.6399994,20.54672825,16.46253169,11.56328226
2020-01-08 00:00:00,58.52000046,54.15000153,322.6700134,324.1099854,58.16999817,69.48000336,44.47000122,60.86999893,33.88000107,110.7900009,136.3200073,20.0246529,15.99874036,11.56630246
2020-01-09 00:00:00,58.83000183,54.84000015,325.519989,326.9400024,58.31999969,69.94000244,44.91999817,61.84000015,33.59000015,110.6299973,135.9100037,20.15569024,15.96204858,11.65046074
2020-01-10 00:00:00,58.86999893,55.45000076,325.2000122,326.6199951,58.13000107,69.94000244,45.20000076,62.49000168,33.5,111.0899963,137.6300049,20.19343795,15.89334663,11.6063255
2020-01-13 00:00:00,59.08000183,55.41999817,325.9200134,327.3599854,58.15000153,70.12000275,45.45000076,63.31999969,33.50999832,110.9800034,137.3899994,20.02521704,15.88436368,11.48015795
2020-01-14 00:00:00,59.18999863,55.83000183,326.8399963,328.1099854,58.31000137,70.41999817,45.45999908,63.52000046,33.45000076,111.1600037,138.1399994,20.88501632,16.15731362,11.53351647
2020-01-15 00:00:00,58.75,56,327.2600098,328.7099915,58.45000076,70.36000061,45.31000137,63.06999969,33.00999832,111.4300003,139.0200043,20.84906875,16.12189076,11.2254199
2020-01-16 00:00:00,59.06999969,56.61000061,329.4500122,330.9200134,58.56000137,70.59999847,45.47999954,63.83000183,33.02000046,111.3000031,138.7400055,20.90505991,16.01460609,11.07198744
2020-01-17 00:00:00,59.24000168,56.79999924,330.8500061,332.5400085,58.90999985,70.68000031,45.65999985,63.81999969,33.43999863,111.0899963,137.3600006,20.57284996,16.29610365,11.01229476
2020-01-20 00:00:00,59.24000168,56.79999924,330.8500061,332.5400085,58.90999985,70.68000031,45.65999985,63.81999969,33.43999863,111.0899963,137.3600006,20.10925984,16.36316228,10.9261179
2020-01-21 00:00:00,59.79000092,56.56999969,330.8200073,332.3099976,58.63999939,70.16000366,44.72999954,62.63999939,32.88000107,111.5400009,138.7700043,19.91156261,16.04890154,10.56054137
2020-01-22 00:00:00,60.97000122,57.18000031,331.1700134,332.6799927,58.63999939,70.51999664,44.93999863,63.68999863,33.13999939,111.6800003,139.5899963,19.96346605,16.04906094,10.54279776
2020-01-23 00:00:00,62.81000137,57.24000168,329.4100037,330.8800049,58.06000137,70.06999969,44.15000153,62.65000153,32.91999817,111.9899979,140.7799988,19.7171241,16.06288377,10.58152327
2020-01-24 00:00:00,66.45999908,57.45999908,327.3599854,328.8399963,58.16999817,69.87999725,44.06999969,62.54000092,32.99000168,112.1600037,141.3000031,19.67987359,16.05877685,10.56153216
2020-01-27 00:00:00,65.59999847,57.13000107,322.6600037,324.0899963,57.04999924,68.37999725,42.36999893,59.84999847,31.87000084,113.0299988,143.5,19.4751758,15.83092761,10.56701356
2020-01-28 00:00:00,65.94000244,56.97000122,323.6000061,326,57.22999954,68.55000305,42.79000092,60.22999954,32.09000015,112.7799988,142.8200073,19.35509128,15.77661962,10.64399419
2020-01-29 00:00:00,66.16999817,56.65999985,326.3999939,327.9200134,57.58000183,68.75,43.25999832,60.54999924,32.09999847,112.9700012,143.4299927,19.6019685,15.78577131,10.53687211
2020-01-30 00:00:00,64.93000031,57.75999832,323.5400085,324.9599915,57.18000031,67.69000244,42.24000168,58.58000183,31.45999908,113.4000015,144.2899933,19.52000956,15.93895377,10.48272695
2020-01-31 00:00:00,63.66999817,58.15000153,320.730011,322.1799927,56.61000061,66.80999756,41.77000046,57.25999832,31.21999931,113.6900024,145.0899963,19.77052306,15.9685858,10.4712038
2020-02-03 00:00:00,64.30000305,58.52000046,323.2200012,324.730011,56.77999878,67.5,42.06000137,58.15000153,31.61000061,113.3199997,144.1199951,19.27158195,15.73889798,10.28169215
2020-02-04 00:00:00,64.91999817,58.61999893,327.7200012,329.2200012,57.63999939,68.66999817,43.29999924,60.11000061,32.20999908,112.9599991,143.0599976,19.50921664,15.804935,10.13803396
2020-02-05 00:00:00,66.12999725,58.54000092,330.6700134,332.2000122,58.18000031,69.15000153,43.47000122,60.41999817,32.38000107,112.6200027,141.8999939,19.54906762,16.00417002,9.917893637
2020-02-06 00:00:00,66.76999664,58.84000015,332.7999878,334.2900085,58.31999969,69.65000153,43.50999832,61.63999939,31.97999954,112.5599976,142,20.0285941,15.75253475,10.08578133
2020-02-07 00:00:00,66.01000214,58.84999847,331.6000061,333.1199951,57.86000061,68.94000244,42.86999893,60.29999924,31.56999969,113.0899963,143.8699951,20.28756999,15.77491102,9.943366046
2020-02-10 00:00:00,65.44000244,59.29000092,331.1900024,332.7099915,57.83000183,68.77999878,42.97000122,60.65999985,31.37999916,113.3700027,144.6799927,20.4847242,15.88242933,9.79760251
2020-02-11 00:00:00,66.56999969,59.31999969,334.6799927,336.2600098,58.36999893,69.41000366,43.65000153,61.77000046,32,113.1399994,143.9400024,20.39788187,15.78607451,10.05038131
2020-02-12 00:00:00,67.30999756,59.31999969,336.4299927,337.980011,58.63999939,69.55999756,44.02000046,62.66999817,32.20000076,112.8300018,142.9900055,20.39362115,15.90274902,10.05571348
2020-02-13 00:00:00,66.73999786,59.20999908,335.5599976,337.1000061,58.20000076,68.98999786,43.75,61.77000046,31.89999962,112.9400024,143.2700043,20.93942438,16.06738009,10.18464577
2020-02-14 00:00:00,66.81999969,59.61999893,336.2000122,337.75,58.31000137,68.72000122,43.61999893,62.04000092,31.90999985,113.2099991,144.4499969,23.22334838,17.30008986,10.4635536
2020-02-17 00:00:00,66.81999969,59.61999893,336.2000122,337.75,58.31000137,68.72000122,43.61999893,62.04000092,31.90999985,113.2099991,144.4499969,22.1508661,16.96884263,10.18130558
2020-02-18 00:00:00,65.87999725,59.45000076,335.2099915,336.75,58.11000061,67.86000061,43.47999954,60.93000031,31.54000092,113.3499985,144.9199982,22.07623224,17.01574059,10.14700127
2020-02-19 00:00:00,66.18000031,59.47000122,337.480011,339.019989,58.40999985,67.91000366,43.90999985,61.00999832,31.79000092,113.3000031,144.9799957,21.68455262,16.98088582,9.894681554
2020-02-20 00:00:00,64.55999756,59.11000061,333.6799927,335.230011,57.99000168,66.79000092,43.22999954,58.81999969,31.37999916,113.6200027,146,22.23658562,17.06528664,9.967678785
2020-02-21 00:00:00,64.04000092,59.43000031,332.5799866,334.1000061,57.91999817,66.48999786,43.11000061,58.20999908,30.89999962,114.0800018,147.6499939,22.15923839,17.10899336,9.79129138
2020-02-24 00:00:00,61.31999969,58.56999969,321.2399902,322.7000122,55.5,64.01000214,41.45000076,55.04999924,29.48999977,115.0199966,150,22.02129579,17.02116627,9.598694222
2020-02-25 00:00:00,59.45999908,57.61999893,311.6900024,313.0799866,54.25999832,63.65999985,41.34999847,55.29000092,29.07999992,115.0800018,150.1399994,22.13030039,17.16649469,9.604446956
2020-02-26 00:00:00,59.27000046,57.47999954,310.7000122,312.0700073,54.27999878,63.97000122,41.61999893,55.83000183,28.78000069,115.0899963,149.5800018,22.17455929,16.98243335,9.622512007
2020-02-27 00:00:00,55.79999924,54.88000107,297.5100098,298.7099915,52.63000107,62.22999954,40.59999847,54.88000107,27.86000061,115.5800018,150.8300018,21.6319475,16.54663287,9.021916051
2020-02-28 00:00:00,53.59999847,51.58000183,285.5400085,286.7099915,50.95999908,60.47999954,39.22000122,53.29999924,26.93000031,116.7600021,154.1600037,20.62227631,15.98226414,8.468022208
2020-03-02 00:00:00,54.52000046,53.70000076,294.4599915,295.6499939,51.86999893,61.43000031,40.29000092,54.86000061,27.94000053,116.9700012,153.7599945,21.01636669,16.41863625,8.52949434
2020-03-03 00:00:00,55.40000153,55.63999939,297.5700073,298.8800049,52.34000015,61.58000183,40.75,55.20999908,28.18000031,117.0299988,152.3600006,21.47435099,16.23981834,8.860404034
2020-03-04 00:00:00,56.15999985,56.40999985,303.3299866,304.7099915,53.31000137,62.54000092,41.31999969,56.95999908,28.37000084,118.0500031,154.1900024,20.96207516,16.07727054,8.884842864
2020-03-05 00:00:00,56.61000061,56.18999863,300.0100098,301.3099976,52.47999954,62.00999832,40.63000107,56.06000137,27.12999916,118.9199982,156.8099976,20.59997368,15.91347967,8.935238583
2020-03-06 00:00:00,54.54000092,53.97999954,290.230011,291.4200134,51.38999939,60.95999908,39.65999985,55.11000061,26.11000061,120.0899963,164.1100006,20.08651062,15.72213017,8.935971844
2020-03-09 00:00:00,50,51.47999954,273.4500122,274.5799866,47.34000015,57.02000046,36.95000076,51.36999893,22.67000008,121.4499969,170.3399963,18.27351306,14.67120762,7.859313268
2020-03-10 00:00:00,50.43000031,51.16999817,273.5,274.6099854,47.40999985,58.33000183,37.95000076,53.06000137,23.26000023,119.25,162.0299988,18.305439,14.80125496,7.871338768
2020-03-11 00:00:00,51.00999832,51.13999939,270.8800049,271.9899902,45.90000153,57.11000061,37.09000015,51.58000183,21.80999947,117.5999985,155.6300049,17.99615293,15.05273623,7.900750065
2020-03-12 00:00:00,45.36999893,46.68999863,247.6799927,248.5599976,40.43000031,50.09000015,32.83000183,45,18.71999931,114.4000015,155.6600037,15.33058216,13.45912313,7.024380455
2020-03-13 00:00:00,47.74000168,46.61000061,248.5200043,250.5200043,40.77999878,51.54999924,34.11999893,47.70999908,20.20000076,117.0100021,152.1900024,14.98372099,13.67641647,6.951340358
2020-03-16 00:00:00,43.63000107,41.16999817,237.3600006,235,37.15999985,48.45000076,31,41.83000183,17.63999939,119,157.8099976,12.85866535,12.25107172,6.113135988
2020-03-17 00:00:00,45.20000076,45.36999893,237.0700073,237.8200073,38.02000046,49.75,31.85000038,42.72999954,18.21999931,117.4199982,152.7100067,11.52915796,10.79463224,5.274649847
2020-03-18 00:00:00,45.20000076,41.59000015,228.0200043,228.7799988,36.29000092,48.25,30.04000092,39.65000153,16.55999947,115.3399963,139.0099945,9.885207503,10.55795921,5.054729036
2020-03-19 00:00:00,45.15999985,41.04000092,232.2200012,232.9400024,36.91999817,48.97999954,30.18000031,38.25999832,16.10000038,115.9199982,145.25,8.021483767,8.358618592,4.301375353
2020-03-20 00:00:00,45.47000122,37.50999832,228.5,230.6999969,37.5,49.49000168,31.04000092,40.36999893,16.78000069,117.4100037,152.1100006,9.275968698,8.092047043,4.367866302
2020-03-23 00:00:00,45.90999985,36.27000046,218.2599945,220.2799988,36.93000031,48,29.95999908,38.27999878,15.53999996,119.4499969,156.5700073,8.996234221,7.380631435,4.27727932
2020-03-24 00:00:00,51.34999847,38.83000183,233.8000031,235.9700012,39.34000015,51.88999939,31.92000008,43.22000122,16.89999962,119.2600021,160.4100037,9.682281911,7.53710568,4.267161369
2020-03-25 00:00:00,49.90999985,39.90999985,239.75,240.4900055,40.36000061,52.20000076,32.61999893,45.11999893,17.36000061,119.4000015,161.6199951,11.63873982,8.820443149,5.076471625
2020-03-26 00:00:00,51.65999985,42.45000076,249.0500031,249.8999939,42.09999847,54.38999939,33.77000046,45.77999878,18.92000008,119.9100037,162.2700043,10.66603482,7.892865765,5.190803611
2020-03-27 00:00:00,52.06999969,42.40000153,251.0500031,251.7799988,41.72000122,54.27999878,32.75999832,44.61999893,17.87999916,120.6800003,164.5899963,11.54789264,8.943058957,5.166965168
2020-03-30 00:00:00,52.83000183,43.04000092,253.5299988,254.3699951,42.22999954,55.00999832,32.72999954,45.36000061,17.68000031,121.1800003,165.9400024,11.02107428,8.592701983,4.919010556
2020-03-31 00:00:00,53.22000122,44.06000137,256.2200012,257,42.74000168,54.40000153,33.34999847,46.72000122,17.98999977,121.3099976,164.5599976,11.22108091,8.660150647,5.07237395
2020-04-01 00:00:00,51.43000031,41.79999924,243.8999939,244.6199951,41.34000015,52.5,32.25999832,43.61000061,17.12999916,121.7300034,166.3999939,9.864747798,8.152376482,4.988212094
2020-04-02 00:00:00,51.22000122,41.86000061,244.5899963,245.4400024,41.36000061,52.61000061,32.72999954,45.11999893,17.45000076,121.6699982,167.2599945,10.17830539,8.66765666,5.132490979
2020-04-03 00:00:00,52.72999954,43.31000137,245.2200012,246,40.95999908,52.09999847,32.5,44.90000153,16.87000084,121.8199997,168.1399994,10.27541585,8.056719303,4.988968492
2020-04-06 00:00:00,56.11999893,44.68999863,248.1699982,257.5400085,42.54000092,54.36000061,33.72999954,47.34000015,17.90999985,121.2799988,166.5299988,10.38713479,7.943103075,5.004154937
2020-04-07 00:00:00,58.20999908,46.47999954,264.8900146,265.7000122,43.5,55.77000046,34.40999985,48.75999832,18.64999962,120.2699966,163.7100067,10.95524897,8.445946133,5.502105488
2020-04-08 00:00:00,57.90999985,46.33000183,265.25,266.3999939,43.54999924,55.33000183,34.38000107,48.18000031,18.64999962,120.4599991,164.1300049,11.10480559,8.612393668,5.669620187
2020-04-09 00:00:00,56.06000137,48.34999847,275.4700012,276.3500061,44.70999908,56.59000015,34.72999954,48.84000015,19.32999992,120.5299988,163.7799988,11.84781183,9.170900369,6.506382018
2020-04-10 00:00:00,56.06000137,48.34999847,275.4700012,276.3500061,44.70999908,56.59000015,34.72999954,48.84000015,19.32999992,120.5299988,163.7799988,11.90683724,9.216589499,6.538796604
2020-04-13 00:00:00,56.56999969,46.5,271.4100037,272.2900085,44.38000107,56.27000046,34.54999924,48.20999908,18.93000031,120.6699982,163.8800049,11.91277249,9.221183729,6.542056024
2020-04-14 00:00:00,59.50999832,46.93000031,275.5100098,280.7999878,45.29000092,57.72000122,35.52000046,49.47999954,19.59000015,120.8000031,163.4799957,11.63475097,9.480631309,6.149260201
2020-04-15 00:00:00,58.38999939,47.40999985,275.4599915,276.3099976,43.52999878,56.47999954,34.72999954,47.90999985,18.69000053,121.4800034,166.7400055,11.01010125,9.280303234,5.460858706
2020-04-16 00:00:00,58.81000137,46.75999832,275.7600098,276.6199951,43.29999924,56.29999924,34.93000031,48.52999878,18.5,121.9899979,169.0200043,11.32609618,9.25299867,5.634437621
2020-04-17 00:00:00,59.83000183,47.36999893,282.3999939,283.3099976,44.68000031,57.20000076,35.40999985,50.40999985,18.79000092,121.6399994,167.2700043,11.61367629,9.590648804,5.975423766
2020-04-20 00:00:00,58.88999939,46.31000137,281.3500061,282.2600098,44.59999847,56.70000076,35.27999878,49.56999969,18.42000008,121.7900009,167.9600067,11.65084836,9.727771564,5.800449154
2020-04-21 00:00:00,55.93000031,44.25999832,272.019989,272.9200134,43.56000137,55.50999832,34.31000137,48.11000061,17.86000061,122.3000031,170.7799988,11.01184512,9.394285953,5.723670912
2020-04-22 00:00:00,57.81000137,45.5,276.9100037,277.7999878,44.15999985,56.63000107,35.24000168,49.52999878,18.25,121.8099976,168.7100067,10.76128393,9.34694376,5.349895442
2020-04-23 00:00:00,58.81000137,44.97000122,278.75,279.6700134,43.97999954,56.90000153,35.13999939,49.72999954,17.98999977,121.8700027,169.6100006,11.20244502,9.477095956,5.126751518
2020-04-24 00:00:00,56.09999847,45.11999893,278.5,279.3900146,44.13999939,56.90999985,34.79000092,49.29000092,16.84000015,121.8799973,169.5700073,10.80820695,9.239472909,4.940894604
2020-04-27 00:00:00,58.38999939,45.70999908,284.6199951,285.5499878,44.88000107,57.90000153,35.47000122,50.61999893,17.38999939,121.4599991,167.4400024,11.30306808,9.43571219,4.958930355
2020-04-28 00:00:00,58.25999832,46.56999969,285.3999939,286.3500061,45.54999924,58.74000168,35.79000092,51.22999954,18.31999969,121.7399979,168.4499969,11.55308211,9.664836431,5.099505597
2020-04-29 00:00:00,59.31999969,46.88000107,290.4100037,291.3800049,46.50999832,59.83000183,36.36999893,52.04000092,19.20999908,121.7099991,167.9600067,11.75168552,9.960952492,5.098614883
2020-04-30 00:00:00,59.75,45.70000076,288.5899963,289.5400085,45.83000183,58.38999939,35.90999985,51.24000168,19.04999924,121.6699982,166.7100067,12.30934289,9.989649092,4.782809522
2020-05-01 00:00:00,57.31000137,45.20999908,281.519989,282.4400024,44.95999908,56.93999863,34.84000015,49.43999863,18.17000008,121.5699997,166.4400024,12.07789179,9.738997863,5.057749028
2020-05-04 00:00:00,56.31000137,44.59999847,279.1300049,280.1000061,44.56999969,56.72000122,35,49.52000046,18.10000038,121.5500031,166.4799957,11.49525501,9.714300013,5.012827891
2020-05-05 00:00:00,58.34999847,45.15000153,283.7099915,286.6700134,44.88999939,57.70999908,35.52999878,50.38000107,18.68000031,121.3700027,165.2700043,11.48724372,9.620411044,5.090230423
2020-05-06 00:00:00,58.93999863,44.72000122,283.7799988,285.0599976,44.63999939,57.41999817,35.45999908,50.06999969,18.23999977,120.8499985,162.0500031,11.12511739,9.246042755,5.015013769
2020-05-07 00:00:00,58.91999817,44.5,287.1300049,288.0899963,45.13999939,58,35.56000137,50.68999863,18.04999924,121.2600021,163.3399963,11.16698747,9.355125264,5.164423565
2020-05-08 00:00:00,59.04999924,44.88000107,289.8599854,290.8099976,45.90000153,58.90000153,36.15999985,51.34000015,18.5,121.4400024,163.6799927,11.21259416,9.393332191,5.185515399
2020-05-11 00:00:00,59.70999908,45.52000046,289.8800049,290.8699951,45.58000183,59.18000031,36.29000092,50.36999893,18.54999924,121.0899963,162.1000061,10.98942,9.362737489,4.998013049
2020-05-12 00:00:00,58.25999832,44.79999924,286.519989,287.4599915,45.36000061,58.70999908,36.18999863,50.31000137,18.07999992,121.1100006,163.1300049,10.85347824,9.324124489,5.278737144
2020-05-13 00:00:00,56.90000153,43.52000046,278.9599915,279.8699951,44.54000092,58.58000183,35.86999893,50.11999893,17.54999924,121.6500015,164.8300018,10.80882367,9.080882474,4.950980458
2020-05-14 00:00:00,56.09999847,43.22999954,272.9899902,275,43.38999939,57.29000092,35.27999878,49.54999924,17.04999924,121.9800034,167.0500031,8.990966195,8.079423451,4.945586476
2020-05-15 00:00:00,56.95999908,43.20000076,281.3399963,282.25,44.09999847,57.91999817,35.56999969,49.75,17.84000015,121.8600006,166.3300018,9.566919923,8.624908626,5.107658654
2020-05-18 00:00:00,59.36000061,44.13000107,292.7000122,293.6900024,45.66999817,59.43000031,36.56999969,51.25,18.62999916,121.0599976,162.4199982,9.668608665,8.943463016,4.864518735
2020-05-19 00:00:00,59.84999847,44.25,291.9500122,292.9200134,45.79000092,59.54999924,36.74000168,51.90999985,18.61000061,121.1699982,162.4799957,9.747824993,8.869422741,4.921736783
2020-05-20 00:00:00,61.02000046,45.02000046,295.5700073,296.6000061,46.58000183,60.40999985,37.02000046,52.41999817,18.92000008,121.2799988,162.8800049,9.682203305,8.799774649,5.147500491
2020-05-21 00:00:00,61.81999969,45.02999878,293.6900024,294.6900024,46.31000137,59.59000015,36.65999985,51.88999939,19.26000023,121.5999985,164.2899933,9.740577407,8.822809435,5.07831611
2020-05-22 00:00:00,61.41999817,44.65000153,293.2200012,294.2099915,46.02000046,59.13999939,35.97999954,50.81999969,19.07999992,121.6900024,164.6100006,10.0110016,8.874221199,5.02994769
2020-05-25 00:00:00,61.41999817,44.65000153,293.2200012,294.2099915,46.02000046,59.13999939,35.97999954,50.81999969,19.07999992,121.6900024,164.6100006,9.980380172,8.847076929,5.014562199
2020-05-26 00:00:00,62.11999893,45.93000031,295.4599915,299.7099915,47.58000183,61.38999939,36.84000015,52.88999939,20.35000038,121.3899994,162.9799957,10.21254769,8.760584517,5.246589613
2020-05-27 00:00:00,61.06999969,46.16999817,296.8699951,297.9100037,47.65999985,61.49000168,36.56000137,52.36999893,20.5,121.4800034,162.5899963,10.53410632,8.844208703,5.205378065
2020-05-28 00:00:00,61.49000168,46.81999969,302.2399902,303.2999878,48.66999817,62.49000168,36.70000076,52.56000137,20.5,121.3700027,161.6600037,10.97701634,9.382589382,5.212549657
2020-05-29 00:00:00,61.61999893,46.13999939,299.4700012,300.5799866,48.25,61.5,36.72000122,52.70999908,20.04000092,121.6299973,162.3500061,10.97844976,9.857193947,5.495385625
2020-06-01 00:00:00,61.65999985,46.59000015,303.0599976,304.1000061,49.04000092,62.72999954,37.65000153,54.18999863,20.57999992,121.4899979,161.6699982,11.1378926,10.1747489,5.593642294
2020-06-02 00:00:00,60.83000183,46.56000137,305.1000061,306.1700134,50.06000137,64.02999878,38.59000015,55.77999878,21.48999977,121.4899979,161.25,11.43813261,10.37673384,5.756527438
2020-06-03 00:00:00,61.52999878,47.11999893,309.9400024,311.019989,51.11999893,64.79000092,39.5,57.79999924,22.92000008,120.75,158.9400024,12.14111396,10.98361916,5.919579397
2020-06-04 00:00:00,61.34000015,47.38000107,309.0799866,310.1700134,51.45999908,64.5,39.16999817,57.25999832,22.64999962,120.3099976,157.1900024,12.4619602,11.26732224,5.891451414
2020-06-05 00:00:00,63.15999985,48.45999908,317.1600037,318.3200073,52.56999969,65.87999725,40.22999954,59.52999878,24.04999924,119.3499985,153.1600037,12.82090156,11.34816241,6.121703168
2020-06-08 00:00:00,62.93999863,49.47000122,319.6300049,320.8099976,52.66999817,65.94000244,40.00999832,59.24000168,24.21999931,119.6600037,155.0500031,13.41291182,11.70766497,6.184701276
2020-06-09 00:00:00,62.90000153,48.68000031,319.3599854,320.519989,52.11999893,65.77999878,39.91999817,58.72000122,24.29000092,120.25,158.3000031,13.73411233,11.39807862,6.15114187
2020-06-10 00:00:00,62.75,48.56999969,318.2200012,319.3999939,52.02999878,66.11000061,40.13999939,59.38999939,23.76000023,120.5500031,159.0500031,13.57569604,11.42748197,6.228549683
2020-06-11 00:00:00,59.52000046,45.45999908,300.0100098,301.0799866,49.02999878,63.11999893,38.47000122,56.66999817,21.78000069,121.5899963,162.6300049,12.79812931,10.94389528,5.789714635
2020-06-12 00:00:00,58.11999893,45.00999832,298.6000061,299.6199951,49.25,63.45999908,38.84999847,56.58000183,22.20999908,121.3300018,162.0500031,12.70280458,11.15582937,5.791724265
2020-06-15 00:00:00,58.58000183,44.47000122,296.7399902,296.4899902,49.09999847,62.29999924,38.45999908,54.08000183,21.40999985,121.2900009,162.1399994,12.68387851,11.2954066,5.935404685
2020-06-16 00:00:00,59.49000168,46.18999863,307.6700134,307.5100098,50.47999954,64.16999817,39.13000107,56.11999893,22.09000015,120.7300034,158.6999969,13.76503918,11.62673211,5.939743578
2020-06-17 00:00:00,60.06000137,46.43999863,310.8599854,310.6900024,51.08000183,64.83999634,39.61999893,57.11000061,22.23999977,120.9700012,159.3399963,13.54157523,11.26367084,5.808026921
2020-06-18 00:00:00,59.31999969,46.06999969,309.5100098,309.3599854,50.68000031,64.51999664,39.63000107,57.00999832,21.88999939,121.4199982,161.6100006,13.48162289,11.28489663,5.949989991
2020-06-19 00:00:00,59.09999847,46.02000046,306.5299988,308.3800049,50.5,64.43000031,39.61999893,56.72000122,22.01000023,121.2300034,160.9100037,13.07303324,11.08473921,5.853040549
2020-06-22 00:00:00,58.83000183,45.38000107,306.75,307.9500122,50.45999908,64.40000153,39.81999969,56.88999939,22.07999992,121.3700027,162.0700073,13.01491619,10.9404324,5.717178555
2020-06-23 00:00:00,59.86000061,45.58000183,311.6099854,312.8699951,51.22999954,65.06999969,40.43000031,57.66999817,22.56999969,121.2399979,161.1199951,13.55169411,11.37642218,5.756969685
2020-06-24 00:00:00,58.66999817,44.5,302.1000061,303.3599854,49.70999908,63.72000122,39.61999893,57.22000122,21.61000061,121.2900009,161.5200043,13.27638688,11.08453056,5.642464424
2020-06-25 00:00:00,57.47999954,44.02999878,301.2799988,302.4400024,49.63000107,63.56999969,39.63999939,56.86999893,21.64999962,121.6100006,163.3999939,12.43778048,10.71237979,5.604448988
2020-06-26 00:00:00,57.06999969,43.50999832,299.4200134,300.6199951,49.70000076,63.63999939,39.41999817,56.90999985,21.21999931,121.7799988,164.1799927,12.87276382,10.99652122,5.560387847
2020-06-29 00:00:00,56.75999832,43.54999924,298.9299927,300.1099854,49.90999985,63.40999985,39.40999985,56.52000046,21.23999977,121.9199982,164.3800049,13.00883677,10.82408664,5.282450495
2020-06-30 00:00:00,58.54000092,44.04000092,303.8200073,305.0499878,49.83000183,63.54999924,39.47000122,56.77000046,21.36000061,121.7900009,163.4799957,12.90147911,10.78406078,5.416651535
2020-07-01 00:00:00,58.75999832,44.70999908,309.0700073,310.25,50.31000137,63.5,39.95000076,57.04000092,21.70999908,121.3499985,162.1499939,12.78572794,11.07600851,5.767205771
2020-07-02 00:00:00,58.97000122,44.79999924,311.5100098,312.7200012,51.09000015,64.30000305,40.95000076,58.24000168,22.21999931,121.3499985,162.2400055,13.561688,11.18091373,5.796125847
2020-07-03 00:00:00,58.97000122,44.79999924,311.5100098,312.7200012,51.09000015,64.30000305,40.95000076,58.24000168,22.21999931,121.3499985,162.2400055,13.40917499,11.09509889,5.796877509
2020-07-06 00:00:00,58.59999847,44.61000061,315.5599976,316.7999878,51.81999969,65.08000183,42.52999878,59.61000061,22.65999985,121.2900009,161.75,13.37375401,11.25291615,5.76368876
2020-07-07 00:00:00,58.13999939,44.79999924,313.3699951,314.6000061,51.27999878,64.54000092,42.20999908,58.79999924,22.32999992,121.5699997,163.1999969,13.12024355,11.12096834,5.710429811
2020-07-08 00:00:00,57.93000031,44.47000122,312.7000122,313.9400024,51.38000107,64.11000061,42.81999969,58.59000015,22.44000053,121.6100006,163.8300018,13.29537022,10.93475194,5.525104323
2020-07-09 00:00:00,57.70000076,43.83000183,310.6799927,311.8900146,50.84000015,63.75,43.02999878,58.27999878,22.30999947,121.7600021,164.6000061,13.29465199,11.18819385,5.682391577
2020-07-10 00:00:00,57.83000183,43.86000061,312.7600098,314,51.20000076,64.22000122,42.84000015,58,22.21999931,121.8499985,166.1600037,13.10929871,10.94122238,5.539939213
2020-07-13 00:00:00,58.38999939,44.95999908,314.1300049,315.3800049,51.29000092,64.30000305,42.81000137,58.40999985,22.23999977,121.6800003,165.2299957,12.77903633,10.91016541,5.341435146
2020-07-14 00:00:00,57.34999847,44.66999817,312,313.2399902,51.47999954,64.29000092,42.24000168,58.06000137,22.03000069,121.9899979,166.9799957,12.46359964,10.89494172,5.359608425
2020-07-15 00:00:00,58.41999817,46.20000076,319.269989,320.5299988,52.65999985,65.58999634,42.77000046,59.27000046,22.79000092,121.8199997,165.8300018,12.11679365,10.68389481,5.31680883
2020-07-16 00:00:00,58.40000153,45.93999863,319.0899963,320.3500061,52.56999969,64.81999969,42.04999924,58.68999863,22.69000053,122.0599976,167.0399933,11.99922489,10.07280159,5.288220835
2020-07-17 00:00:00,59.27999878,46.13000107,319.7399902,321.0100098,52.70999908,64.87000275,42.33000183,59.13999939,22.72999954,121.9700012,166.4700012,11.05346622,9.683375219,5.036359874
2020-07-20 00:00:00,59.34000015,45.84999847,320.6199951,321.8999939,53.00999832,64.91999817,42.68999863,59.15999985,22.70000076,122.0199966,166.8000031,10.77350523,9.642098615,4.965617931
2020-07-21 00:00:00,60.43999863,46.93000031,323.9400024,325.2600098,53.5,65.63999939,43.41999817,60.02999878,23.54999924,122.1200027,167.0800018,10.77515256,9.72422699,4.900098757
2020-07-22 00:00:00,60.61999893,47.02999878,324.5,325.7900085,53.63999939,65.30000305,43.06999969,59.58000183,23.78000069,122.2399979,167.6900024,10.60471065,9.573520298,4.950095437
2020-07-23 00:00:00,59.97999954,48.02999878,321.480011,322.75,53.27999878,64.87000275,42.81000137,58.66999817,23.40999985,122.2900009,168.4799957,10.51492586,8.910954118,4.850105027
2020-07-24 00:00:00,49.5,48.06999969,319.25,320.5499878,52.88000107,64.73000336,42.40000153,58.65999985,23.13999939,122.2699966,168.8699951,10.36282649,9.535328063,4.774029404
2020-07-27 00:00:00,49.47000122,48.18000031,320.769989,322.0599976,53.34000015,65.84999847,43,59.54000092,23.62999916,122.1200027,168.9900055,10.14715351,9.481766396,4.715291386
2020-07-28 00:00:00,49.13999939,48.09999847,320.8500061,322.1400146,53.29000092,65.73000336,42.99000168,60.15999985,24.04000092,122.2600021,169.4299927,10.10556681,9.57708691,4.569417644
2020-07-29 00:00:00,47.90000153,47.81999969,322.0799866,323.3599854,53.59999847,65.73999786,43.43999863,61.02000046,24.20000076,122.3099976,168.9799957,9.705727061,9.447252306,4.62721518
2020-07-30 00:00:00,47.59000015,47.20000076,319.6400146,320.8999939,52.22000122,64.44999695,42.86999893,60.06000137,23.77000046,122.6699982,170.75,9.529126706,9.451231937,4.667194892
2020-07-31 00:00:00,46.97000122,46.72999954,321.3299866,322.6300049,51.81000137,63.61999893,42.70999908,59.65000153,23.35000038,122.5899963,169.9400024,9.838388264,9.78591686,4.755220994
2020-08-03 00:00:00,47.74000168,46.22999954,327.730011,329.0599976,52.61000061,64.37000275,43.13999939,60.56000137,23.01000023,122.4599991,168.9700012,9.95728879,10.33723797,4.672326684
2020-08-04 00:00:00,48.5,46.22000122,327.8599854,329.1900024,52.72999954,65.11000061,43.47999954,61.04999924,22.61000061,122.7900009,170.7200012,9.92675977,10.35835802,4.741041392
2020-08-05 00:00:00,48.65999985,46.81000137,331.1799927,332.519989,53.65000153,65.94000244,44.15000153,62.88000107,23.03000069,122.6100006,169.6900024,10.19406696,10.41653056,4.645563251
2020-08-06 00:00:00,48.09999847,46.59999847,331.1300049,332.480011,53.29999924,65.80999756,43.93000031,63.47999954,23.04999924,122.7300034,170.6199951,10.5933315,10.50144386,4.922551811
2020-08-07 00:00:00,47.70000076,47.20999908,332.2999878,333.6499939,53.11999893,65.62000275,43.18000031,63.65000153,22.72999954,122.4899979,169.5800018,9.984891605,10.24765191,4.821651604
2020-08-10 00:00:00,48.06000137,47.65999985,332.9599915,334.3299866,53.31999969,66.08000183,43.13000107,64.76999664,22.68000031,122.4000015,169.0700073,9.802257766,10.2851919,4.790184554
2020-08-11 00:00:00,48.06000137,47.70000076,332.0100098,333.3800049,53.72999954,66.81999969,43.20999908,65.66000366,22.82999992,121.6900024,165.8800049,10.67099087,10.78868562,4.805869049
2020-08-12 00:00:00,48.24000168,48.11999893,335.4100037,336.7999878,54.72999954,68.01000214,43.54000092,66.63999939,22.63999939,121.4700012,164.9900055,10.83211499,11.13228204,4.828774154
2020-08-13 00:00:00,48.38999939,48.06000137,335.8299866,337.1799927,54.54999924,67.70999908,43.45000076,66.37999725,22.77000046,121.25,163.1699982,10.60803784,11.56054308,4.958246469
2020-08-14 00:00:00,48.65000153,48.02999878,335.6199951,337.0499878,54.02000046,67.58999634,43.54999924,65.37000275,22.80999947,121.4199982,163.1600037,10.46949333,11.22758399,4.842630812
2020-08-17 00:00:00,48.72999954,48.20000076,336.8500061,338.8699951,54.52999878,67.94000244,43.90999985,66.37000275,22.31999969,121.5999985,163.4299927,10.40695941,11.27202153,4.837361644
2020-08-18 00:00:00,48.61999893,47.95999908,336.6099854,337.980011,54.43999863,67.77999878,44.02000046,63.97000122,22.75,121.6900024,164.0899963,10.39454723,11.11548052,4.823699093
2020-08-19 00:00:00,48.25,47.22000122,336.6199951,338.019989,54.25999832,67.73000336,43.75999832,64.23999786,22.54999924,121.6500015,163.3000031,10.3381088,11.19961787,4.917228674
2020-08-20 00:00:00,49,47.09000015,335.2200012,336.5899963,53.72000122,66.87000275,43.09000015,61.45999908,21.95000076,121.9499969,164.9299927,10.22642384,11.10484742,4.896883721
2020-08-21 00:00:00,48.65000153,46.97000122,337.5499878,338.9500122,53.33000183,66.88999939,43.52000046,62.22999954,22.13999939,121.9199982,165.0099945,11.47525824,11.29017343,5.023730564
2020-08-24 00:00:00,48.81999969,47.18000031,339.4500122,342.4500122,54.34999847,67.69999695,44.24000168,63.34000015,22.38999939,121.9300003,165.8600006,11.43118968,11.39190724,4.851381186
2020-08-25 00:00:00,49.20999908,47.65000153,342.269989,343.7099915,54.27999878,67.86000061,44.40000153,64.16999817,22.32999992,121.3899994,163.8300018,11.69888693,11.5028162,4.849482739
2020-08-26 00:00:00,49.22999954,47.47000122,344.1700134,345.5799866,54.63999939,68.05000305,44.72999954,64.55999756,21.98999977,121.3799973,163.2799988,11.71859532,11.83696496,4.879460002
2020-08-27 00:00:00,49.16999817,48.20000076,346.5299988,347.980011,54.25999832,67.48999786,44.40000153,63.50999832,21.97999954,121.1800003,161.1600037,11.91105698,11.9242768,4.911162784
2020-08-28 00:00:00,49.45999908,48.52999878,348.1499939,349.6600037,54.54000092,67.93000031,44.74000168,64.27999878,22.47999954,121.2600021,160.6399994,11.94099796,11.90601875,4.910242767
2020-08-31 00:00:00,50.31999969,49.34999847,349.0599976,350.5100098,54.38000107,67.69999695,43.95999908,62.49000168,22.07999992,121.3799973,161.5599976,12.08294373,12.04754873,4.968612113
2020-09-01 00:00:00,50.22000122,48.83000183,349.2399902,350.7000122,54.13000107,67.83999634,44.63999939,63.63000107,22.52000046,121.3000031,161.1799927,11.89441968,11.9879713,5.107918368
2020-09-02 00:00:00,51.09000015,49.36000061,353.4299927,354.9299927,54.56999969,68.41999817,44.52999878,63.63999939,22.64999962,121.6999969,163.4900055,12.28728434,12.0594939,5.212381252
2020-09-03 00:00:00,50.13999939,50.09999847,342.5899963,344.019989,53.56000137,67.37999725,43.77999878,63.18000031,22.65999985,122.0199966,165.4400024,12.09628947,11.74915533,4.726364758
2020-09-04 00:00:00,49.49000168,50.27999878,334.8699951,336.2600098,52.88999939,66.66999817,43.36999893,62.77999878,22.43000031,121.3799973,162.4499969,11.97899279,11.56103285,4.741253674
2020-09-07 00:00:00,49.49000168,50.27999878,334.8699951,336.2600098,52.88999939,66.66999817,43.36999893,62.77999878,22.43000031,121.3799973,162.4499969,12.22581356,11.93440739,4.900922012
2020-09-08 00:00:00,48.84999847,49.36000061,332.8800049,334.230011,52.97999954,67.04000092,43.06999969,63.68000031,22.12999916,121.6999969,163.7400055,12.09029271,12.12240857,4.870022988
2020-09-09 00:00:00,49.04000092,49.54999924,336.6099854,337.980011,54.18999863,67.62999725,43.54999924,64.31999969,22.57999992,121.5400009,162.7599945,11.49007908,11.93100762,4.655686671
2020-09-10 00:00:00,48.70999908,49.95000076,332.8500061,334.2099915,53.65999985,67.34999847,43.13999939,63.77999878,22.20999908,121.4400024,161.9499969,11.7772457,12.25041572,4.549708605
2020-09-11 00:00:00,48.95000076,50.09999847,331,332.3500061,53.88999939,67.95999908,43.29000092,64.12999725,22.20999908,121.8399963,164.0800018,11.52746594,12.11664753,4.546944898
2020-09-14 00:00:00,48.84999847,50.56999969,334.2200012,338.3200073,54.31999969,68.80000305,43.99000168,65.62000275,22.5,121.8300018,164.2299957,11.33380331,12.14061643,4.584747555
2020-09-15 00:00:00,49.72999954,50.84000015,338.4700012,340.4100037,54.61999893,69.16000366,44.56000137,66.5,22.78000069,121.7600021,163.7899933,11.62895302,12.24573726,4.497385144
2020-09-16 00:00:00,50.16999817,50.74000168,338.519989,339.9500122,54.61999893,69.27999878,44.54999924,66.55999756,22.80999947,121.6600037,162.9799957,11.53187078,12.00860734,4.6642874
2020-09-17 00:00:00,49.29999924,49.93999863,332.9899902,334.3399963,54.38000107,68.81999969,44.09000015,65.70999908,22.40999985,121.7699966,163.8000031,11.72879896,12.67487887,4.568399593
2020-09-18 00:00:00,49.04000092,50.20999908,327.9700012,330.6400146,54.16999817,68.86000061,44.08000183,65.93000031,22.12999916,121.6999969,163.3399963,11.4833657,12.6511656,4.606321836
2020-09-21 00:00:00,48.83000183,48.61000061,321.730011,324.3500061,51.77999878,66.98000336,42.61000061,64.66000366,21.29999924,121.9000015,164.1399994,10.73082974,12.44131696,4.53939943
2020-09-22 00:00:00,49.47000122,49.06999969,325.8599854,328.5,51.75999832,67.06999969,42.65000153,63.99000168,21.46999931,121.8799973,163.8699951,11.03846191,12.55128247,4.525641177
2020-09-23 00:00:00,48.65999985,48.16999817,322.1000061,323.2200012,51.47000122,67.44999695,42.27999878,63.33000183,20.79999924,121.7600021,163.4799957,10.97262605,12.65484049,4.377580774
2020-09-24 00:00:00,48.41999817,47.56000137,319.7999878,320.9200134,51.18000031,66.72000122,41.70999908,62.11000061,20.70000076,121.9100037,164.6199951,10.80984843,12.30160736,4.383075523
2020-09-25 00:00:00,48.75,47.97999954,321.6400146,322.75,50.84000015,66.68000031,41.52999878,62.09999847,20.82999992,122,164.7100067,10.84349638,12.4381282,4.401183826
2020-09-28 00:00:00,50.15999985,49.13999939,332.1499939,333.3099976,52.45000076,68.13999939,42.38999939,63.93999863,20.79000092,122,164.3699951,10.72413397,12.72852567,4.500306219
2020-09-29 00:00:00,50.95000076,48.90999985,331.6199951,332.7799988,52.38000107,68.12999725,42.40999985,64.25,20.62999916,122.0899963,164.5599976,11.2900527,12.83487176,4.51215903
2020-09-30 00:00:00,51.15000153,48.88999939,332.8800049,334.1000061,52.25999832,67.66000366,42.84999847,64.87000275,20.80999947,121.6600037,162.5500031,11.02662066,12.54487181,4.509720583
2020-10-01 00:00:00,51.99000168,48.59000015,335.0100098,336.1799927,52.50999832,68.05000305,43.29999924,65.54000092,20.70000076,121.4300003,162.1000061,11.3028653,12.60753889,4.701991963
2020-10-02 00:00:00,50.99000168,48.54999924,331.1900024,332.3900146,52.20999908,67.43000031,42.93000031,64.59999847,20.75,121.5999985,162.1799927,11.2497098,12.28061104,4.780804507
2020-10-05 00:00:00,51.27000046,49.11999893,336.0100098,337.2000122,53.31999969,68.47000122,43.31000137,66.02999878,21.02000046,120.9199982,159.5200043,11.45694627,12.87936623,4.816831246
2020-10-06 00:00:00,51.22999954,48.83000183,334.3800049,335.5599976,52.93999863,68.26000214,43.68000031,65.69000244,21.15999985,120.8700027,158.6799927,11.61536753,12.74572209,4.878714214
2020-10-07 00:00:00,51.79000092,48.95000076,338.0899963,339.2799988,53.29000092,68.75,44.02999878,66.94999695,21.20999908,120.7799988,158.8600006,11.41458442,12.70291224,4.882762412
2020-10-08 00:00:00,52.66999817,49.54000092,341.8599854,343.0599976,53.72999954,69.19999695,44.27000046,67.30000305,21.38999939,120.9400024,159.6600037,11.53538138,12.54295109,4.908672929
2020-10-09 00:00:00,52.66999817,50.59999847,344.8900146,346.0899963,54.25,69.37000275,44.56000137,68.01000214,22.06999969,120.7799988,158.8099976,11.85346286,12.6816524,5.215006039
2020-10-12 00:00:00,53.20999908,50.83000183,349.0599976,350.2799988,54.61999893,69.41000366,45.04999924,67.72000122,22.26000023,120.9899979,160.1100006,11.5851757,12.72610032,5.327356224
2020-10-13 00:00:00,53.61999893,49.90000153,349.0899963,350.3299866,53.86999893,69.25,44.91999817,67.16999817,21.88999939,121.2699966,161.1799927,11.65464634,12.45165691,5.468015129
2020-10-14 00:00:00,53.50999832,49.65000153,347.1400146,348.3699951,53.77999878,69.33999634,44.88999939,66.73999786,22.12000084,121.4000015,161.9700012,11.49945721,12.09111645,5.419879159
2020-10-15 00:00:00,52.61999893,49.29999924,343.1300049,344.3099976,52.56000137,68.36000061,44.22999954,65.97000122,21.73999977,121.2900009,161.6399994,11.39882974,12.16655914,5.400130528
2020-10-16 00:00:00,53.90000153,49.86999893,347.1000061,348.3399963,53.31000137,68.55000305,44.59999847,66.48000336,21.82999992,121.2099991,161.1000061,11.469932,12.19244741,5.18662842
2020-10-19 00:00:00,53.84000015,49.45999908,341.0400085,342.2999878,53.08000183,68.58000183,44.52000046,66.29000092,21.89999962,120.9000015,160.0500031,11.45398364,12.15208197,4.919007647
2020-10-20 00:00:00,53.27000046,49.79000092,342.6400146,343.8900146,53.54000092,68.59999847,44.81000137,67.01000214,22.14999962,120.75,158.9499969,11.39483099,12.2105973,5.12119961
2020-10-21 00:00:00,52.81999969,49.77000046,342.3999939,343.6300049,53,69.13999939,45.04000092,67.62000275,22.39999962,120.5599976,158.3699951,11.56795627,12.21565819,4.967873719
2020-10-22 00:00:00,53.06999969,50.38000107,340.6499939,341.8800049,52.65000153,68.83000183,44.93999863,67.12000275,22.64999962,120.1999969,156.9700012,11.71372271,12.40971744,5.055810809
2020-10-23 00:00:00,47.65999985,50.47000122,343.1300049,344.3599854,53.11000061,69.11000061,44.93000031,67.87999725,22.85000038,120.1800003,156.75,11.90479286,12.47646029,5.067744613
2020-10-26 00:00:00,46.25,49.20000076,335.6199951,336.8099976,51.90000153,68.30999756,44.40999985,66.69999695,22.40999985,120.5899963,159.0099945,11.85363179,12.41498219,4.960771012
2020-10-27 00:00:00,45.36000061,49.54999924,337.9899902,339.1600037,51.5,68.41999817,44.75,66.84999847,22.19000053,120.8199997,159.8999939,11.74020601,12.22178874,4.945984793
2020-10-28 00:00:00,44.20000076,47.77999878,326.1300049,327.2999878,49.47999954,67.44000244,43.81000137,65.93000031,21.17000008,120.8799973,160.1999969,11.46803942,11.77540892,4.854368958
2020-10-29 00:00:00,43.91999817,47.29999924,325.0899963,326.2600098,49.16999817,67.56999969,43.88999939,65.83000183,20.75,120.3700027,158.4700012,11.08036853,11.56099412,4.819245865
2020-10-30 00:00:00,43.61000061,47.36999893,322.6000061,323.7200012,49.22000122,66.87999725,43.59000015,64.45999908,20.88999939,120.0599976,157.5700073,11.08291969,11.58700592,4.720153081
2020-11-02 00:00:00,44.24000168,48.24000168,327.2399902,328.3800049,49.90000153,67.69000244,44,65.69000244,21.03000069,120.1299973,158.3300018,11.33365239,11.60821631,4.757041874
2020-11-03 00:00:00,44.70000076,49,330.2900085,334.3500061,51.38000107,69,44.18000031,67.22000122,21.40999985,119.8300018,157.0399933,11.73490435,12.05800193,4.840001848
2020-11-04 00:00:00,44.77999878,49.08000183,339.5899963,340.7399902,51.93000031,69.20999908,45.04999924,67.55000305,21.62999916,120.7799988,160.5399933,11.90132594,11.96693413,4.907492723
2020-11-05 00:00:00,45.52999878,49.34000015,348.8599854,350.1300049,53.45000076,71.08000183,46.25,69.91000366,22.55999947,120.7699966,160.5800018,11.74867674,12.25363026,4.966286125
2020-11-06 00:00:00,44.90000153,49.25,347.6499939,348.9500122,53.86000061,71.36000061,46.49000168,69.87999725,23.02000046,120.3600006,158.9400024,11.9437107,12.61381989,5.163782516
2020-11-09 00:00:00,45.54000092,52.06999969,354.0599976,355.3399963,55.49000168,73.48000336,47.16999817,70.87999725,24.30999947,119.1900024,154.6300049,12.14949438,12.81155634,5.043693617
2020-11-10 00:00:00,45.25,52.45000076,350.5100098,351.8699951,56.16999817,73.16000366,46.47000122,71.04000092,24.52000046,119.2099991,154.7799988,13.07748952,13.30170359,5.662961221
2020-11-11 00:00:00,45.86000061,53.33000183,355.0599976,356.4299927,56.58000183,73.73999786,46.41999817,72.12000275,24.77000046,119.2600021,154.9700012,13.81852958,14.42856064,5.967695117
2020-11-12 00:00:00,44.54999924,52.61000061,351.2600098,352.5400085,55.93999863,72.76000214,46.43000031,71.65000153,24.10000038,119.7799988,156.7100067,13.88539875,14.94333389,6.149248016
2020-11-13 00:00:00,44.97000122,52.88999939,354.7099915,355.9899902,56.54999924,73.30000305,46.79000092,73.05999756,24.28000069,119.9599991,157.9100037,13.62026055,14.67314068,5.799764128
2020-11-16 00:00:00,45.79000092,53.27999878,359.5899963,360.9299927,57.22000122,74.77999878,47.50999832,74.45999908,25.06999969,119.8799973,157.6100006,14.01374996,15.20359665,5.8633001
2020-11-17 00:00:00,45.40999985,53.02999878,358.3399963,359.6900024,57.20999908,74.66999817,47.33000183,74.40000153,25.27000046,120.0899963,158.5899963,14.78229796,15.68140016,5.857386401
2020-11-18 00:00:00,45.04000092,52.56000137,356.2399902,357.5299988,57.22000122,74.56999969,47.45000076,74.80999756,25.70000076,119.9899979,158.3500061,15.46009082,16.36170846,5.979846448
2020-11-19 00:00:00,44.70000076,51.95000076,354.1499939,355.4899902,57.06000137,74.45999908,47.24000168,73.94000244,25.56999969,120.25,159.8399963,15.74865799,16.67660922,6.223901455
2020-11-20 00:00:00,45.33000183,52.59000015,355.25,356.5299988,57.43000031,75.19000244,47.70999908,74.43000031,25.52000046,120.3300018,160.3899994,15.84609665,16.48206039,6.054904823
2020-11-23 00:00:00,45.45000076,52.20000076,354.8699951,356.1700134,57.27000046,75.58999634,47.79999924,75.69000244,25.64999962,120.1999969,160.2799988,15.95364568,16.71123879,5.954044077
2020-11-24 00:00:00,46.00999832,53.02000046,359.2900085,360.6000061,57.88999939,76.45999908,48.02000046,76.44000244,26.29999924,120.0100021,159.0099945,16.6346759,17.14118046,6.111377325
2020-11-25 00:00:00,46.56999969,52.79000092,361.480011,362.7999878,58.09000015,75.94999695,47.97000122,76.33000183,26.69000053,120.0999985,158.6199951,16.00919409,16.94462279,6.167147805
2020-11-26 00:00:00,46.56999969,52.79000092,361.480011,362.7999878,58.09000015,75.94999695,47.97000122,76.33000183,26.69000053,120.0999985,158.6199951,15.95545314,16.57118371,6.200808445
2020-11-27 00:00:00,47.36000061,52.61000061,362.5799866,363.9700012,58.41999817,77.12000275,48.59000015,77.61000061,26.85000038,120.3000031,159.5800018,15.25086547,15.97200973,6.229885064
2020-11-30 00:00:00,47.27000046,51.08000183,359.1700134,360.5,57.70999908,75.25,47.52999878,76.19999695,26.25,120.3499985,159.7599945,14.74509419,15.51834506,6.372653728
2020-12-01 00:00:00,48.70999908,51.79000092,364.9299927,366.269989,58.63999939,76.51000214,48.18000031,77.20999908,26.95999908,119.5299988,156.6799927,14.72392628,15.68418234,6.448386191
2020-12-02 00:00:00,49.18000031,51.63999939,364.2000122,365.5499878,58.81999969,76.72000122,48.20000076,78.98000336,27.31999969,119.3000031,155.4799957,15.48972446,16.45615441,6.503268197
2020-12-03 00:00:00,49.77999878,51.90000153,365.5,366.8800049,59.18000031,77.30999756,48.86999893,80.58999634,28.09000015,119.5999985,156.5800018,15.72402718,16.63323963,6.490573467
2020-12-04 00:00:00,51,52.75999832,367.2200012,368.6199951,59.68999863,77.80000305,49.15999985,82.37999725,28.44000053,119.1999969,154.7700043,16.19977972,15.0770981,6.929307771
2020-12-07 00:00:00,49.56000137,52.70000076,367.7200012,369.1199951,59.38999939,77.15000153,49.18000031,82.83999634,28.36000061,119.5899963,156.1799927,15.99355942,15.75204594,7.0441432
2020-12-08 00:00:00,49.81000137,52.79000092,367.6700134,369.0599976,59.31999969,77.01000214,49.24000168,81.23000336,28.43000031,119.8000031,157.1999969,15.89527727,15.81513302,6.83897644
2020-12-09 00:00:00,49.72999954,53,365.9500122,367.3299866,59.29999924,77.27999878,48.70000076,81.69999695,27.98999977,119.4700012,156.0099945,16.01197608,15.69120193,7.030300014
2020-12-10 00:00:00,49.59000015,52.97999954,364.4299927,365.8099976,59.20000076,77.54000092,48.83000183,81.95999908,28.20999908,119.6399994,156.8300018,15.69287995,15.29186939,6.964216743
2020-12-11 00:00:00,49.11999893,52.77999878,363.2600098,364.6199951,58.84999847,77.80999756,49.11999893,82.40000153,28.87000084,120.0500031,158.3200073,15.5155944,15.51439735,6.839906571
2020-12-14 00:00:00,49.74000168,53.18000031,364.4700012,364.2099915,59.22999954,78.20999908,49.02000046,81.30999756,28.43000031,119.7799988,157.1100006,15.74215903,15.79543199,6.845575078
2020-12-15 00:00:00,50.20999908,53.59999847,365.9200134,365.6900024,59.47000122,78.41000366,49.11999893,81.55000305,28.68000031,119.8399963,157.3099976,15.46377978,15.81038174,6.772069077
2020-12-16 00:00:00,50.68000031,52.93999863,368.8699951,368.6300049,60.02999878,78.66999817,49.54000092,81.59999847,28.81999969,119.6399994,156.3899994,15.97203622,15.91825832,6.71551523
2020-12-17 00:00:00,50.22000122,53.15000153,371.0499878,369.8699951,60.79999924,79.26000214,49.99000168,81.65000153,29.68000031,119.6200027,156.4299927,16.01825526,15.98746819,6.724458747
2020-12-18 00:00:00,47.11000061,52.61999893,367.019989,368.3599854,60.47000122,78.81999969,49.95999908,81.04000092,29.37999916,119.5800018,156.1799927,15.87710913,16.12137235,6.812229731
2020-12-21 00:00:00,45.24000168,51.97999954,362.0299988,363.3800049,58.22999954,76.44999695,48.70000076,79.72000122,28.60000038,119.5800018,156.4499969,14.92977429,15.19781333,6.700975895
2020-12-22 00:00:00,45.77000046,52.38999939,366.0299988,367.4200134,59.06999969,76.66000366,48.65999985,79.16000366,28.61000061,119.7099991,157.0800018,15.30557261,15.68215963,6.818915037
2020-12-23 00:00:00,46.06999969,52.93999863,367.2200012,368.7000122,59.79000092,77.29000092,49.11999893,80.52999878,28.92000008,119.4199982,155.4600067,15.67734207,16.02572745,6.699718833
2020-12-24 00:00:00,46.34000015,53.02000046,367.4500122,368.8099976,59.95000076,77.63999939,48.66999817,81.84999847,28.90999985,119.7099991,156.8500061,16.01728614,16.18016085,6.887703145
2020-12-25 00:00:00,46.34000015,53.02000046,367.4500122,368.8099976,59.95000076,77.63999939,48.66999817,81.84999847,28.90999985,119.7099991,156.8500061,16.07268252,16.23612054,6.911524522
2020-12-28 00:00:00,46.86000061,53.72999954,371.0700073,372.4400024,60.50999832,78.27999878,48.90999985,82.86000061,28.87000084,119.5400009,156.1000061,16.09685322,16.26053703,6.921918333
2020-12-29 00:00:00,46.49000168,54.02000046,370.8299866,372.2000122,60.86999893,79.01000214,49.27999878,84.13999939,29.20999908,119.6399994,156.3600006,16.18615416,16.24001824,6.936345769
2020-12-30 00:00:00,48.56000137,54.02999878,371.5700073,372.9500122,60.90999985,79.51999664,50.02999878,86.11000061,29.45999908,119.7300034,156.6799927,16.76688037,16.65888114,7.127949142
2020-12-31 00:00:00,48.72000122,54.27000046,371.230011,372.6000061,60.08000183,79.30999756,49.86999893,85.61000061,29.30999947,119.8499985,157.4499969,16.46584109,16.76571568,7.16972882
2021-01-01 00:00:00,48.72000122,54.27000046,371.230011,372.6000061,60.08000183,79.30999756,49.86999893,85.61000061,29.30999947,119.8499985,157.4499969,16.51699305,16.81779921,7.192001939
2021-01-04 00:00:00,49.40000153,52.02999878,364.8200073,366.1600037,60.66999817,79.09999847,50.20999908,87.83999634,29.20000076,119.6500015,156.5399933,16.44840416,16.88629845,7.184203148
2021-01-05 00:00:00,49.33000183,52.02999878,368.0499878,369.4400024,61.04000092,79.80999756,50.75999832,89.73000336,28.89999962,119.5800018,155.6600037,16.28591537,16.9102088,7.138659573
2021-01-06 00:00:00,50.20000076,50.18999863,369.1199951,370.4599915,61.83000183,80.01000214,50.95999908,89.12999725,29.65999985,118.7699966,152.2899933,16.62805068,17.47308277,7.37358641
2021-01-07 00:00:00,51.29999924,49.52000046,375.9100037,377.2799988,62.25999832,80.80999756,51.06999969,91.02999878,29.96999931,118.4800034,151.2599945,16.86809327,17.82186268,7.398525563
2021-01-08 00:00:00,51.27000046,49.84000015,377.1000061,378.4899902,62.15999985,81.79000092,51.84000015,94.80999756,30.28000069,118.1299973,150.6600037,16.9910033,17.88476656,7.531142217
2021-01-11 00:00:00,51.25,49.95000076,377.7200012,379.1300049,61.45999908,81.47000122,51.77000046,94.65000153,29.69000053,117.9899979,150.4900055,16.54389396,17.5440967,6.987902921
2021-01-12 00:00:00,51.56000137,49.75999832,376.3599854,377.769989,61.52999878,81.56999969,52.15999985,93.98000336,29.92000008,117.5699997,149.9299927,16.17605692,17.58134806,7.100159794
2021-01-13 00:00:00,56.90000153,49.95000076,377.8500061,379.2399902,61.72999954,82.01999664,52.31999969,94.38999939,29.85000038,118.1399994,151.5700073,16.24060135,17.74436073,7.095010185
2021-01-14 00:00:00,57.84000015,49.22000122,378.1000061,379.4299927,61.97000122,82.55999756,53.04999924,95.05000305,30.12999916,118.0299988,150.7899933,16.62480861,17.85324274,7.099530536
2021-01-15 00:00:00,57.5,48.52999878,373.7000122,375.0799866,60.97000122,81.05999756,52.40000153,91.83000183,29.60000038,118.2099991,151.4700012,16.22879111,17.73399096,7.443897438
2021-01-18 00:00:00,57.5,48.52999878,373.7000122,375.0799866,60.97000122,81.05999756,52.40000153,91.83000183,29.60000038,118.2099991,151.4700012,16.23610155,17.53933378,7.303530629
2021-01-19 00:00:00,57.09999847,48.24000168,376.75,378.1499939,61.5,81.75,53.38000107,92.33000183,29.39999962,118.2300034,151.5099945,16.02585919,17.57412016,7.265961581
2021-01-20 00:00:00,58.09000015,48.31000137,380.6900024,382.1099854,61.81000137,82.12999725,54.15000153,93.06999969,29.43000031,118.3600006,151.7899933,16.15478146,17.54649405,7.340601709
2021-01-21 00:00:00,58.22000122,48.45999908,383.25,384.6700134,61.99000168,82.33999634,54.13000107,94.93000031,28.95000076,118.3000031,151.1000061,16.29283375,17.46832343,7.339976277
2021-01-22 00:00:00,56.65000153,48.49000168,381.8399963,383.2600098,61.79000092,81.90000153,53.68999863,93.44999695,28.19000053,118.4400024,151.4199982,15.87127257,17.16184318,7.207974136
2021-01-25 00:00:00,54.06000137,48.24000168,378.4599915,379.8800049,60.93000031,81.84999847,53.77000046,94.72000122,27.76000023,118.7099991,152.6399994,15.46767085,16.5901036,6.980984187
2021-01-26 00:00:00,54.84999847,48.61000061,383.5400085,385,61.59000015,82.44000244,53.63999939,93.77999878,28.32999992,118.9199982,152.9199982,15.40807314,16.74308742,6.784780521
2021-01-27 00:00:00,53.29999924,48.22999954,372.0100098,373.4299927,59.95999908,80.62000275,52.52999878,90.83000183,27.48999977,119.1200027,153.5299988,15.19815216,16.41634073,6.863903257
2021-01-28 00:00:00,54.70000076,48.61000061,375.8900146,377.2999878,60.70999908,80.56999969,52.29000092,91.01999664,27.81999969,118.7200012,152.1600037,14.76297283,15.93854289,6.650172484
2021-01-29 00:00:00,55.36000061,48.11000061,368.269989,369.6499939,59.40999985,78.91999817,51.5,87.97000122,27.12999916,118.4700012,151.3000031,15.28965999,16.19551058,6.903679509
2021-02-01 00:00:00,55.70999908,48.18000031,370.3800049,372.7000122,60.20999908,79.94000244,52.45999908,90.33000183,27.32999992,118.5299988,151.4900055,15.39620464,16.57420607,6.759810491
2021-02-02 00:00:00,56.88000107,48.63000107,376.3200073,380.9700012,60.65999985,80.73999786,53.56999969,92.01999664,28.21999931,118.3000031,150.5200043,15.67586776,16.82488425,6.976171517
2021-02-03 00:00:00,57.38000107,48.66999817,380.480011,381.9100037,60.86000061,81.33000183,53.81000137,92.43000031,28.27000046,118.0999985,149.5800018,15.70823705,16.91025867,7.23944838
2021-02-04 00:00:00,57.18999863,48.65000153,381.9700012,384.2000122,60.95000076,80.98999786,53.74000168,90.58999634,28.13999939,117.8899994,148.8000031,15.72374268,17.0067564,7.24766264
2021-02-05 00:00:00,58.11999893,49.27000046,386.1400146,387.9500122,61.25,81.86000061,54.09000015,91.95999908,28.70000076,117.8300018,148.0200043,15.91903703,17.39606109,7.275711083
2021-02-08 00:00:00,57.95000076,49.49000168,388.3500061,389.8599854,61.61000061,82.93000031,54.5,91.18000031,28.64999962,117.7399979,148.0399933,15.9918664,17.53060269,7.336474793
2021-02-09 00:00:00,57.93999863,49.63000107,389.1700134,386.3299866,61.81000137,83.08999634,54.84999847,91.33000183,28.39999962,117.9199982,148.6600037,15.80755925,17.31958666,7.4364257
2021-02-10 00:00:00,58.11999893,49.52999878,387.5,388.9899902,61.65000153,83.04000092,55.18999863,92.54000092,28.71999931,118.0899963,149.1399994,16.00123774,17.18958528,7.434081092
2021-02-11 00:00:00,58.86000061,49.79999924,388.1000061,389.5899963,62.02000046,83.55999756,55.88999939,93.58000183,28.77000046,118.1299973,148.75,15.65850063,16.54378689,7.026959648
2021-02-12 00:00:00,60.43000031,50.38999939,389.769989,391.2399902,62.16999817,83.66999817,55.83000183,93.34999847,28.62999916,117.75,147.0299988,15.2188924,16.35133266,6.974174827
2021-02-15 00:00:00,60.43000031,50.38999939,389.769989,391.2399902,62.16999817,83.66999817,55.83000183,93.34999847,28.62999916,117.75,147.0299988,15.4251629,17.03426262,7.213205671
2021-02-16 00:00:00,61.70000076,50.15999985,391.5299988,393.0299988,63.18000031,84.36000061,56.20000076,93.47000122,29.14999962,116.8600006,144.6600037,15.77936663,17.28216345,7.347006683
2021-02-17 00:00:00,61.20999908,49.88999939,389.3299866,390.7999878,62.38000107,83.88999939,56.09999847,92.36000061,29,116.8799973,144.9799957,15.66579606,17.01051232,7.124604059
2021-02-18 00:00:00,60.63999939,50.02999878,387.7399902,389.2099915,62.02000046,82.80999756,55.20000076,90.47000122,28.71999931,116.7399979,144.3200073,15.39165452,16.77829006,7.099573975
2021-02-19 00:00:00,61.84999847,49.97000122,389.5499878,391.0299988,62.52999878,83.80000305,55.88000107,92.84999847,28.79000092,116.3700027,142.8500061,15.33626628,16.00670415,7.02563018
2021-02-22 00:00:00,60.65999985,49.66999817,386.7399902,388.2200012,62.45000076,83.20999908,54.45000076,90.62000275,27.15999985,116.2600021,141.7200012,15.09751648,15.5191532,7.057668022
2021-02-23 00:00:00,59.16999817,50.41999817,380.2000122,381.6199951,61.68999863,82.98999786,53.58000183,89.47000122,27.22999954,116.1699982,141.1399994,15.0562145,15.6472061,7.134112852
2021-02-24 00:00:00,60.38000107,50.13000107,385.269989,386.7399902,62.22000122,82.41999817,53.56999969,88.58999634,27.96999931,115.7900009,139.1600037,14.74159923,15.53233635,6.996611512
2021-02-25 00:00:00,60.13000107,49.97999954,380.7799988,382.1900024,61.86000061,81.73999786,53.13999939,88.69999695,26.97999954,114.0999985,136.6100006,14.54442635,15.50650903,6.642614953
2021-02-26 00:00:00,59.68000031,48.97000122,378.230011,379.6099854,61.11000061,80.45999908,52.22999954,87.15000153,26.5,114.7099991,139.6799927,13.68596498,15.2128536,6.93403548
2021-03-01 00:00:00,61.65000153,49.40000153,380.5700073,387.0100098,61.84999847,81.76999664,53.45999908,89.26999664,26.78000069,115.25,140.0899963,13.79088629,15.06951257,6.776676649
2021-03-02 00:00:00,61.11000061,49.70000076,386,387.769989,62.31999969,81.37000275,53.29000092,88.66999817,26.32999992,115.4100037,140.2899933,13.24697092,14.77594459,6.672238772
2021-03-03 00:00:00,59.70000076,49.70999908,381.3099976,382.730011,61.95999908,81.30000305,53.15000153,89.05999756,26.29999924,114.9300003,138.7599945,13.18745758,14.7643705,6.705368642
2021-03-04 00:00:00,57.90999985,49.61999893,371.8800049,373.2600098,61.04000092,80.22000122,51.91999817,86.98000336,26.54000092,114.4100037,137.9600067,13.54093891,15.09686236,6.698884499
2021-03-05 00:00:00,58.50999832,49.90000153,372.6400146,374.019989,60.90000153,80.04000092,51.70000076,87.36000061,26.63999939,114.0199966,137.9900055,13.97544868,15.11677971,6.745585063
2021-03-08 00:00:00,59.72000122,51.15999985,381.4200134,382.8299866,61.47999954,80.25,51.11999893,86.22000122,26.28000069,113.9300003,137.8300018,14.6057942,15.51611881,6.804926563
2021-03-09 00:00:00,60.84000015,50.81999969,385.3099976,386.7900085,62.50999832,80.79000092,51.91999817,86.94000244,26.18000031,114.2900009,138.9700012,14.62537996,15.39950215,6.711362919
2021-03-10 00:00:00,62.13000107,50.72000122,388.1700134,389.6400146,62.75,80.81999969,51.95000076,85.62999725,26.79000092,114.4499969,139.2799988,14.86276237,15.33503706,6.702133498
2021-03-11 00:00:00,62.38999939,50.81000137,391.7399902,393.230011,63.27999878,81.22000122,53.13000107,88.08999634,27.79000092,114.5400009,138.4600067,14.90665878,15.29673957,6.71496218
2021-03-12 00:00:00,62.24000168,50.20000076,391.2000122,392.6700134,63.02999878,81.31999969,52.45999908,87.66000366,27.73999977,113.7600021,135.6499939,14.74538387,14.99720257,6.994963884
2021-03-15 00:00:00,62.47999954,50.47000122,392.0299988,393.5499878,62.97999954,81.81999969,52.40999985,88.25,27.59000015,113.9199982,136.4100037,15.04387865,15.43390513,7.438362222
2021-03-16 00:00:00,64.08000183,51.04000092,395.0799866,396.5799866,63.52999878,82.51999664,52.86000061,89.19000244,27.55999947,113.8700027,135.75,15.53921626,15.31683034,7.571767934
2021-03-17 00:00:00,63.70999908,51.15000153,393.2999878,394.8099976,63.27000046,82.30999756,52.34000015,88.04000092,27.31999969,113.3600006,134.1499939,15.93193539,15.34804247,7.660119022
2021-03-18 00:00:00,63.65000153,50.49000168,390.75,392.25,63.13000107,82.80999756,52.24000168,87.61000061,27.62000084,112.7900009,133.1900024,15.90451633,15.59704765,7.756596279
2021-03-19 00:00:00,62.91999817,50.16999817,387.1499939,389.9200134,62.74000168,82.54000092,52.16999817,87.66999817,27.61000061,112.8300018,133.8000031,15.54036168,14.95550936,7.728405672
2021-03-22 00:00:00,64.55999756,50.31999969,389.9700012,392.7600098,62.93999863,82.76999664,52.36999893,88.09999847,27.44000053,113.2300034,135.3699951,15.51168125,14.93920555,7.677091742
2021-03-23 00:00:00,63.16999817,50.83000183,388.6600037,391.4100037,62.18999863,81.41000366,51.72000122,86.30000305,27.12999916,113.5699997,136.1499939,15.31003624,14.9992381,7.693694222
2021-03-24 00:00:00,61.99000168,51.15000153,387.4700012,390.2099915,62.09999847,80.81999969,50.52000046,85.98000336,26.70999908,113.6999969,136.9499969,15.02107673,14.60916421,7.620381707
2021-03-25 00:00:00,60.97999954,51.16999817,383.8999939,385.3399963,61.77999878,80.88999939,50.31999969,86.19999695,26.39999962,113.7900009,137.0899963,15.08514467,14.31856745,7.665772247
2021-03-26 00:00:00,61.77000046,51.75999832,390.2900085,391.7600098,62.66999817,82.05000305,50.84000015,87.76999664,26.62999916,113.5699997,136.2200012,15.0690201,13.99658984,7.601660301
2021-03-29 00:00:00,63.61000061,52.70999908,392.8099976,394.269989,62.75999832,81.98999786,51.36999893,87.76000214,26.65999985,113.0899963,134.9700012,15.17011273,13.98408573,7.624829258
2021-03-30 00:00:00,63.15000153,52.93000031,393.019989,394.5,62.81000137,81.66999817,51.41999817,88.34999847,26.95000076,112.7799988,135.0099945,14.90460737,13.94035366,7.714029694
2021-03-31 00:00:00,63.58000183,52.5,395.3099976,396.7900085,62.93999863,81.40000153,51.72000122,88.98000336,27.35000038,112.7900009,134.9799957,14.95635414,13.4935459,7.684376806
2021-04-01 00:00:00,63.58000183,52.45999908,398.1799927,399.6600037,63.45000076,81.80999756,52.43000031,90.33999634,27.30999947,113.1299973,136.3000031,15.15109831,13.5518923,7.982243786
2021-04-02 00:00:00,63.58000183,52.45999908,398.1799927,399.6600037,63.45000076,81.80999756,52.43000031,90.33999634,27.30999947,113.1299973,136.3000031,15.20475911,13.59988917,8.01051458
2021-04-05 00:00:00,64.69999695,52.29000092,403.3800049,404.9100037,64.44000244,82.62000275,52.50999832,91.16999817,27.76000023,112.8000031,135.9400024,15.20055365,13.59612761,8.008298968
2021-04-06 00:00:00,65.29000092,52.90000153,405.3999939,406.9400024,64.31999969,82.38999939,52.5,91.58000183,27.95999908,113.2399979,137.0099945,15.13844475,14.24840659,8.042298772
2021-04-07 00:00:00,65.36000061,53.11999893,405.4500122,406.9899902,64.51000214,82.47000122,51.97000122,91.08000183,27.87000084,113.4800034,136.8800049,15.24204743,14.49515944,8.160442817
2021-04-08 00:00:00,66.36000061,52.97000122,406.9299927,408.4700012,64.81999969,82.84999847,52.59000015,91.70999908,28.05999947,113.6999969,137.3600006,15.31445905,14.51346909,8.040132022
2021-04-09 00:00:00,66.62999725,52.81000137,408.2600098,409.7999878,64.97000122,82.94999695,52.04000092,91,27.88999939,113.4400024,137.0899963,15.10781538,14.55844028,8.048345287
2021-04-12 00:00:00,64.70999908,53.09999847,410.2000122,411.7600098,64.75,82.63999939,51.66999817,90.61000061,27.69000053,113.4199982,137.1000061,15.05594578,14.46181211,7.961482525
2021-04-13 00:00:00,64.20999908,52.81000137,411.1199951,412.6600037,64.93000031,83.05000305,51.59999847,92.18000031,27.62000084,113.5400009,137.1999969,15.34927982,14.6340804,8.128516463
2021-04-14 00:00:00,63.84000015,52.65000153,410.8699951,412.4299927,65.20999908,83.52999878,52.08000183,93.08000183,27.95000076,113.7200012,137.5700073,15.43838347,14.88799546,8.049424535
2021-04-15 00:00:00,63.68000031,53.11999893,413.6900024,415.25,65.63999939,84.12000275,52.43000031,93.48999786,28.62000084,114.2300034,139.4600067,15.4327364,14.96424261,8.005732006
2021-04-16 00:00:00,64.56999969,53.38000107,415.730011,417.3299866,66.16999817,84.09999847,52.54999924,93.37999725,28.53000069,114.2300034,138.9299927,15.13647696,14.99862198,8.009374421
2021-04-19 00:00:00,63.06999969,53.29999924,413.7900085,415.3500061,66.48000336,83.55000305,52.52999878,93.12999725,28.75,114.0400009,138.5500031,15.29868623,15.47666798,8.014703059
2021-04-20 00:00:00,62.40999985,53.81000137,410.5899963,412.1799927,65.36000061,82.19000244,52.11999893,92.87999725,28.48999977,114.1399994,138.4299927,15.25328844,15.56115297,7.878533385
2021-04-21 00:00:00,62.29999924,54.24000168,411.3599854,412.9400024,65.26999664,82.15000153,52.04000092,91.56999969,28.29999924,114.3399963,139.0700073,15.08182169,15.33272076,7.917259445
2021-04-22 00:00:00,62.27999878,54.31999969,411.1300049,412.7099915,65.75,82.58999634,52.38999939,91.22000122,28.56999969,114.2900009,139.1999969,15.21357521,15.18571151,7.801833439
2021-04-23 00:00:00,57.90000153,54.16999817,412.7900085,414.3800049,66.06999969,83.19999695,53.04999924,92.48000336,28.70000076,114.3300018,139.4900055,15.05819824,14.61531006,7.750543213
2021-04-26 00:00:00,58.45999908,53.58000183,416.8099976,418.5899963,66.62999725,83.45999908,53.13000107,93.37000275,28.95999908,114.3899994,139.8500061,15.11432741,14.22688066,7.806758101
2021-04-27 00:00:00,57.77000046,53.31999969,416.2999878,417.9400024,66.48999786,82.83000183,53.38000107,92.91000366,28.82999992,113.9400024,138.5299988,15.1462519,14.67380001,7.866185457
2021-04-28 00:00:00,57.15000153,53.43999863,416.8999939,418.5,66.58000183,82.75,53.61000061,92.20999908,29.11000061,113.6600037,137.9600067,14.93242797,14.48751391,7.78599596
2021-04-29 00:00:00,57.47000122,53.43000031,416.4400024,418.0100098,66.55000305,82.48999786,53.34999847,91.97000122,28.96999931,113.4400024,137.1300049,14.98953225,14.34752249,7.815771008
2021-04-30 00:00:00,57.06999969,53.68999863,416.3399963,417.9299927,65.80000305,81.72000122,52.84000015,90.36000061,28.35000038,113.7699966,137.9799957,14.25980184,13.59006555,7.827542889
2021-05-03 00:00:00,56.84000015,54.15999985,417.6700134,419.2799988,66.54000092,82.12999725,52.74000168,89.91999817,28.45999908,113.9199982,138.2799988,14.12382648,13.46047651,7.752902795
2021-05-04 00:00:00,55.81000137,53.93999863,411.6700134,413.2600098,65.34999847,81.37000275,51.90999985,89.76999664,28.10000038,114.1999969,139.1600037,14.3486788,13.5422608,7.674874706
2021-05-05 00:00:00,56.45999908,53.70999908,415.1499939,416.5299988,66.43000031,82.43000031,52.47000122,90.19999695,28.56999969,114.1399994,138.9199982,14.38808929,13.40203298,7.749569328
2021-05-06 00:00:00,56.25,54.04999924,413.6799927,415.25,66.48000336,82.58000183,52.63000107,91.41000366,29,114.3000031,139.1999969,14.8277973,13.75674627,7.803371748
2021-05-07 00:00:00,57.24000168,54.15999985,419.1600037,420.769989,67.36000061,83.41000366,53.22999954,92.83999634,29.62000084,114.3899994,138.9100037,14.87143859,14.12147302,7.991660923
2021-05-10 00:00:00,55.88000107,54.83000183,417.8099976,419.4299927,67.62000275,83.81999969,52.47000122,93.23000336,30.13999939,114.2099991,137.6900024,15.63636096,14.5747628,8.256224012
2021-05-11 00:00:00,54.29999924,54.04999924,410.0599976,411.6099854,66.45999908,81.91999817,51.52000046,91.37999725,29.64999962,114.0199966,136.7700043,15.45961922,14.75305527,8.167879257
2021-05-12 00:00:00,53.41999817,53.88000107,404,406.3399963,66.01999664,79.86000061,50.93999863,88.11000061,29.29999924,113.4700012,135.3600006,15.26933355,15.18450392,8.474904167
2021-05-13 00:00:00,53.45999908,53.83000183,407.019989,408.5799866,66.22000122,80.08000183,50.68999863,88.55000305,29.19000053,113.5899963,135.6300049,15.18880548,14.85127647,8.719499445
2021-05-14 00:00:00,54.25999832,54.68999863,413.1799927,414.7600098,67.30000305,81.27999878,51.34999847,89.94999695,29.77000046,113.9499969,136.2200012,15.39974692,14.55669508,8.739637396
2021-05-17 00:00:00,54.75999832,54.5,413.3599854,414.9599915,67.58999634,80.77999878,51.41999817,88.40000153,29.57999992,113.9899979,136.5700073,15.39915098,14.89148666,8.813616633
2021-05-18 00:00:00,54.79999924,54.09999847,411.769989,413.3500061,67.94000244,81.77999878,52.49000168,90.16000366,30.05999947,113.9199982,136.0700073,15.56354141,15.33716263,8.842921257
2021-05-19 00:00:00,53.84000015,53.61000061,405.3299866,406.8900146,66.65000153,80.70999908,51.84999847,89.05999756,29.40999985,113.5999985,135.6199951,15.83666749,14.69878896,8.796572542
2021-05-20 00:00:00,55.36000061,54.11999893,411.6700134,413.2600098,67.62999725,81.79000092,52.40999985,90.05999756,29.56999969,113.8700027,136.6699982,16.36314883,14.44471069,8.816351742
2021-05-21 00:00:00,55.97999954,54.22000122,414.4500122,416.0400085,68.05999756,81.83999634,51.99000168,89.41999817,29.26000023,114.0800018,137.0599976,16.31344444,14.59840458,8.795074391
2021-05-24 00:00:00,56.40000153,54.49000168,417.0799866,418.6900024,68.38999939,82.34999847,52.27999878,89.73000336,29.51000023,114.2200012,137.8899994,17.05630231,15.24601483,8.782722831
2021-05-25 00:00:00,56.41999817,54.34999847,417.6199951,419.2200012,68.65000153,82.48000336,53,90.79000092,29.19000053,114.4400024,138.6199951,17.49295725,15.31688424,8.318682145
2021-05-26 00:00:00,56.59000015,54.59000015,417.7600098,419.3699951,68.45999908,82.73000336,53.27999878,91.11000061,29.34000015,114.5599976,138.8800049,17.65155258,15.33478561,8.557042718
2021-05-27 00:00:00,57,54.77999878,418.9899902,420.7600098,68.54000092,82.73000336,53.45999908,90.66000366,29.78000069,114.1999969,137.9900055,17.92747132,15.66889225,8.497903726
2021-05-28 00:00:00,56.93999863,55.20000076,419.7900085,421.4500122,68.83000183,83.23999786,53.61999893,91.58000183,30.13999939,114.3600006,138.3399963,18.37963848,16.02181778,8.5222435
2021-05-31 00:00:00,56.93999863,55.20000076,419.7900085,421.4500122,68.83000183,83.23999786,53.61999893,91.58000183,30.13999939,114.3600006,138.3399963,18.34940414,15.99546204,8.508224487
2021-06-01 00:00:00,56.59000015,55.09999847,419.2000122,420.8200073,69.40000153,83.20999908,54.81999969,93.26000214,31.29999924,114.0500031,137.25,18.21027222,16.27543079,8.696016464
2021-06-02 00:00:00,56.75999832,55.25999832,419.2900085,420.9299927,69.30000305,83.58000183,54.79999924,92.72000122,31.32999992,114.3700027,138.3200073,18.01347887,14.89325637,8.706608999
2021-06-03 00:00:00,56.09000015,55.09999847,416.2799988,417.8999939,68.88999939,83.29000092,54.40000153,92.48999786,31.60000038,114.0899963,137.8500061,17.54485445,15.30568886,8.843286896
2021-06-04 00:00:00,56.54000092,55.77999878,418.8399963,422.3200073,69.40000153,84.25,54.81999969,93.38999939,31.87999916,114.4100037,138.5200043,17.48984067,15.01298053,8.790495178
2021-06-07 00:00:00,56.77999878,55.81000137,421.1900024,422.8599854,69.77999878,84.37000275,54.50999832,92.88999939,32.09000015,114.5999985,139.3200073,17.79036974,15.18272115,8.711048877
2021-06-08 00:00:00,56.59999847,55.54999924,420.3200073,421.980011,69.81999969,84.26999664,54.40000153,92.41000366,32.00999832,114.9599991,140.2100067,18.20269774,15.51822533,8.704405305
2021-06-09 00:00:00,56.97000122,55.47999954,421.4100037,423.0400085,69.81999969,83.79000092,54.47000122,91.5,32.00999832,115.2200012,141.25,17.97034206,15.3950647,8.688023643
2021-06-10 00:00:00,56.93000031,55.75999832,421.5499878,421.9899902,69.75,84.05000305,54.68000031,92,31.55999947,115.0699997,140.6799927,17.86621516,15.10019765,8.707310233
2021-06-11 00:00:00,56.95000076,55.65999985,422.8200073,423.2600098,69.87999725,84.05999756,54.54999924,92.41000366,31.32999992,115.5100021,141.8399963,18.05274169,15.41709808,8.72879818
2021-06-14 00:00:00,57.22999954,55.20000076,423.1000061,423.5400085,70.08999634,84.05999756,54.70000076,92.66000366,31.64999962,115.1999969,141.0099945,18.41157763,15.44652295,8.683374417
2021-06-15 00:00:00,57.79999924,55.18999863,423.5400085,424,70.16999817,84.22000122,54.38999939,92.61000061,31.26000023,115.1299973,140.4799957,18.62512622,15.36050852,8.691725569
2021-06-16 00:00:00,56.77000046,54.63999939,419.9200134,420.3099976,69.51000214,83.68000031,53.54999924,91.47000122,31.01000023,114.3099976,140.2100067,18.58762193,15.23621737,8.688305098
2021-06-17 00:00:00,56.70000076,54.65000153,419.3200073,419.75,68.70999908,83.36000061,53.91999817,91.62000275,30.89999962,114.5800018,141.6399994,18.41177407,15.24987366,8.702221484
2021-06-18 00:00:00,55.09999847,53.72000122,414.7000122,416.480011,67.52999878,82.08999634,53.59999847,90.88999939,30.70000076,114.8099976,144.1199951,18.34325385,15.1652433,8.669835784
2021-06-21 00:00:00,55.36999893,54,415.9299927,417.730011,67.23999786,81.66999817,53.11000061,91.16999817,30.92000008,115.0800018,143.0200043,18.03971054,15.16566752,8.760052314
2021-06-22 00:00:00,55.5,54.25999832,420.0799866,421.8900146,67.55000305,82.16000366,53.00999832,91.23999786,30.92000008,115.0100021,142.1199951,18.63219129,15.317945,9.129494882
2021-06-23 00:00:00,55.22999954,54.11000061,422.5100098,424.3299866,67.45999908,82.01000214,53.68000031,92.23000336,31.55999947,115.0999985,142.7100067,18.52549368,15.34491193,9.374973707
2021-06-24 00:00:00,55.34000015,54,424.6199951,426.4400024,68.01999664,82.66000366,53.93000031,93.15000153,31.85000038,115.0800018,143.3300018,18.32530178,15.58768048,9.38613018
2021-06-25 00:00:00,55.75,54.00999832,425.5499878,427.3999939,68.19000244,83.01000214,54.36000061,93.54000092,31.69000053,114.6900024,141.3699951,18.34249483,15.33644105,9.435668814
2021-06-28 00:00:00,56.34000015,54,425.8900146,427.7200012,67.69999695,82.76000214,54.52999878,93.19999695,31.47999954,115.0999985,142.6999969,18.45264578,15.53468221,9.420853794
2021-06-29 00:00:00,55.88000107,53.72000122,427.1300049,428.980011,67.73000336,82.76999664,54.15999985,92.58999634,31.46999931,115.0899963,143.0399933,18.56907037,15.68999762,9.590984185
2021-06-30 00:00:00,55.38999939,53.75,427.1799927,429.0499878,67.01000214,82.06999969,54.18999863,92.91999817,31.29999924,115.4599991,144.0700073,18.35548122,15.33776259,9.634551229
2021-07-01 00:00:00,55.86999893,53.86000061,428.7999878,430.6600037,67.33000183,81.79000092,53.74000168,92.15000153,30.92000008,115.1699982,143.5299988,18.42043283,15.95884346,9.587060855
2021-07-02 00:00:00,56.31999969,54,430.519989,433.2000122,67.41999817,82.23999786,53.61999893,92.38999939,30.97999954,115.4400024,144.1100006,19.05692372,15.96103358,9.473423812
2021-07-05 00:00:00,56.31999969,54,430.519989,433.2000122,67.41999817,82.23999786,53.61999893,92.38999939,30.97999954,115.4400024,144.1100006,19.77316755,16.23008423,9.681881309
2021-07-06 00:00:00,55.70000076,53.54999924,430.0100098,431.8699951,67.16000366,81.84999847,52.81000137,92.01000214,30.22999954,115.8899994,145.7200012,19.75890207,16.43342066,9.727033138
2021-07-07 00:00:00,55.70999908,53.72000122,431.5100098,433.4100037,67.43000031,81.94000244,52.81999969,91.38999939,29.94000053,116.4700012,147.2200012,19.41077306,16.0421894,9.677775187
2021-07-08 00:00:00,54.79000092,53.74000168,427.519989,429.3900146,66.55999756,80.55999756,51.84000015,89.02999878,29.43000031,116.8199997,148.1699982,18.93510791,15.76085513,9.343344065
2021-07-09 00:00:00,55.31000137,54.18000031,430.7099915,434.1799927,67.44999695,81.94000244,52.52999878,89.72000122,30.01000023,116.4000015,146.4900055,19.28391083,15.32229216,9.170895857
2021-07-12 00:00:00,56.11000061,54.27000046,434.9700012,436.8599854,67.98999786,82.37999725,52.68000031,90.30999756,30.12999916,116.2600021,146.1699982,20.01528912,15.62304512,8.617693925
2021-07-13 00:00:00,56.34000015,54.75,435.3099976,437,67.83000183,82.36000061,53.02000046,90.55999756,30.29999924,115.8899994,144.6399994,19.71948426,16.19219623,8.887654877
2021-07-14 00:00:00,56.33000183,54.95999908,434.9100037,436.7999878,67.88999939,82.75,53.18000031,90.73000336,30.71999931,116.2099991,145.8099976,19.79787887,16.40159002,9.181024718
2021-07-15 00:00:00,55.56999969,55.90999985,432.7200012,434.6000061,67.05999756,82.05999756,53.22000122,91.45999908,30.45000076,116.5299988,147.0299988,19.65077591,16.38026595,8.93847
2021-07-16 00:00:00,54.90000153,56.25999832,430.9200134,432.7999878,66.76000214,81.48000336,52.88000107,90.62999725,30.28000069,116.6600037,147.3200073,19.91480885,16.48503621,8.892515339
2021-07-19 00:00:00,53.97000122,55.15999985,421.9700012,423.8099976,65.19000244,79.81999969,51.95000076,88.37999725,29.22999954,117.6800003,150.6199951,19.04919113,15.44718796,8.50606945
2021-07-20 00:00:00,54.27000046,55.52000046,424.8299866,426.6900024,65.11000061,80.33000183,51.75,88.91999817,29.04000092,117.7099991,149.7599945,18.86457181,15.41973696,8.393367457
2021-07-21 00:00:00,55.00999832,56.43000031,431.0100098,434.0400085,66.55000305,80.98000336,52.02999878,88.5,29.69000053,117.0199966,146.6699982,19.27743741,15.40559001,8.452624607
2021-07-22 00:00:00,55.68000031,56.04999924,433.6900024,435.5899963,67.02999878,81.63999939,52.56000137,89.69000244,29.92000008,117.1200027,148.0599976,19.52878691,15.85342533,8.547272781
2021-07-23 00:00:00,52.31999969,56.45000076,436.7900085,438.7099915,67.66999817,81.80000305,51.70999908,89.58000183,29.82999992,116.9700012,147.8899994,19.50383772,15.92262458,8.677554917
2021-07-26 00:00:00,52.75999832,56.56000137,439.2600098,441.1799927,67.87000275,81.41999817,50.79000092,88.97000122,29.85000038,117.1200027,147.8800049,19.68047579,16.20669807,8.846270678
2021-07-27 00:00:00,52.31000137,56.91999817,435.9899902,437.8900146,67.58000183,80.90000153,49.27000046,88.44999695,29.96999931,117.5100021,148.9900055,19.66505667,16.23542653,8.864487571
2021-07-28 00:00:00,52.93999863,56.63000107,437.3099976,439.230011,67.84999847,81.33000183,50.43000031,88.5,30.37000084,117.2600021,148.2700043,20.26877015,16.38160875,8.759995865
2021-07-29 00:00:00,53.31999969,56.86000061,439.8099976,441.7200012,68.79000092,82.18000031,51.25999832,90.23999786,30.87999916,117.2799988,148.5299988,20.52651356,16.39006032,8.73350306
2021-07-30 00:00:00,53.25,56.90000153,437.769989,439.7099915,68.36000061,81.30999756,50.90000153,88.41999817,29.65999985,117.5699997,149.0599976,20.7510014,16.50584365,8.769602208
2021-08-02 00:00:00,53.54000092,56.70999908,437.2099915,439.1499939,68.73000336,81.91999817,51.45999908,88.68000031,29.87999916,117.7099991,149.1799927,20.64978783,16.59209063,8.629554673
2021-08-03 00:00:00,53.25999832,56.75,436.1000061,438.0100098,68.91999817,82.05000305,51.13000107,89.27999878,29.31999969,118.1200027,150.3899994,20.33898359,16.67129803,8.585718484
2021-08-04 00:00:00,53.70000076,56.00999832,438.730011,440.6400146,69.25,82.26000214,51.65999985,91.05000305,29.45000076,117.7799988,149.7200012,20.34683305,16.56228153,8.643005737
2021-08-05 00:00:00,53.58000183,56.29000092,439.8800049,441.8299866,69.55000305,82.58000183,51.61999893,91.30000305,29.67000008,117.6399994,150,20.03000312,16.89076546,8.667629642
2021-08-06 00:00:00,53.72999954,56.43999863,441.7999878,443.7600098,69.16999817,82.29000092,51.13999939,90.33000183,29.62999916,117,147.6900024,21.33704726,17.07520884,8.662952609
2021-08-09 00:00:00,53.83000183,56.43000031,441.3099976,443.2399902,69.16000366,82.19999695,51.38000107,90.26000214,29.47999954,116.7799988,147.2299957,21.80123702,17.61336157,8.598452258
2021-08-10 00:00:00,53.50999832,56.65999985,441.8800049,443.8200073,69.23999786,82,51.50999832,88.84999847,29.62999916,116.5500031,146.5599976,21.46606416,17.75451242,8.65567103
2021-08-11 00:00:00,53.84000015,56.70999908,442.6199951,444.5700073,69.61000061,82.59999847,51.59000015,88.08999634,29.71999931,116.4400024,145.7100067,21.78631554,17.95918366,8.785887229
2021-08-12 00:00:00,53.25999832,56.72999954,442.6600037,444.6300049,69.69000244,82.08000183,51.29999924,86.95999908,29.61000061,116.4300003,145.4299927,21.6185476,18.05474597,8.902570596
2021-08-13 00:00:00,53.06000137,56.77000046,445.0700073,447.0400085,70.06999969,82.33999634,51.09000015,85.94999695,29.53000069,116.7300034,146.8099976,21.26983678,17.84456437,8.908470601
2021-08-16 00:00:00,53,57.02999878,442.8699951,444.8299866,69.61000061,81.58999634,50.77000046,85.30999756,29.27000046,117.5,148.8099976,21.0176069,17.96863982,8.886732204
2021-08-17 00:00:00,52.22000122,57.00999832,440.8500061,442.7799988,69.11000061,80.58000183,49.83000183,83.69000244,28.69000053,117.4199982,148.6699982,20.76411903,18.0571981,8.859357452
2021-08-18 00:00:00,52.11000061,56.41999817,438.9200134,440.8699951,69.23000336,80.66000366,50.11999893,84.31999969,28.57999992,117.1299973,148.4499969,20.50070181,17.89997068,8.725164646
2021-08-19 00:00:00,51.58000183,55.95000076,436.1199951,438.0299988,68.22000122,79.66000366,49.16999817,82.25,27.80999947,117.5299988,149.8099976,19.95601999,18.93966551,8.548653193
2021-08-20 00:00:00,51.41999817,56.58000183,439.7099915,441.6600037,68.27999878,79.30999756,48.90000153,81.62999725,27.71999931,117.4100037,150.1100006,19.76473123,18.89235688,8.423864758
2021-08-23 00:00:00,52.47999954,56.38000107,443.4400024,447.1099854,69.12999725,80.54000092,49.68999863,83.43000031,28.23999977,117.4000015,149.9199982,19.78390261,19.07538819,8.42042136
2021-08-24 00:00:00,53.31000137,55.90000153,447.4200134,449.4200134,69.18000031,81.33999634,50.77999878,85.16000366,28.80999947,117.2099991,149.2799988,20.2852003,18.61173916,8.440729487
2021-08-25 00:00:00,53.72999954,55.72999954,447.769989,449.75,69.33000183,81.26000214,51,85.12000275,29.04999924,116.7200012,147.5800018,21.50514225,18.91376379,8.493350364
2021-08-26 00:00:00,52.97000122,55.50999832,446.1600037,448.1499939,69.11000061,80.90000153,50.77999878,84.23999786,28.97999954,116.5899963,147.5099945,21.52120142,18.66740115,8.535242414
2021-08-27 00:00:00,52.91999817,55.45000076,447.0599976,449.0599976,69.25,80.94000244,51.02999878,84.43000031,29.12000084,116.6299973,148.3300018,21.64976709,17.86790904,8.495478225
2021-08-30 00:00:00,53.75999832,55.63999939,450.7099915,452.7200012,69.79000092,81.63999939,51.36000061,84.98999786,29.42000008,117.0999985,148.9299927,21.74553399,17.94694704,8.533057642
2021-08-31 00:00:00,53.65999985,56,450.9200134,452.9500122,69.55000305,82.06999969,52.16999817,86.66000366,29.46999931,117.1200027,148.5,21.9274968,18.5490977,8.586525936
2021-09-01 00:00:00,53.52999878,56.27999878,451.5499878,453.5799866,70.12999725,82.80999756,52.49000168,87.16000366,29.45000076,117.0400009,148.4900055,22.5005602,19.25475812,8.417079978
2021-09-02 00:00:00,53.34999847,56.40999985,451.9100037,453.9599915,70.47000122,83.18000031,52.58000183,86.51000214,29.03000069,117.1399994,148.75,22.03462219,19.39046753,8.552187738
2021-09-03 00:00:00,53.31999969,56.25,451.5499878,453.5799866,70.12999725,84.12000275,52.70000076,87.30000305,28.93000031,116.8799973,147.9400024,21.97285143,19.7312885,8.620331511
2021-09-06 00:00:00,53.31999969,56.25,451.5499878,453.5799866,70.12999725,84.12000275,52.70000076,87.30000305,28.93000031,116.8799973,147.9400024,21.81445285,19.73556599,8.648169365
2021-09-07 00:00:00,53.43999863,55.50999832,450.7399902,452.7600098,70.05000305,84.65000153,53.13000107,86.26999664,28.98999977,116.4400024,146.6600037,21.61728216,19.67975367,8.580483317
2021-09-08 00:00:00,52.99000168,55.61000061,448.8599854,450.8699951,69.22000122,84.48000336,52.43999863,84.76999664,27.77000046,116.6299973,147.3899994,21.12656775,19.42951623,8.584814619
2021-09-09 00:00:00,53.34000015,55.79999924,448.7200012,450.730011,69.09999847,84.51000214,52.36000061,83.56999969,27.61000061,116.8099976,147.8500061,21.33986878,19.48811888,8.467109227
2021-09-10 00:00:00,53.81000137,55.52000046,445.3099976,447.2999878,68.91999817,84.55999756,52.50999832,83.51000214,28.15999985,116.7099991,148.1600037,21.81133749,19.95682022,8.511403906
2021-09-13 00:00:00,54.40999985,55.74000168,444.1099854,446.0899963,69.09999847,85.25,52.43000031,83.94999695,28.44000053,116.9100037,148.9499969,21.34256036,19.76470571,8.512110651
2021-09-14 00:00:00,54.27000046,55.54999924,443.2200012,445.2000122,69.08999634,84.98000336,52.09000015,84.19999695,28.22999954,117.0999985,149.5800018,20.48046098,19.59481942,8.441271079
2021-09-15 00:00:00,54.41999817,55.41999817,443.4400024,445.4500122,68.76999664,85.08000183,51.81999969,84.69999695,28.13999939,117,149.9299927,20.16296089,19.1133821,8.299958557
2021-09-16 00:00:00,54.24000168,54.81999969,444.019989,446.0100098,68.73999786,84.77999878,51.33000183,83.37000275,27.71999931,116.6800003,149.5,20.0808785,19.05606125,8.309329033
2021-09-17 00:00:00,53.66999817,54.36999893,441.019989,444.4200134,67.83000183,84.20999908,51.29000092,83.01999664,27.26000023,116.3799973,148.6999969,21.05423026,19.20543154,8.30579726
2021-09-20 00:00:00,52.31999969,53.72999954,428.8599854,432.1700134,65.76999664,81.88999939,49.15999985,80.45999908,26.20000076,116.8199997,150.2299957,20.07276715,18.3153703,8.169149423
2021-09-21 00:00:00,52.83000183,53.93999863,433.0700073,436.4200134,66.93000031,83.16000366,49.77000046,81.01999664,26.54000092,116.9400024,150.1999969,19.75625825,17.78883004,8.129304051
2021-09-22 00:00:00,53,54.06000137,433.75,438.4200134,67.61000061,82.91999817,50.52000046,81.70999908,27.28000069,116.7900009,150.4400024,19.83064608,18.08248995,8.19448185
2021-09-23 00:00:00,53.59999847,54,439.6000061,442.980011,68.36000061,83.58999634,50.75,83.58000183,27.42000008,116.0599976,148.3399963,20.91588684,18.32863521,8.14303407
2021-09-24 00:00:00,53.72999954,53.86000061,441.2099915,442.9299927,67.66999817,83.06999969,50.34000015,82.45999908,27.29000092,115.6399994,146.7400055,20.88564985,18.49793429,8.260946918
2021-09-27 00:00:00,53.81999969,53.56999969,441.8999939,443.6099854,67.44000244,83.05999756,50.22999954,82.70999908,27.20000076,115.3700027,145.8800049,21.10500544,18.4805488,8.365455523
2021-09-28 00:00:00,53.95999908,52.43000031,432.9400024,434.6400146,65.84999847,81.40000153,49.90999985,80.83999634,26.47999954,114.7300034,143.6399994,20.96349882,18.19576891,8.13877013
2021-09-29 00:00:00,53.18000031,52.56000137,433.8500061,435.5499878,65.76999664,81.37000275,49.61999893,80.01000214,26.45000076,114.8700027,143.6900024,20.58421154,18.2549455,7.840959527
2021-09-30 00:00:00,53.25999832,52.43000031,428.7799988,430.6000061,65.45999908,80.98000336,49.93000031,80.59999847,26.45999908,114.9199982,143.6499939,20.75725191,18.39420124,7.787326074
2021-10-01 00:00:00,53.04999924,52.56999969,427.230011,428.9400024,65.44999695,80.23000336,49.61000061,79.69000244,26.70999908,115.2600021,144.1999969,20.61422384,19.1810339,8.081896305
2021-10-04 00:00:00,53.08000183,52.40000153,426.3599854,428.0100098,65.41000366,79.12000275,49.04999924,78.91000366,26.45000076,115.2600021,144.1000061,20.9806353,19.3428965,8.291829346
2021-10-05 00:00:00,53.47999954,52.93000031,429.3900146,431.0899963,65.61000061,79.55000305,49.56000137,78.47000122,26.37000084,114.9899979,143.4600067,21.35829923,19.64920016,8.1644876
2021-10-06 00:00:00,53.06999969,52.50999832,427.5400085,429.2099915,64.83000183,77.98000336,49.08000183,76.26000214,25.79000092,115.0500031,144.0299988,21.36821991,19.37857698,8.013082466
2021-10-07 00:00:00,54.11999893,53.81000137,438.2000122,439.8999939,65.87000275,79.58000183,50.27999878,78.12999725,26.36000061,114.6699982,142.5899963,21.33964027,19.21926837,8.155276537
2021-10-08 00:00:00,53.70000076,53.90000153,437.1900024,438.9200134,65.97000122,79.45999908,50.63000107,77.79000092,26.51000023,114.3000031,141.5299988,21.737946,19.36801955,8.226641216
2021-10-11 00:00:00,53.41999817,54.00999832,434.6199951,436.3099976,65.70999908,79.65000153,50.63999939,77.79000092,26.29999924,114.1299973,141.4499969,21.26906409,19.4989115,8.319717129
2021-10-12 00:00:00,52.00999832,54.22000122,432.7799988,434.480011,65.80000305,79.16000366,50.5,76.41000366,26.31999969,114.2799988,142.4799957,19.58858351,19.380266,8.412611958
2021-10-13 00:00:00,51.86999893,53.79000092,431.5400085,433.230011,66.43000031,79.08999634,50.79999924,77.52999878,26.21999931,114.6800003,144.5800018,20.82993766,19.68931526,8.568246847
2021-10-14 00:00:00,52.72999954,54.31000137,438.5799866,440.2900085,67.44000244,80.16999817,51.04999924,79.02999878,26.54000092,114.9000015,144.9499969,21.07795594,20.01175584,8.66629317
2021-10-15 00:00:00,53.81000137,54.29000092,444.0899963,445.8399963,67.90000153,80.83000183,51.40000153,79.94000244,26.67000008,114.5299988,144.4700012,21.05004287,19.81984556,8.611381173
2021-10-18 00:00:00,53.72000122,53.86000061,443.269989,445,67.59999847,80.26999664,51.5,79.37999725,26.71999931,114.0699997,144.5200043,21.16533203,20.64239144,8.49090368
2021-10-19 00:00:00,54.36999893,53.77000046,448.269989,450.0599976,68.08999634,81.19000244,51.97999954,80.55000305,26.32999992,114,143.6499939,20.87940865,20.98930027,8.40670927
2021-10-20 00:00:00,55.08000183,54.11000061,451.0100098,452.7799988,68.23000336,81.26999664,52.18999863,80.58999634,26.42000008,113.9400024,142.5099945,21.57456175,21.87601182,8.48281669
2021-10-21 00:00:00,54.83000183,54.20999908,451.3099976,453.1000061,68.33999634,80.30000305,51.79000092,80.04000092,25.51000023,113.6299973,142.2299957,20.92802049,22.19973639,8.459675388
2021-10-22 00:00:00,49.13999939,54.06999969,451.0499878,452.8299866,68.55000305,80.62999725,51.56000137,80.08000183,25.05999947,113.6699982,143.2100067,20.68680167,21.34877933,8.28851187
2021-10-25 00:00:00,49.31000137,54.02000046,452.3900146,454.1700134,68.44000244,80.81999969,51.68999863,81.18000031,26.04000092,113.9800034,143.6300049,20.94137018,21.22213022,8.42279098
2021-10-26 00:00:00,47.93000031,54.22999954,455.5599976,457.3800049,68.72000122,81.08000183,51.56000137,81.94000244,26.06999969,113.9000015,143.7400055,20.89441422,21.30734731,8.286190619
2021-10-27 00:00:00,47.86999893,55.27000046,453.8599854,455.6700134,68.63999939,80.55000305,51.31000137,80.95999908,25.79999924,114.3199997,145.9299927,20.92453423,21.14479248,8.273450704
2021-10-28 00:00:00,47.88000107,55.61999893,455.4500122,457.269989,68.94999695,80.88999939,50.93000031,80.73000336,25.55999947,114.4599991,146.8399963,20.59930265,21.42602066,8.157323849
2021-10-29 00:00:00,47.91999817,55.77999878,455.5599976,457.3800049,68.61000061,80.36000061,50.45000076,78.97000122,25.05999947,114.1900024,146.3200073,20.59067065,21.4187137,8.308031991
2021-11-01 00:00:00,49,55.90000153,458.2000122,460.019989,69.05000305,81.23999786,50.65999985,79.51000214,25.15999985,114.1900024,145.6999969,20.44826331,21.37325132,8.251005471
2021-11-02 00:00:00,49.22999954,55.97000122,460.0799866,461.9200134,69.27999878,81.11000061,50.52999878,80.41000366,24.87000084,114.6600037,146.5,20.8290202,21.05665664,8.207043717
2021-11-03 00:00:00,49.70999908,55.77999878,460.8299866,462.6799927,69.30000305,80.83000183,50.50999832,78.58000183,24.87999916,114.2699966,145.5299988,20.64396745,20.97078488,8.115966096
2021-11-04 00:00:00,49.72999954,56.02999878,464.9899902,466.8399963,69.55000305,81.48999786,50.72000122,79.09999847,24.80999947,114.6600037,145.8500061,20.8162158,21.36401095,8.189537532
2021-11-05 00:00:00,50.54000092,56.59000015,466.9200134,468.7900085,69.59999847,81.69000244,50.70000076,79.26000214,25.13999939,115.2200012,148.1300049,20.26290357,20.93833369,8.132178633
2021-11-08 00:00:00,51.06000137,56.13000107,468.2000122,470.0799866,69.90000153,81.80000305,51.20999908,79.31999969,25.26000023,115.1600037,148.5099945,20.53371558,21.2809298,8.054289225
2021-11-09 00:00:00,50.77000046,56.09000015,465.8800049,467.7399902,69.76999664,81.23999786,51.20000076,78.97000122,25.42000008,115.6500015,150.6399994,20.75369718,21.1335034,8.220091825
2021-11-10 00:00:00,50.70999908,56.29000092,462.0400085,463.8800049,69.05000305,80.23999786,51.02000046,77.54000092,25.31999969,114.5400009,147.0299988,20.61120281,21.09936288,8.217361121
2021-11-11 00:00:00,50.40999985,56.56999969,463.75,465.6099854,69.30999756,80.69000244,51.81000137,78.52999878,25.86000061,114.3799973,147.8899994,21.1705427,20.97752013,8.181769359
2021-11-12 00:00:00,50.18000031,56.54999924,464.1099854,465.9700012,69.37000275,81.19999695,51.91999817,79.30999756,25.56999969,114.5199966,146.7599945,21.38637161,21.14577493,8.233753071
2021-11-15 00:00:00,50.11999893,56.27000046,466.230011,468.1199951,69.26999664,81.52999878,51.91999817,79.75,25.54999924,114.1299973,145.2200012,20.93060675,21.3062843,8.385659754
2021-11-16 00:00:00,50.34000015,56.18999863,467.0700073,468.9700012,69.15000153,81.31999969,51.79000092,79.55999756,25.04000092,114.0500031,144.8500061,20.54169957,21.05121953,8.447304654
2021-11-17 00:00:00,49.97999954,55.65000153,467.480011,469.3399963,69.13999939,80.58000183,51.65999985,78.54000092,24.53000069,114.0500031,144.4600067,20.78131273,21.0229559,8.712578788
2021-11-18 00:00:00,48.97000122,55.13999939,466.3399963,468.269989,69.01000214,80.37000275,50.93999863,77.79000092,24.04999924,114.2900009,145.9499969,21.31678381,21.34376708,8.76956296
2021-11-19 00:00:00,49.24000168,54.90000153,468.5,470.3999939,68.37999725,80.76000214,51.06000137,78.31999969,24.07999992,114.7900009,147.5800018,21.89642998,20.92445529,8.680274031
2021-11-22 00:00:00,49.40999985,55.08000183,467.3500061,469.2399902,67.87000275,80.75,50.52999878,79.98999786,24.22999954,113.9499969,146.1300049,21.89830025,20.82353705,8.719016482
2021-11-23 00:00:00,48.63999939,55.5,464.4500122,466.3099976,67.26000214,80.54000092,50.34000015,79.19000244,24,113.5500031,144.5,21.87352704,20.7395504,8.708467543
2021-11-24 00:00:00,48.63000107,55.02999878,465.1900024,467.0499878,66.59999847,79.77999878,50.18000031,78.94000244,24.20999908,113.5,144.7899933,21.45503696,20.73273522,8.694372833
2021-11-25 00:00:00,48.63000107,55.02999878,465.1900024,467.0499878,66.59999847,79.77999878,50.18000031,78.94000244,24.20999908,113.5,144.7899933,21.53595944,20.66253388,8.691594896
2021-11-26 00:00:00,48.11999893,53.58000183,457.769989,459.6000061,65.36000061,77.48000336,48.77999878,75.44999695,23.63999939,114.9199982,148.6699982,20.66357834,20.63695002,8.627576523
2021-11-29 00:00:00,48.72000122,53.93000031,461.730011,463.6000061,65.66999817,77.76000214,48.95999908,75.94000244,23.76000023,114.6600037,148.1699982,20.7585683,20.67852241,8.644956465
2021-11-30 00:00:00,48.68000031,52.43999863,455.2999878,457.1300049,64.91999817,76.25,48.72000122,74.87999725,23.5,115.2200012,150.25,20.50517242,20.47854233,8.468369908
2021-12-01 00:00:00,48.52000046,52.27999878,450.2900085,452.0700073,65.16000366,76.91999817,49.13999939,77.30999756,23.59000015,115.1600037,149.7899933,20.26957424,20.63527878,8.509393311
2021-12-02 00:00:00,48.33000183,52.50999832,450.3099976,452.1099854,65.54000092,77.41999817,49.45000076,78.75,23.95000076,115.4100037,150.7599945,20.76992107,20.58400106,8.69813459
2021-12-03 00:00:00,48.75999832,52.97999954,448.9200134,450.7399902,64.97000122,77.75,48.86999893,78.30000305,24.22999954,115.3899994,151.3500061,21.39077952,20.74799137,8.694605124
2021-12-06 00:00:00,49.18000031,54.13999939,453.5599976,455.3800049,65.69999695,78.16000366,48.77999878,79.12999725,24.43000031,115.6500015,151.9299927,20.97109011,20.51784444,8.604257345
2021-12-07 00:00:00,52.20999908,54.84999847,458.6499939,466.230011,66.98000336,79.73999786,49.90000153,80.62000275,25.06999969,115.2600021,150.8600006,21.06380247,20.55975682,8.608569144
2021-12-08 00:00:00,51.38000107,54.36000061,466.8299866,468.7099915,67.48000336,79.97000122,50.06000137,80.65000153,25.26000023,114.8199997,148.3600006,20.66389546,20.45195807,8.596710356
2021-12-09 00:00:00,50.43000031,54.59000015,466.1400146,468.0400085,67.04000092,79.68000031,50.06000137,80.72000122,24.98999977,115.0999985,148.4799957,20.42272051,20.42272051,8.58652544
2021-12-10 00:00:00,50.04999924,55.06999969,466.5100098,468.4200134,67,79.66999817,50.02000046,80.62000275,25.03000069,115.2799988,148.8099976,20.78815008,20.57656585,8.5691611
2021-12-13 00:00:00,49.95000076,56.95999908,466.269989,466.7099915,66.51999664,78.94000244,49.36000061,77.91000366,23.06999969,115.6100006,150.3099976,20.84023707,20.60160841,8.617146373
2021-12-14 00:00:00,49.31999969,57.40000153,460.25,460.6099854,65.84999847,78.48999786,49.13000107,77.37000275,22.93000031,115.4300003,149.3099976,20.74524332,20.58668095,8.390592045
2021-12-15 00:00:00,49.33000183,57.65000153,460.7399902,461.1400146,65.97000122,78.83000183,48.52000046,77.37999725,22.59000015,115.2799988,149.1300049,20.58666762,20.50728458,8.414601932
2021-12-16 00:00:00,50.58000183,57.90000153,464.7999878,465.1700134,66.81999969,79.62000275,49.20000076,78.05000305,23.20000076,115.5599976,148.7299957,20.45174124,20.47826749,8.355769765
2021-12-17 00:00:00,50.00999832,57.70000076,458.0599976,460.0599976,66.12000275,78.98000336,48.72000122,78.37999725,23.13999939,115.9400024,150.1600037,20.54520672,20.97156639,8.340661094
2021-12-20 00:00:00,48.95999908,57,451.1400146,453.1000061,65.05000305,76.54000092,47.49000168,76.77999878,22.56999969,115.8799973,149.6000061,19.81769822,20.26749912,8.294857668
2021-12-21 00:00:00,49.93999863,57.52999878,456.3099976,458.3200073,65.80000305,77.05999756,48.15999985,77.20999908,22.76000023,115.2300034,147.6199951,20.47550708,20.29056702,8.295882869
2021-12-22 00:00:00,50.20999908,57.49000168,462.5799866,464.6499939,66.34999847,77.19999695,48.40999985,77.62000275,22.67000008,115.3399963,149.0200043,20.83333325,20.5414012,8.306794024
2021-12-23 00:00:00,51.04999924,57.93999863,468.6400146,470.7099915,67.20999908,77.83000183,48.86999893,78.30000305,22.95999908,115.1800003,148.0299988,20.64223181,21.4700574,8.358368118
2021-12-24 00:00:00,51.04999924,57.93999863,468.6400146,470.7099915,67.20999908,77.83000183,48.86999893,78.30000305,22.95999908,115.1800003,148.0299988,20.59257385,21.63829049,8.446172869
2021-12-27 00:00:00,51.29999924,58,472.0100098,474.0799866,67.62000275,77.95999908,49.16999817,78.61000061,23.12000084,115.25,148.3200073,20.58901062,21.63454632,8.444711387
2021-12-28 00:00:00,51.63000107,58.29999924,476.0599976,478.1199951,68.34999847,78.37999725,49.16999817,78.79000092,23.30999947,115.2799988,148.0099945,20.64793579,21.69646378,8.468879914
2021-12-29 00:00:00,51.65999985,58.65999985,475.9200134,478,68.27999878,78.19999695,48.75,78.73999786,23.03000069,114.6699982,146.4100037,20.79471374,21.70817661,8.53013128
2021-12-30 00:00:00,51.65000153,58.75999832,475.6700134,477.7600098,68.20999908,78.09999847,48.97999954,78.15000153,23.30999947,114.7900009,146.4499969,21.35508997,22.16501753,8.652726088
2021-12-31 00:00:00,51.45999908,58.70000076,474.6700134,476.75,68.16999817,77.98000336,49.43999863,77.69999695,23.43000031,115,147.4299927,21.6243936,21.86736431,8.598463621
2022-01-03 00:00:00,51.59999847,58.38000107,473.8500061,475.9100037,68.48000336,77.80000305,49.38999939,77.68000031,23.29000092,113.9300003,144.2799988,21.66269902,21.90610013,8.613694928
2022-01-04 00:00:00,52.65000153,59.59000015,475.5799866,477.6600037,68.79000092,78.80999756,49.52000046,77.61000061,23.17000008,113.5800018,142.7400055,21.7080596,22.10069226,9.532669649
2022-01-05 00:00:00,53.83000183,60.04999924,468.2799988,470.2900085,68.36000061,78.19999695,48.86000061,76.15000153,22.80999947,113.3099976,142.7100067,21.73148195,22.05623635,9.607317674
2022-01-06 00:00:00,53.41999817,60.43999863,465.4299927,467.480011,67.94000244,77.33000183,48.84999847,75.51999664,22.94000053,112.9800034,142.2899933,21.93303514,21.98725772,9.448285222
2022-01-07 00:00:00,53.15000153,60.06000137,464.6499939,466.6700134,67.97000122,76.98999786,49.04999924,76.44999695,23.17000008,112.4700012,141.5599976,21.76207764,21.65380859,9.1352005
2022-01-10 00:00:00,53.31000137,60.18000031,456.6000061,458.5899963,66.95999908,76.66999817,49.20000076,75.66999817,23.14999962,112.3799973,141.3600006,21.50358045,21.28555925,9.106848466
2022-01-11 00:00:00,54.72999954,59.84000015,462.0499878,464.0499878,67.48000336,77.26000214,49.63999939,77.08000183,23.39999962,112.5599976,142.6999969,21.18528972,20.5877559,8.976587502
2022-01-12 00:00:00,54.81000137,60.18999863,468.9400024,470.9700012,68.65000153,78.87000275,50.84000015,79.25,24.26000023,112.9800034,143,21.101569,20.96796233,9.202454209
2022-01-13 00:00:00,54.77000046,60.38999939,463.4400024,465.4899902,68.41999817,78.37000275,50.56999969,78.37000275,24.59000015,112.9800034,143.0299988,21.36236373,21.52468958,9.322795486
2022-01-14 00:00:00,54.52999878,60.36000061,459.8999939,461.8999939,67.90000153,77.87999725,50.41999817,77.01000214,24.48999977,112.5500031,141.7899933,21.61272666,21.55787202,9.160724244
2022-01-17 00:00:00,54.52999878,60.36000061,459.8999939,461.8999939,67.90000153,77.87999725,50.41999817,77.01000214,24.48999977,112.5500031,141.7899933,21.33070807,21.1666257,9.161265647
2022-01-18 00:00:00,54.68000031,60.45000076,455.3099976,457.3299866,67.16000366,76.75,49.88000107,74.95999908,24.51000023,111.6900024,140.0200043,21.01792331,20.71766726,9.062273426
2022-01-19 00:00:00,53.56000137,60.56000137,451.4599915,453.4299927,67.44000244,76.48999786,50.08000183,75.73999786,24.95999908,111.8399963,140.3099976,20.53639443,20.59079547,9.112175012
2022-01-20 00:00:00,51.93999863,60.72000122,444.5,448.2099915,66.97000122,76.16999817,50.38000107,75.30999756,25.03000069,112.0299988,141.0899963,20.33123222,20.54896965,9.117754745
2022-01-21 00:00:00,51.95000076,60.40000153,437.9500122,439.8699951,66,75.51999664,49.63000107,74.45999908,24.81999969,112.6500015,142.6699982,19.71662438,20.17894523,8.920072823
2022-01-24 00:00:00,49.88000107,58.56999969,420.7600098,422.5599976,63.15000153,73.47000122,47.97999954,71.05999756,23.88999939,112.7699966,142.4299927,19.08660965,19.11372131,8.472394198
2022-01-25 00:00:00,50.25,58.68999863,427.1499939,429.0100098,63.68000031,73.86000061,48.49000168,71.37999725,24.23999977,112.5699997,141.8000031,18.99289078,18.75008394,8.295900446
2022-01-26 00:00:00,50.75,59.20999908,428.8599854,430.7600098,64.27999878,73.43000031,48.36999893,70.87000275,24.94000053,111.8399963,140.4900055,19.77977543,19.0772151,8.3496593
2022-01-27 00:00:00,47.77999878,59.5,429.4500122,431.3299866,64.37000275,72.41000366,48.02000046,69.13999939,25.04000092,112.0899963,142.3300018,19.67784356,18.98989806,8.48484807
2022-01-28 00:00:00,46.29999924,58.93999863,427.8200073,429.6799927,63.84999847,71.81999969,47.54000092,69.86000061,24.93000031,112.1200027,141.8500061,19.22562097,18.85074814,8.39447378
2022-01-31 00:00:00,47.31000137,60.15000153,439.8099976,441.769989,64.79000092,73.20999908,48.68000031,71.5,25.15999985,112.2900009,141.9600067,19.32768587,18.81835712,8.578168488
2022-02-01 00:00:00,48.36000061,60.15999985,446.9400024,448.8900146,65.91000366,73.80999756,49.45000076,71.97000122,25.55999947,112.1299973,141.0599976,19.53415892,19.22689131,8.67226916
2022-02-02 00:00:00,48.09000015,60.56000137,453.0499878,455.0400085,66.65000153,75.06999969,49.52999878,72.88999939,25.5,112.4000015,141.9299927,19.77412458,19.61181986,8.926759386
2022-02-03 00:00:00,48.25,60.59000015,445.7099915,447.6799927,65.97000122,74.11000061,49.22000122,71.79000092,25.31999969,111.9199982,140.1799927,19.69641505,19.94058548,9.156391293
2022-02-04 00:00:00,47.13000107,60.56999969,443.8299866,445.7999878,65.41999817,74.15000153,49.02000046,72.08000183,25.12000084,111.0899963,138.7799988,19.28254861,19.22815496,9.219723523
2022-02-07 00:00:00,47.95999908,60.86000061,445.8500061,447.8200073,65.76999664,74.83000183,49.33000183,72.06999969,25.38999939,111.0899963,138.5500031,19.32576372,19.62349957,9.121543939
2022-02-08 00:00:00,47.90000153,61.74000168,445.2200012,447.1799927,65.55000305,75.01999664,49.40000153,72.26999664,25.43000031,110.8099976,137.8200073,20.03595505,19.9547282,9.056793194
2022-02-09 00:00:00,48.83000183,60.90000153,455.0100098,457.0299988,67.01000214,76.23999786,50.27999878,73.95999908,25.81999969,110.9800034,138.1900024,20.05039759,20.18587325,9.198797271
2022-02-10 00:00:00,48.75999832,60.20000076,447.2000122,449.2000122,66.29000092,75.44000244,50.22000122,73.5,26.12999916,109.9599991,135.8399963,20.76002942,21.03069473,9.297353461
2022-02-11 00:00:00,47.5,60.15000153,438.9400024,440.8800049,64.97000122,74.73000336,49.50999832,72.80999756,26.36000061,109.9199982,135.3600006,20.70713257,21.38472198,9.210743743
2022-02-14 00:00:00,47.11000061,59.27999878,435.3399963,437.2600098,64.05999756,74.43000031,48.97999954,71.87999725,26.31999969,110.2099991,135.9700012,20.51727393,21.11433746,8.752408522
2022-02-15 00:00:00,47.18999863,60.63000107,443.1799927,445.1300049,65.47000122,75.22000122,49.93000031,72.36000061,26.54999924,109.9599991,134.9400024,21.19251894,21.19251894,8.864048469
2022-02-16 00:00:00,47.59999847,60.56000137,441.9400024,443.8900146,65.69000244,75.44000244,50.27000046,73.08000183,26.94000053,109.9400024,134.5099945,21.58458565,21.25959816,8.937155914
2022-02-17 00:00:00,47.38000107,60.40999985,436.4200134,438.3500061,65.02999878,75.09999847,49.99000168,73.02999878,26.29999924,110.5199966,135.8999939,21.00229579,20.07852082,8.803032131
2022-02-18 00:00:00,44.50999832,61.99000168,431.8200073,433.7200012,64.5,74.76000214,49.56000137,72.76000214,26.29999924,110.9700012,137.1600037,20.23751118,20.23751118,8.770496097
2022-02-21 00:00:00,44.50999832,61.99000168,431.8200073,433.7200012,64.5,74.76000214,49.56000137,72.76000214,26.29999924,110.9700012,137.1600037,19.05797622,18.74891672,8.427921009
2022-02-22 00:00:00,43.84999847,61.72000122,425.8599854,427.7099915,63.20999908,74.19000244,48.61000061,72.31999969,26.43000031,110.8399963,137.4700012,17.53749082,18.16426645,7.912876554
2022-02-23 00:00:00,44.54999924,61.34000015,421.3500061,423.1700134,63.09000015,73.68000031,48.40000153,71.72000122,26.53000069,110.5100021,136.5700073,19.78610399,18.39998956,8.629241782
2022-02-24 00:00:00,43.63000107,59.22000122,410.6400146,412.3999939,60.20000076,71.62999725,46.15000153,68.59999847,25.30999947,110.7300034,136.25,16.76961388,16.39033344,7.680428975
2022-02-25 00:00:00,46.25,60.91999817,427.8599854,429.7600098,62.66999817,73.58000183,47.5,71.08000183,25.90999985,110.4800034,136.1799927,17.35851069,16.18166251,7.441692791
2022-02-28 00:00:00,46.84999847,61.40999985,430.7000122,432.6000061,62,73.83000183,47.31999969,71.19000244,26.23999977,111.5800018,138.3200073,16.60960731,15.56649187,7.09479001
2022-03-01 00:00:00,46.22000122,61.50999832,427.1099854,429.0899963,60.25999832,72.97000122,46.97000122,71.05999756,26.69000053,112.5500031,140,16.37583818,15.81207982,7.275167456
2022-03-02 00:00:00,47.47999954,61.77999878,431.5700073,433.4700012,60.99000168,73.26999664,46.81999969,70.93000031,26.87000084,111.3899994,136.4100037,15.41538848,14.74863292,6.800906682
2022-03-03 00:00:00,47.61999893,62.29000092,433.7999878,435.7600098,59.65999985,73.19000244,46.59999847,71.62000275,27.51000023,111.4899979,137.0200043,16.10310353,14.76341106,6.303253087
2022-03-04 00:00:00,47.36999893,61.20000076,427.8800049,429.7399902,56.70999908,72.23999786,45.56999969,69.58999634,27.07999992,112.7699966,139.3099976,14.17871574,12.72346149,6.00125492
2022-03-07 00:00:00,47.59999847,60.72000122,419.3599854,421.1900024,55.11000061,70.41999817,44.13000107,67.05999756,26.57999992,112.4400024,138.7700043,12.68398361,10.9927858,5.68136766
2022-03-08 00:00:00,46.88999939,58.59000015,415.1199951,416.9100037,55.72000122,69.41000366,43.90000153,67,26.52000046,111.6500015,137.25,12.76002056,11.83518434,5.880864696
2022-03-09 00:00:00,46.88999939,58.65999985,422.8200073,424.6600037,58.52000046,70.79000092,44.79999924,68.45999908,27.18000031,110.9800034,136.1300049,14.1734345,12.53602294,6.484149796
2022-03-10 00:00:00,46.15999985,57.5,420.4400024,422.2600098,58.16999817,70.91000366,44.49000168,67.80000305,27.10000038,110.3600006,133.7200012,14.53059036,12.73734146,6.658755112
2022-03-11 00:00:00,45.77000046,57.86000061,419.5299988,421.3599854,57.97000122,70.26000214,43.84999847,67.11000061,27.05999947,110.3499985,134.2100067,14.64942313,13.07703425,6.866098142
2022-03-14 00:00:00,44.29999924,57.97000122,415.7900085,417.6000061,58.93000031,69.91999817,42.68000031,66.73000336,26.38999939,109.1600037,131.7200012,14.87734051,12.84149391,6.916658306
2022-03-15 00:00:00,44.06999969,58.97999954,418.4200134,420.2399902,58.90000153,70.11000061,41.97000122,66.59999847,25.87999916,109.0299988,131.1900024,14.28649437,12.60848623,6.675080945
2022-03-16 00:00:00,45.27000046,58.61000061,424.7999878,426.6700134,60.34000015,71.48999786,44.5,68.77999878,26.23999977,108.25,130.3200073,14.45550559,12.75946251,6.940730119
2022-03-17 00:00:00,45.72999954,59.22999954,433.1900024,435.1400146,61.31999969,72.88999939,45.18999863,70.48000336,26.85000038,108.5500031,131.0700073,14.58664659,13.1674053,7.306464419
2022-03-18 00:00:00,46.34999847,59.70999908,437.2200012,440.5599976,61.36000061,73.5,45.29999924,70.37000275,27.32999992,108.9300003,132.5700073,15.16078812,13.31833123,7.50143162
2022-03-21 00:00:00,47.06999969,60.25,440.6799927,444.019989,61.72999954,73.87000275,45.38000107,69.91000366,28.46999931,107.5699997,129.75,15.31921669,13.26612579,7.251622334
2022-03-22 00:00:00,47.40000153,60.06000137,445.8599854,449.2200012,62.5,74.26000214,46.29999924,70.79000092,28.88999939,106.9700012,128.3399963,15.27521739,13.56333958,7.808796476
2022-03-23 00:00:00,48.06000137,60,443.7099915,447.1199951,61.63000107,74.01000214,45.93999863,70.52999878,29.06999969,107.0899963,128.8600006,15.3891057,13.47873396,7.68128638
2022-03-24 00:00:00,48.59000015,60.45999908,444.7600098,446.6499939,61.56000137,74.37000275,46.08000183,70.37000275,29.37000084,107.1100006,129.6000061,15.42464041,13.57579652,7.527435815
2022-03-25 00:00:00,50.45000076,61.04999924,448.4299927,450.3599854,61.65000153,74.36000061,45.79000092,69.94999695,29.88999939,105.9700012,127.6500015,15.49180574,13.45966086,7.851468837
2022-03-28 00:00:00,50.56000137,61.20999908,450.0599976,452,61.65000153,73.77999878,45.81999969,70.23999786,29.55999947,106.1200027,129.0399933,15.5743534,13.51885499,7.945291965
2022-03-29 00:00:00,51.27999878,61.74000168,457.1799927,458.0499878,63.16999817,74.88999939,46.70000076,71.90000153,29.96999931,106.3499985,129.7400055,15.59352735,13.65393458,7.927340441
2022-03-30 00:00:00,51.22000122,61.56000137,456.4700012,458.4400024,63.31999969,74.63999939,46.77999878,71.36000061,30.10000038,106.5599976,129.9900055,15.8958782,14.45555975,8.078877143
2022-03-31 00:00:00,49.50999832,62,451.1600037,453.4700012,62.25999832,74.01000214,46.13000107,71.16999817,30.34000015,107.2699966,131.6600037,15.60898747,14.1374331,8.211798966
2022-04-01 00:00:00,47.33000183,62.09000015,449.1400146,451.0799866,62.50999832,74.09999847,46.72000122,70.76999664,30.69000053,106.1999969,129.7100067,15.80268979,14.11987424,8.216872811
2022-04-04 00:00:00,47.91999817,61.72000122,452.2600098,454.2399902,62.74000168,74.66999817,47.47000122,71.51000214,31.01000023,106.3799973,130.7100067,15.77692188,14.25688622,8.09812103
2022-04-05 00:00:00,48.02000046,62.36999893,449.8200073,451.8200073,62.27000046,73.69000244,46.93999863,70.72000122,30.23999977,105.1999969,128.2899933,15.55389461,14.29489471,8.275301431
2022-04-06 00:00:00,47.24000168,62.29999924,443.4700012,445.4200134,61.25999832,72.55999756,46.24000168,69.80999756,29.67000008,104.6500015,126.4000015,15.27462431,14.28048275,8.369513702
2022-04-07 00:00:00,46.77000046,62.70999908,443.5299988,445.4500122,61.36999893,72.20999908,45.86999893,69.19999695,29.62999916,104.4599991,125.4100037,15.11130865,14.09168748,8.366122437
2022-04-08 00:00:00,46.84999847,63.15999985,445.9400024,447.9100037,61.66999817,72.19999695,46.13000107,68.87000275,29.53000069,104,124.2600021,15.42181275,14.19329546,8.299026352
2022-04-11 00:00:00,46.52999878,63.63999939,439.3900146,441.2999878,61.5,71.33999634,45.59000015,68.27999878,29.54999924,103.5199966,122.5599976,15.56045005,14.98703313,8.210287714
2022-04-12 00:00:00,46.40999985,63.88999939,436.6499939,438.5599976,60.93999863,70.83000183,45.38999939,68.40000153,29.54999924,104.0299988,122.6699982,15.70721563,15.02995592,7.970825844
2022-04-13 00:00:00,46.54999924,64.23000336,437.8399963,439.7399902,61.00999832,71.05999756,45.58000183,69.55999756,29.55999947,104.3099976,122.8899994,15.81369851,15.13496613,7.957559509
2022-04-14 00:00:00,45.61999893,64.81999969,437.6799927,439.5700073,61.43999863,71.37000275,45.43000031,68.73000336,29.22999954,103.3199997,120.3799973,15.77055281,15.71807177,7.963997965
2022-04-15 00:00:00,45.61999893,64.81999969,437.6799927,439.5700073,61.43999863,71.37000275,45.43000031,68.73000336,29.22999954,103.3199997,120.3799973,15.71015912,15.65787906,7.933499656
2022-04-18 00:00:00,45.52000046,64.18000031,435.6099854,437.5299988,61.20000076,70.68000031,45.02000046,68.5,29.37999916,103.1100006,119.6900024,15.69518393,15.6429537,7.925937308
2022-04-19 00:00:00,46.34000015,64.44000244,437.6799927,439.5799866,60.99000168,70.37000275,44.65000153,68.40000153,29.15999985,102.3899994,118.6699982,15.55974755,15.58732831,7.883691905
2022-04-20 00:00:00,47.97999954,65.40000153,443.480011,445.4100037,61.90000153,71.37999725,44.68000031,69.16000366,29.07999992,102.7600021,119.9199982,16.03075149,15.87673466,7.925353614
2022-04-21 00:00:00,47.40000153,65.72000122,437.1000061,439.019989,61.36999893,70.70999908,43.84000015,68.20999908,28.29999924,102.2699966,119.1699982,16.4667135,15.94396069,7.971980345
2022-04-22 00:00:00,46.5,65.18000031,425.4400024,427.2999878,60.52000046,69.47000122,43.54000092,67.45999908,27.5,102.3799973,119.8099976,16.38703675,16.54335189,7.906940627
2022-04-25 00:00:00,46.18000031,64.77999878,418.8399963,420.6400146,59.24000168,68.68000031,42.65000153,66.27999878,26.46999931,103.3399963,121.1299973,15.80763937,16.32087441,7.570216906
2022-04-26 00:00:00,45.50999832,65.04000092,416.0700073,417.8399963,58.09000015,68.01000214,42.24000168,65.06999969,26.06999969,103.7600021,121.7600021,15.77210732,15.56826748,7.771393752
2022-04-27 00:00:00,45.00999832,65,415.0100098,416.8200073,57.90000153,68.18000031,42.54000092,64.83000183,26.11000061,103.4599991,120.7699966,15.21904962,15.02529414,7.550399065
2022-04-28 00:00:00,45.54000092,64.5,417.6000061,419.4299927,58.11000061,68.52999878,42.70999908,65.48000336,25.87999916,102.9599991,120.0100021,15.25089928,15.25089928,7.575282207
2022-04-29 00:00:00,43.5,64.48999786,411.2099915,412.980011,58.36999893,68.80000305,43.43000031,66.55999756,26.06999969,102.5500031,119.1100006,15.28068568,15.23083026,7.478312731
2022-05-02 00:00:00,43.50999832,62.58000183,405.019989,406.7999878,57.5,68.16000366,42.81999969,66.04000092,25.19000053,101.8199997,116.9300003,15.4155666,15.36527111,7.544322968
2022-05-03 00:00:00,44.22999954,62.66999817,413.3599854,415.1600037,58.36999893,69.05000305,43.47000122,66.76999664,25.69000053,102.0199966,117.8899994,15.39788366,15.49786992,7.511467599
2022-05-04 00:00:00,44.40999985,62.93999863,413.7099915,415.480011,57.93000031,68.77999878,42.95000076,66.43000031,25.45999908,101.8099976,117.3499985,15.03011227,15.050488,7.425240755
2022-05-05 00:00:00,44.13000107,64.01000214,409.4400024,411.2000122,57.13000107,68.05999756,42.15000153,65.06999969,25.17000008,101.1500015,114.0199966,14.91463864,15.26794649,7.444701183
2022-05-06 00:00:00,43.84000015,64.06999969,405.730011,407.480011,56.43999863,67.97000122,41.65999985,65.43000031,24.92000008,100.9899979,113.3099976,14.36713986,14.34735753,7.28647671
2022-05-09 00:00:00,42.86999893,64.04000092,396.5,398.2799988,54.86000061,66.33999634,40.72999954,63.95999908,24.36000061,101.0899963,112.6200027,13.96832137,14.20030838,6.927580998
2022-05-10 00:00:00,43.5,63.84999847,394.8200073,396.5100098,55.13999939,66.18000031,40.59000015,63.84999847,24.20999908,102.1200027,115.4800034,14.33203843,14.81464581,6.909741592
2022-05-11 00:00:00,42.77999878,63.95999908,391.9599915,393.6199951,55.22000122,65.98999786,40.65000153,63.58000183,24.71999931,101.7900009,114.4400024,14.72181267,15.01723366,6.782373562
2022-05-12 00:00:00,42.00999832,63.20999908,385.1499939,386.7799988,54.54999924,65.51999664,40.02000046,62.16999817,24.40999985,103.0100021,117.6600037,14.87680199,15.43957575,6.802221961
2022-05-13 00:00:00,42.97000122,64.12000275,395.6099854,397.3399963,55.83000183,67.05000305,40.81999969,64.68000031,25.10000038,102.5500031,115.9000015,15.20884693,15.59944332,6.872055233
2022-05-16 00:00:00,42.79000092,65.44000244,397.6000061,399.3200073,56.22999954,67.12999725,41.13999939,64.51999664,25.72999954,102.8700027,115.8499985,15.76444002,16.00961016,6.901539448
2022-05-17 00:00:00,43.65000153,65.01000214,402.5799866,404.3299866,57.65000153,67.95999908,42.00999832,65.98999786,26.45999908,102.2300034,114.3600006,16.49908139,16.34272813,7.062129124
2022-05-18 00:00:00,42.22000122,60.95999908,390.5499878,392.25,56.38999939,67.12999725,41.34999847,64.12000275,25.92000008,102.1900024,114.6100006,16.77902596,16.60424443,7.340823855
2022-05-19 00:00:00,41.72000122,59.65999985,387.1099854,388.7399902,56.20000076,67.58000183,41.52999878,64.62999725,26.20999908,103.2799988,116.8499985,16.3211891,15.43228924,7.185273871
2022-05-20 00:00:00,40.31000137,59.65999985,380.5400085,382.1700134,56.52999878,67.98000336,41.63999939,65.27999878,26.79000092,103.2699966,117.0599976,16.94851894,16.02632012,7.424323648
2022-05-23 00:00:00,41.33000183,61.59000015,390.3800049,392.0799866,57.95999908,69.05999756,42.20999908,66.69000244,27.5,103.1999969,116.5400009,17.38064874,16.60539679,7.502438307
2022-05-24 00:00:00,41.09999847,62.75,386.9599915,388.6300049,58.09000015,68.45999908,41.34999847,65.40000153,27.14999962,103.7099991,117.8600006,17.72024542,17.14135879,7.515394866
2022-05-25 00:00:00,41.38999939,63.59999847,391.8900146,393.6099854,57.99000168,68.48000336,41.58000183,65.38999939,27.37000084,104.0699997,118.5899963,18.03677569,17.58522915,7.651205266
2022-05-26 00:00:00,42.08000183,63.95999908,398.4500122,400.2000122,58.65000153,68.93000031,41.88999939,65.75,27.76000023,103.8799973,117.8000031,18.50157416,17.64571903,7.841143334
2022-05-27 00:00:00,43.54999924,64.13999939,407.7000122,409.4899902,59.58000183,69.90000153,42.70000076,67.30000305,28.35000038,104.2200012,118.7399979,18.78040731,18.54749168,8.075098419
2022-05-30 00:00:00,43.54999924,64.13999939,407.7000122,409.4899902,59.58000183,69.90000153,42.70000076,67.30000305,28.35000038,104.2200012,118.7399979,19.54866405,18.66468054,8.195790033
2022-05-31 00:00:00,43.65000153,63.04999924,410.0299988,411.8299866,59.59000015,69.63999939,43.63999939,67.98999786,28.26000023,103.1500015,115.9300003,20.28582139,18.56582656,8.220563531
2022-06-01 00:00:00,43.52999878,62.13000107,406.9299927,408.75,58.56999969,69.45999908,43.18000031,67.34999847,28.04999924,102.4199982,115.6900024,20.25898687,17.9803051,8.170573425
2022-06-02 00:00:00,43.93999863,62.11000061,407.0400085,408.8399963,59.18000031,69.66999817,43.45999908,67.54000092,28.20000076,102.5199966,115.4599991,20.0569222,17.80096817,8.089079504
2022-06-03 00:00:00,43.34000015,62.81000137,409.5100098,411.3200073,59.25999832,69.22000122,43.34999847,66.91999817,28.17000008,102.3300018,114.8700027,20.21133082,17.93800928,8.151353445
2022-06-06 00:00:00,43.08000183,62.65999985,410.5499878,412.3599854,59.59000015,69.43000031,43.59000015,66.76000214,28.02000046,101.7300034,113.8099976,20.06263615,18.01389871,8.19494976
2022-06-07 00:00:00,42.65999985,62.22000122,407.6099854,409.3999939,59.09999847,68.76999664,43.40000153,65.86000061,27.47999954,102.0400009,114.5800018,20.16280577,18.14294334,8.265498018
2022-06-08 00:00:00,41.02999878,62.56000137,410.3800049,412.1900024,58.95999908,68.68000031,43.88999939,65.94000244,27.20999908,101.8099976,114.0800018,20.41664015,18.15092176,8.320221416
2022-06-09 00:00:00,40.00999832,61.77999878,401.4400024,401.8900146,57.56000137,67.76000214,43.09999847,64.73000336,25.54000092,101.5100021,113.6800003,19.78857066,18.0078501,8.339289916
2022-06-10 00:00:00,39.18000031,60.45999908,389.75,390.0899963,55.79999924,66.26000214,42.65999985,63.06000137,24.68000031,100.5999985,112.9700012,19.32013204,17.41525415,7.870572746
2022-06-13 00:00:00,37.66999817,60.66999817,373.2999878,373.6300049,53.88999939,64.23000336,41.22999954,60.08000183,23.51000023,98.41999817,109.2399979,18.45174153,16.4729279,7.647268319
2022-06-14 00:00:00,37.54000092,58.65999985,370.5899963,370.8900146,52.84999847,63.61999893,41.72000122,60.43999863,23.48999977,97.98999786,108.5899963,17.85280581,16.28613101,7.347583342
2022-06-15 00:00:00,37.91999817,58.97000122,372.1199951,372.4400024,53.47999954,63.52000046,41.97000122,59.86000061,23.60000038,98.40000153,109.0299988,17.70655615,15.95271816,7.123465264
2022-06-16 00:00:00,36.93000031,58.25,364.0799866,364.3599854,52.90000153,63.04000092,41,58.74000168,22.92000008,98.43000031,108.1200027,17.72583454,16.16498706,6.85415168
2022-06-17 00:00:00,36.59999847,59.13000107,362.1700134,364.0299988,52.88999939,62.68999863,41.15999985,59.22000122,22.75,99.55000305,110.9599991,17.66740762,16.25895694,6.770447116
2022-06-20 00:00:00,36.59999847,59.13000107,362.1700134,364.0299988,52.88999939,62.68999863,41.15999985,59.22000122,22.75,99.55000305,110.9599991,18.24451596,15.90201621,6.72552532
2022-06-21 00:00:00,37.33000183,59.00999832,371.8099976,373.6300049,52.95000076,62.93999863,41.66999817,59.34000015,23.04000092,99.55000305,109.8099976,18.01007109,16.04979124,6.787468967
2022-06-22 00:00:00,37.22000122,60.31999969,370.1799927,372.0899963,52.25999832,62.22000122,40.93999863,57.45000076,22.68000031,100.7099991,112.3799973,17.88474297,15.57861699,6.844778173
2022-06-23 00:00:00,36.90999985,61.22999954,372.8900146,374.769989,51.77999878,62.13999939,40.93999863,56.72999954,22.22999954,101.4000015,113.4899979,17.54321578,15.4852197,6.823722898
2022-06-24 00:00:00,37.74000168,62.11000061,381.3699951,383.3399963,53.13999939,63.27000046,41.63999939,58.31999969,22.21999931,101.0699997,112.5,17.33671811,15.64473289,6.878287736
2022-06-27 00:00:00,38.47000122,62.63000107,387.4400024,389.4100037,53.84999847,63.84000015,42.15999985,59.36000061,22.75,100.4499969,111.1600037,17.51476888,16.09000508,6.902735002
2022-06-28 00:00:00,37.74000168,62.11000061,380.5299988,382.5,53.43999863,63.83000183,41.90999985,59.04000092,22.86000061,100.3300018,110.8700027,17.54235306,16.13160439,7.066010742
2022-06-29 00:00:00,37.02000046,62.43000031,378.4200134,380.3999939,53.11000061,63.38999939,41.68999863,58.00999832,22.72999954,100.7900009,112.1699982,17.11443672,15.82232113,6.984738064
2022-06-30 00:00:00,36.72999954,62.15999985,372.5599976,374.519989,51.83000183,62.56000137,41.06999969,57.06000137,22.27000046,102.0100021,114.75,15.43164891,14.99490413,7.072839085
2022-07-01 00:00:00,35.88000107,62.81999969,373.7999878,375.769989,51.81000137,62.54000092,40.95999908,56.56000137,21.89999962,102.9800034,115.2200012,15.83344477,14.78761047,7.223553143
2022-07-04 00:00:00,35.88000107,62.81999969,373.7999878,375.769989,51.81000137,62.54000092,40.95999908,56.56000137,21.89999962,102.9800034,115.2200012,16.21765537,14.59588984,7.140609455
2022-07-05 00:00:00,35.54000092,62.41999817,372.8999939,374.8299866,50.50999832,62.09000015,40.40999985,56.09000015,21.55999947,103.4400024,116.1699982,15.74879396,14.48889044,7.147529566
2022-07-06 00:00:00,36.45999908,63.18999863,379.6000061,381.5899963,50.95999908,62.49000168,40.5,56.11000061,21.40999985,102.7200012,114.7699966,15.67727772,13.95660089,7.049995315
2022-07-07 00:00:00,37.72999954,62.70000076,383.269989,387.1199951,51.81999969,63.50999832,41.29999924,57.43999863,22.20999908,102.0299988,113.5100021,15.81018203,14.30785704,6.998926734
2022-07-08 00:00:00,37.38999939,62.88000107,385.6600037,387.6700134,51.84000015,63.68999863,41.29000092,57.65000153,22.29999924,101.3700027,112.0500031,16.31003476,14.45771518,6.988296603
2022-07-11 00:00:00,37.02999878,62.59000015,383.5,385.5,51.38999939,62.88999939,40.38000107,56.31000137,21.70999908,101.9800034,113.6999969,16.22245073,14.0594573,6.9696455
2022-07-12 00:00:00,36.99000168,62.47000122,378.9899902,380.9599915,51.29999924,62.81000137,40.16999817,56.43000031,21.36000061,102.4499969,114.9700012,16.30428282,13.63847307,6.902543092
2022-07-13 00:00:00,36.61999893,61.97999954,374.6600037,376.5799866,50.70999908,62.18999863,39.75999832,56.20999908,21.36000061,101.7799988,113.4499969,16.5338332,13.75443882,6.865341659
2022-07-14 00:00:00,36.29000092,61.29999924,371.0400085,372.9700012,49.75,61.38999939,39.56999969,55.02000046,20.75,101.9300003,114.4700012,16.2771389,13.54846401,6.892870045
2022-07-15 00:00:00,37.72999954,62.06999969,380.5400085,382.5100098,50.79000092,62.27000046,39.58000183,56.09000015,20.96999931,102.4400024,115.5999985,16.3860669,13.47351455,6.997229437
2022-07-18 00:00:00,38.52999878,61.50999832,380.6600037,382.6499939,51.75999832,63.04000092,40.27999878,57.15000153,21.47999954,102.0299988,114.1800003,16.76256545,13.67159593,7.112796242
2022-07-19 00:00:00,39.24000168,61.93000031,385.3900146,387.3999939,52.99000168,63.75999832,40.63000107,58.20000076,21.70000076,101.8799973,113.6600037,16.60811961,13.52546144,7.121179342
2022-07-20 00:00:00,39.56000137,61.15000153,391.0299988,393.0899963,52.63999939,64.01000214,40.58000183,58,21.57999992,101.8000031,114.0500031,17.04497743,13.92406607,7.334141695
2022-07-21 00:00:00,39.81999969,60.79000092,391.6300049,393.7099915,52.74000168,64.29000092,40.81000137,58.54999924,21.34000015,102.1900024,115.0100021,16.73650186,14.03088711,7.36262421
2022-07-22 00:00:00,38.93999863,61.31999969,392.75,394.7999878,53.13000107,64.72000122,40.61999893,58.25,21.62000084,103.8199997,117.9700012,16.9865653,14.34740968,7.299664539
2022-07-25 00:00:00,38.54999924,61.31000137,393.2099915,395.2900085,53.56000137,65,40.75,58.65000153,21.98999977,103.5500031,116.4700012,17.18929747,14.86382766,7.228135546
2022-07-26 00:00:00,38.88000107,62.52999878,389.9500122,391.980011,52.95999908,64.63999939,40.52999878,58.58000183,22.18000031,103.8499985,117.4000015,16.99778205,15.43061066,7.317484897
2022-07-27 00:00:00,39.22999954,61.79000092,394.0499878,396.1799927,53.29000092,65.04000092,40.79999924,58.84999847,22.29000092,104.0199966,116.7099991,16.9479274,15.38313297,7.297358654
2022-07-28 00:00:00,39.04000092,62.88999939,398.1499939,400.2600098,53.74000168,65.72000122,40.95000076,59.70000076,22.79000092,104.75,117.3199997,17.14994613,15.4471146,7.528947982
2022-07-29 00:00:00,35.24000168,63.63000107,406.769989,408.9200134,54.68000031,65.95999908,40.84999847,59.56999969,23.34000015,104.8099976,117.3300018,17.65149903,16.19068532,7.617169281
2022-08-01 00:00:00,36.04999924,64.02999878,408.3999939,410.5700073,55.11000061,66.98999786,40.72999954,59.47999954,23.12999916,105.1299973,118.0800018,18.39706933,16.62063274,7.507269694
2022-08-02 00:00:00,36,63.43000031,406.8200073,408.9500122,54.47000122,66.16999817,40.59000015,59.18000031,22.82999992,104.0699997,117.2900009,18.74885119,16.91072853,7.720115197
2022-08-03 00:00:00,35.25999832,63.31000137,410,412.2099915,54.59000015,65.83999634,40.63999939,59.86999893,22.70000076,103.4300003,116.3300018,19.14100455,17.14590978,7.589372247
2022-08-04 00:00:00,35.36000061,62.91999817,412.4400024,414.6499939,55.11999893,66.23000336,41.20999908,60.36000061,23.26000023,104.5299988,118.5400009,19.71775918,17.6613167,7.598562331
2022-08-05 00:00:00,35.18000031,62.66999817,409.6000061,411.7799988,54.52000046,65.84999847,41.09000015,60.56000137,23.20000076,103.3499985,115.8899994,20.22456686,17.89730843,8.036766895
2022-08-08 00:00:00,35.20000076,62.75,411.8299866,414,54.93999863,66.30000305,41.40000153,60.93999863,24.12999916,103.9100037,117.5599976,19.92233768,17.82398008,7.681918344
2022-08-09 00:00:00,34.40000153,62.84999847,410.2200012,412.3800049,54.75999832,65.72000122,41.29000092,60.75,24.34000015,103.7799988,117.4599991,20.08483458,18.12710702,7.957437087
2022-08-10 00:00:00,34.59000015,63.09999847,416.7200012,418.9700012,55.79000092,66.95999908,41.52000046,61.06999969,24.98999977,103.9300003,116.7300034,20.16396761,18.15964508,7.848250866
2022-08-11 00:00:00,35.49000168,63.08000183,419.2099915,421.4700012,55.90000153,67.26999664,42,61.25,24.90999985,103.1399994,114.0899963,20.92818843,18.63703081,8.011724911
2022-08-12 00:00:00,35.66999817,63.09000015,421.0299988,423.2799988,55.77999878,67.48999786,42.04999924,61.59000015,25.20000076,103.3199997,114.4300003,21.34328514,18.8552679,7.903113585
2022-08-15 00:00:00,35.70999908,63.56999969,424.7099915,427,55.56999969,67.62999725,42.13999939,61.50999832,25.34000015,103.9499969,115.4499969,21.70907352,19.67157388,7.931695018
2022-08-16 00:00:00,35.70000076,64.33000183,426.8800049,429.2399902,55.5,67.34999847,42.22999954,61.40000153,25.57999992,103.3899994,114.2399979,22.16059802,20.20737883,7.981673498
2022-08-17 00:00:00,35.27000046,64.76000214,424.5400085,426.8099976,54.97999954,66.88999939,42.15000153,60.38000107,25.23999977,102.9599991,114.3099976,23.2527204,20.6879042,7.924314183
2022-08-18 00:00:00,35.56999969,64.70999908,425.5,427.7799988,54.86000061,66.90000153,41.86999893,59.95999908,25.17000008,103.2799988,114.5899963,23.84035567,21.0549156,7.997977095
2022-08-19 00:00:00,35.18999863,64.95999908,421.2200012,423.4700012,54.15999985,65.87999725,41.47000122,58.75,24.69000053,102.3600006,112.7399979,23.86549473,20.73911492,7.959142492
2022-08-22 00:00:00,33.72999954,63.99000168,412.3999939,414.5799866,52.93000031,65.19000244,41.22000122,57.70999908,24.39999962,101.9800034,112.1299973,23.8725528,20.58712227,7.918123949
2022-08-23 00:00:00,33.90999985,63.68000031,411.769989,413.9400024,52.88000107,65.16000366,41.27000046,57.70999908,24.96999931,101.7099991,111.7399979,23.94483817,20.47371912,7.942391038
2022-08-24 00:00:00,33.59999847,64.05000305,411.3900146,413.5799866,52.77000046,65.27999878,41.18000031,57.88999939,25.37000084,101.2900009,110.8600006,24.67134556,20.35238099,7.983339685
2022-08-25 00:00:00,33.81999969,63.90000153,414.0899963,416.3500061,53.09000015,65.86000061,41.84000015,58.91999817,25.42000008,101.3899994,110.9899979,23.72740954,20.49407427,8.065562024
2022-08-26 00:00:00,33.34999847,62.97999954,405.25,407.2799988,52.04000092,65.05000305,41.75,57.86999893,25.30999947,101.6200027,112.0100021,24.06185431,20.14093016,8.13491684
2022-08-29 00:00:00,32.81000137,62.40999985,401.2000122,403.2999878,51.95000076,64.40000153,41.56999969,57.04999924,25.36000061,101.25,112.1299973,23.79838604,19.92039453,8.045842552
2022-08-30 00:00:00,32.15000153,61.99000168,396,398.1000061,51.61999893,64.08000183,40.93999863,56.91999817,24.73999977,101.0199966,112.2099991,22.6354533,19.6235093,8.053360999
2022-08-31 00:00:00,31.77000046,61.70000076,395.0400085,397.0899963,51.31000137,64.15000153,41.13000107,57.88000107,24.29999924,100.7699966,111.5800018,23.29621572,20.03148078,7.928641987
2022-09-01 00:00:00,31.12999916,61.29000092,390.0400085,392.0599976,49.86999893,62.95999908,40.54000092,56.22999954,23.84000015,99.73000336,108.9400024,22.22273745,19.83100998,7.86378705
2022-09-02 00:00:00,31.05999947,60.90000153,390.3299866,392.3299866,50,62.68999863,40.52999878,55.81000137,24.59000015,100.2200012,109.4700012,23.12849441,19.63320601,7.830184515
2022-09-05 00:00:00,31.05999947,60.90000153,390.3299866,392.3299866,50,62.68999863,40.52999878,55.81000137,24.59000015,100.2200012,109.4700012,23.29344009,19.69041537,7.848627105
2022-09-06 00:00:00,30.32999992,60.99000168,388.4200134,390.4500122,50.20999908,61.83000183,40.20000076,54.88000107,24.25,99.34999847,107.4199982,23.6722302,20.12561159,7.911447315
2022-09-07 00:00:00,30.04999924,61.31999969,390.2000122,392.2799988,50.16999817,61.09000015,40.06000137,54.18999863,23.98999977,99.73999786,108.2099991,23.77197345,20.0536454,7.882740348
2022-09-08 00:00:00,29.90999985,61.34000015,394.1199951,396.2000122,50.15999985,61.79000092,40.15000153,54.15999985,24.37000084,99.68000031,108.0500031,23.65710291,20.89250912,7.810430346
2022-09-09 00:00:00,31.07999992,61.86000061,402.4599915,404.6499939,52.02999878,63.25999832,40.79000092,55.25999832,25,99.56999969,107.6299973,23.88370116,20.62366487,7.811645129
2022-09-12 00:00:00,31.10000038,62.27000046,408.4599915,410.6499939,53.24000168,63.91999817,41.29000092,56.09000015,25.68000031,99.26999664,106.9199982,24.86550534,21.93741779,8.040621352
2022-09-13 00:00:00,29.25,60.27999878,391.9200134,394.0100098,51.40999985,61.84999847,40.27000046,54.41999817,24.84000015,98.65000153,106.2399979,25.01607511,22.04687741,8.182828307
2022-09-14 00:00:00,29.01000023,60.43999863,391.1199951,393.1400146,51.18000031,62.22000122,40.38000107,54.65999985,24.84000015,98.69000244,107.1200027,24.22045781,21.14831423,8.146358256
2022-09-15 00:00:00,28.70999908,59.36000061,388.7799988,390.8200073,50.90999985,61.79999924,40.08000183,53.86999893,24.5,98.5,107.5800018,23.72486002,19.72684533,8.139185554
2022-09-16 00:00:00,28.42000008,59.11000061,382.1099854,385.6900024,50.24000168,61.59999847,39.5,53.88999939,24.04999924,98.44999695,106.7699966,23.7642583,19.4237022,7.787805128
2022-09-19 00:00:00,28.89999962,59.22999954,382.1799927,385.7600098,49.66999817,61.20000076,38.84999847,53.74000168,24.01000023,98.23999786,106.8000031,23.72377548,19.39061359,7.774538469
2022-09-20 00:00:00,28.70999908,59.31999969,381.2000122,384.769989,49.02000046,61.06999969,39,53.36999893,24.87000084,97.54000092,105.4000015,23.80189342,19.81965356,7.781388235
2022-09-21 00:00:00,28.45999908,59.38999939,377.3800049,380.8999939,48.72000122,60.50999832,38.45000076,52.84999847,25,97.30000305,105.9700012,23.27328258,19.71116158,7.716032073
2022-09-22 00:00:00,28.04000092,59.20000076,373.4400024,376.9200134,48.16999817,60.43000031,38.25999832,52.22999954,24.98999977,96.58999634,104.7300034,23.24351159,19.6753793,7.428918958
2022-09-23 00:00:00,27.19000053,58,363.2900085,366.7000122,46.16999817,58.74000168,37.31000137,50.22999954,24.17000008,96.27999878,104.5599976,23.14788734,19.19416059,7.276659474
2022-09-26 00:00:00,26.86000061,57.68999863,363.0299988,364.5100098,45.50999832,58.00999832,36.91999817,49.34000015,23.31999969,95.06999969,103.2200012,21.24925598,17.64314516,6.661987267
2022-09-27 00:00:00,26.62000084,56.31000137,360.8699951,362.3500061,45.18999863,57.47999954,36.81999969,48.93000031,23.30999947,94.51000214,100.9000015,21.86887202,18.11992253,6.582207294
2022-09-28 00:00:00,26.60000038,55.90999985,362.6000061,364.0700073,45.22999954,57.61000061,36.70999908,48.25,23.37000084,95.51999664,102.4800034,21.17616682,17.40007223,6.297066829
2022-09-29 00:00:00,26.19000053,56,359.7000122,361.1799927,45.31000137,57.56000137,36.20999908,47.86999893,23.07999992,95.88999939,102.8000031,20.91347395,17.48929894,6.339058167
2022-09-30 00:00:00,25.73999977,56,357.0400085,358.5299988,45.97000122,57.34999847,36.43999863,47.31999969,23.32999992,95.66000366,102.2300034,21.44532623,17.87110519,6.858036618
2022-10-03 00:00:00,26.06999969,56.06000137,359.2099915,360.6700134,46.45999908,57.81999969,36.54999924,47.54999924,24.48999977,96.48999786,103.1500015,21.11205271,18.15913209,6.708172527
2022-10-04 00:00:00,27.09000015,56.45999908,366.5700073,373.8699951,48.65999985,59.54999924,37.70000076,49.81000137,25.57999992,96.95999908,103.3000031,22.37359531,18.97108658,6.901437895
2022-10-05 00:00:00,26.88999939,55.50999832,370.9500122,372.4599915,47.99000168,59.36000061,37.79999924,49.18999863,25.43000031,95.98000336,101.5800018,22.44463286,19.71921316,7.042576128
2022-10-06 00:00:00,27,54.86999893,372.6799927,374.2600098,47.52000046,59.40999985,37.86000061,50.13999939,25.72999954,95.55999756,101.5299988,21.89316999,19.37227594,6.938136342
2022-10-07 00:00:00,25.64999962,54.25,360.9400024,362.4200134,46.49000168,58.58000183,37.06999969,49.29000092,25.45000076,95.06999969,100.4700012,21.34190526,19.08716422,6.630278099
2022-10-10 00:00:00,25.09000015,54.02000046,357.6700134,359.1499939,46.15999985,57.97000122,36.49000168,48.52999878,25.40999985,94.31999969,98.80000305,21.38154522,18.97865279,6.621490297
2022-10-11 00:00:00,24.69000053,54.24000168,355.7099915,357.1700134,45.72999954,57.56999969,35.95000076,48.40000153,25.02000046,94.63999939,98.98999786,21.37746174,18.82988858,6.645843029
2022-10-12 00:00:00,24.65999985,55.04000092,356.2999878,357.769989,45.66999817,57.38999939,35.93000031,48.88999939,24.76000023,94.70999908,99.19000244,20.83438734,18.29428944,6.635518652
2022-10-13 00:00:00,24.59000015,54.25999832,348.1099854,349.5299988,44.99000168,56.06999969,35.13999939,47.18999863,24.31999969,93.97000122,98.33999634,21.41151751,19.23482797,6.663335323
2022-10-14 00:00:00,25.76000023,54.93999863,356.9599915,358.4299927,46.34999847,56.97000122,35.63999939,48.47999954,24.31999969,94.23000336,98.25,21.99739961,19.32967798,6.906686107
2022-10-17 00:00:00,26.17000008,55.56999969,357.2799988,365.480011,47.74000168,57.77000046,36.34000015,49.81000137,24.69000053,94.33000183,97.94000244,21.97110249,19.20503739,6.926406927
2022-10-18 00:00:00,25.54000092,56.09999847,367.519989,369.0799866,48.11000061,57.54000092,36.33000183,49.79999924,24.87999916,94.06999969,96.87000275,22.93499928,19.98296967,6.982685423
2022-10-19 00:00:00,25.69000053,55.72999954,365.5499878,367.0499878,47.31999969,57.18000031,35.83000183,49.25,24.92000008,93.55999756,96.31999969,22.43902405,19.897901,6.874645386
2022-10-20 00:00:00,25.95000076,54.95999908,364.6099854,366.1400146,47.43000031,57.31999969,36.16999817,49.45999908,25.45000076,92.86000061,94.73999786,22.35476151,19.73387364,6.939617538
2022-10-21 00:00:00,25.79000092,54.99000168,363.5400085,365.1000061,47.02000046,56.59000015,35.99000168,49.15000153,25.71999931,92.48000336,92.26000214,22.44291067,19.70487557,7.013409585
2022-10-24 00:00:00,26.52000046,56.56999969,373.1099854,374.6499939,48.34000015,57.18000031,34.88000107,49.31999969,25.29999924,92.69000244,91.84999847,22.97298825,20.44312337,6.693364477
2022-10-25 00:00:00,27,57.75,378.6700134,380.2900085,49.11000061,58.06999969,35.33000183,50,25.06999969,93.95999908,94.44000244,23.57663834,20.73839555,6.728105426
2022-10-26 00:00:00,26.98999977,58.86000061,381.3500061,382.9700012,49.95000076,58.90999985,35.65000153,50.81999969,25.02000046,94.40000153,95.76999664,24.70112253,21.15929104,7.163898647
2022-10-27 00:00:00,26.12999916,59.38000107,379.3299866,380.9100037,50.04999924,58.79999924,35.77999878,51.47999954,25.12000084,94.66999817,96.22000122,24.70438946,21.71686616,7.222324222
2022-10-28 00:00:00,27.86000061,59.47000122,379.6799927,381.2799988,49.90000153,58.52000046,35.22000122,51.15999985,24.97999954,94.58000183,96.41000366,24.2622009,21.79042258,7.124681692
2022-10-31 00:00:00,28.04999924,59.66999817,385.2600098,386.8599854,49.93000031,58.59000015,35.15000153,51.5,24.92000008,94.01000214,95.02999878,24.46745477,21.40612393,7.073529577
2022-11-01 00:00:00,27.88999939,59.36999893,383.2900085,384.9500122,50.18000031,59.34000015,35.90999985,52.45999908,25.87999916,94.02999878,96.20999908,24.77121048,21.49131872,7.133191166
2022-11-02 00:00:00,27.40999985,58.77000046,374.7600098,376.2200012,49.50999832,58.97999954,35.75999832,51.70000076,25.61000061,93.79000092,95.95999908,25.50668693,23.03644472,7.154740241
2022-11-03 00:00:00,27.17000008,58.09999847,368.7900085,370.3099976,48.68000031,58.38999939,35.56999969,51.54999924,25.54000092,93.18000031,95.08999634,25.50090942,23.16712084,7.103824768
2022-11-04 00:00:00,27.40999985,58.56000137,370,371.5299988,50.31999969,59.77000046,37.02000046,53.13000107,26.86000061,93.40000153,94.22000122,25.91715422,23.2360693,6.981991976
2022-11-07 00:00:00,27.88999939,59.24000168,375.5299988,377.0799866,51.24000168,60.52000046,37.33000183,54.33000183,26.05999947,93.06999969,93.23999786,27.36575055,24.24956777,7.206880889
2022-11-08 00:00:00,27.93000031,58.93999863,377.7200012,379.269989,51.61999893,61.18000031,37.27000046,55.50999832,26.10000038,93.31999969,93.76999664,27.52790121,24.24528537,7.475149742
2022-11-09 00:00:00,27.52000046,58.75,373.6099854,375.1799927,51.40000153,60.49000168,36.88000107,55.79999924,25.47999954,93.54000092,93.69000244,27.43761674,24.89602697,7.524030245
2022-11-10 00:00:00,28.64999962,59.68000031,385.6400146,387.269989,53.29999924,62.54000092,37.70999908,57.33000183,24.59000015,95.43000031,96.63999939,27.28357887,24.76382779,7.957710505
2022-11-11 00:00:00,28.87000084,60.20999908,393.6099854,395.1099854,54.59000015,64.44000244,38.63999939,59.95000076,25.01000023,95.65000153,97.54000092,28.53734436,25.37952347,8.337348722
2022-11-14 00:00:00,30.18000031,60.70999908,394.8299866,396.5799866,54.84000015,64.30000305,38.68999863,59.33000183,25.29000092,95.52999878,97.08999634,28.25892026,25.60411564,8.474691007
2022-11-15 00:00:00,30.17000008,60,394.4899902,396.2000122,54.40000153,64.76999664,39.40999985,59.77999878,25.53000069,95.94000244,98.11000061,27.85341779,24.91529355,8.520560294
2022-11-16 00:00:00,29.44000053,60.29000092,394.7900085,396.4899902,54.79000092,64.47000122,39.02000046,58.54999924,24.79000092,96.63999939,99.73999786,27.93209411,24.94891548,8.672718239
2022-11-17 00:00:00,29,60.13000107,390.1400146,391.8099976,54.18000031,63.84999847,38.43000031,56.93999863,24.12999916,96.26000214,99.77999878,27.64340172,25.37950244,8.698139334
2022-11-18 00:00:00,29.61000061,60.79999924,393.0400085,394.730011,54.91999817,64.33999634,38.81000137,57.68000031,24.5,96.11000061,99.55000305,29.17595751,25.85511682,8.657906091
2022-11-21 00:00:00,28.90999985,61.20000076,392.6600037,394.3900146,54.47000122,63.56000137,38.41999817,56.20999908,24.38999939,96.04000092,99.80000305,29.47818918,25.43682454,8.795911288
2022-11-22 00:00:00,29.05999947,62.04999924,395.1499939,396.8800049,54.93000031,64.23000336,38.47000122,56.43999863,24.56999969,96.37999725,100.5299988,29.09589601,23.2530616,8.776079202
2022-11-23 00:00:00,29.48999977,62.29999924,399.3099976,401.1099854,55.58000183,64.94000244,38.68999863,56.97000122,24.62000084,96.65000153,102.0800018,29.55799903,23.84860686,8.861452425
2022-11-24 00:00:00,29.48999977,62.29999924,399.3099976,401.1099854,55.58000183,64.94000244,38.68999863,56.97000122,24.62000084,96.65000153,102.0800018,30.69108819,25.53546039,9.175862837
2022-11-25 00:00:00,29.34000015,62.38000107,401.5400085,403.3299866,56.16999817,65.62999725,38.74000168,57.66999817,24.72999954,96.84999847,102.4300003,30.52584486,25.68047266,8.976052001
2022-11-28 00:00:00,28.54000092,62.56000137,395.1099854,396.8200073,55.50999832,65.12000275,38.65000153,56.84000015,24.63999939,97.01000214,102.6900024,30.01627339,25.91766578,8.799951637
2022-11-29 00:00:00,28.73999977,61.97999954,393.2999878,395,55.56000137,65.38999939,39.33000183,58.06000137,25.18000031,96.70999908,101.9100037,29.96053112,25.7146275,8.970218897
2022-11-30 00:00:00,28.21999931,61.75,393.480011,395.1900024,55.61999893,65.37999725,40.00999832,59.02000046,25.43000031,96.40000153,101.3700027,29.94827103,25.62601588,8.960145414
2022-12-01 00:00:00,29.52000046,63.43000031,404.75,406.5299988,57.11000061,66.66999817,40.25999832,59.95000076,25.79999924,97.56999969,103.0999985,29.77103364,26.02700913,9.071167732
2022-12-02 00:00:00,28.70999908,63.40000153,402.1400146,403.9500122,57.02999878,65.91999817,40.15999985,58.75,25.89999962,97.61000061,104.6100006,30.64814806,26.8477777,9.15766664
2022-12-05 00:00:00,28.88999939,63.25999832,398.1700134,399.9299927,56.74000168,65.26000214,40.15000153,58.02999878,25.05999947,97.62999725,104.9000015,31.06358913,27.05394745,9.161450386
2022-12-06 00:00:00,28.34000015,63.22999954,391.6400146,393.3099976,56.31000137,64.94999695,40.16999817,56.97000122,25.19000053,97.84999847,106.1900024,30.90785059,26.82338119,9.144334495
2022-12-07 00:00:00,28.14999962,63.25,391.9700012,393.6199951,56.25999832,65.01000214,39.88000107,56.95000076,25.20999908,98.62000275,108.1999969,31.84914351,26.81394558,9.099755287
2022-12-08 00:00:00,28.06999969,63.34999847,393.269989,395.1499939,56.18000031,65.30999756,40.31000137,57.36999893,24.98999977,98.44999695,108.4700012,30.95842906,26.74515173,9.037174559
2022-12-09 00:00:00,28.19000053,63.09000015,393.1499939,394.8500061,56.65999985,66.02999878,40.16999817,58,24.81999969,97.84999847,106.2699966,31.63007926,26.67449625,9.177005589
2022-12-12 00:00:00,27.86000061,63.00999832,393.4100037,395.1099854,56.56999969,65.69999695,39.70999908,57.83000183,23.97999954,97.58000183,106.2600021,31.76060303,26.55896285,9.179365039
2022-12-13 00:00:00,28.37000084,63.79999924,399.0700073,399.1300049,57.47000122,66.91000366,40.20000076,57.93000031,22.30999947,98.5,107.4599991,31.6587744,26.68908307,9.141777879
2022-12-14 00:00:00,28.01000023,63.56999969,396.3099976,396.3599854,57.41999817,66.37000275,40.06999969,57.34999847,21.79999924,98.20999908,106.8899994,31.32414007,26.69039154,9.143930435
2022-12-15 00:00:00,27.12000084,62.49000168,387.8900146,387.8800049,56.06999969,64.91999817,39.49000168,55.43999863,21.87999916,98.55000305,108.1600037,31.29696064,26.76386912,9.190377331
2022-12-16 00:00:00,26.45000076,62.33000183,381.0400085,382.7900085,55.33000183,64.87000275,39.49000168,56.15000153,21.75,98.06999969,106.3099976,29.98537316,25.47537801,9.019990301
2022-12-19 00:00:00,26.5,62.47000122,378.2799988,380.0100098,54.93999863,63.84999847,38.84999847,56.50999832,21.88999939,97.73000336,104.9800034,29.79266787,25.53657246,8.998601723
2022-12-20 00:00:00,26.42000008,62.75,377.8500061,379.6199951,54.95000076,64.30999756,38.68999863,57.09000015,22.63999939,96.98999786,103.0999985,30.14024916,25.70428507,8.981308116
2022-12-21 00:00:00,26.57999992,63.06999969,382.6900024,384.4400024,55.56000137,64.5,38.70000076,56.86000061,22.79999924,97.08999634,102.9599991,30.65577785,26.63334974,8.953437132
2022-12-22 00:00:00,25.35000038,62.65000153,374.769989,376.4899902,54.91999817,63.81000137,38.52999878,56.54999924,22.77000046,97.13999939,103.3799973,30.0727188,26.34702165,8.997660846
2022-12-23 00:00:00,25.68000031,63.20000076,378.0299988,379.769989,55.18999863,64.13999939,38.56999969,56.50999832,23.28000069,96.69000244,102.0199966,30.09981215,26.18683657,9.005863795
2022-12-26 00:00:00,25.68000031,63.20000076,378.0299988,379.769989,55.18999863,64.13999939,38.56999969,56.50999832,23.28000069,96.69000244,102.0199966,30.15001416,26.23051232,9.020884237
2022-12-27 00:00:00,25.64999962,63.70999908,379.6499939,381.4200134,55.61000061,64.5,39.04999924,57.52000046,22.79999924,95.90000153,100.0100021,30.21038473,26.28303471,9.03894711
2022-12-28 00:00:00,25.5,63.49000168,376.4200134,378.1499939,55.22999954,63.86000061,38.79000092,56.50999832,23.07999992,95.69000244,99.34999847,30.78995667,26.39998237,8.613490054
2022-12-29 00:00:00,25.75,63.70000076,379.0799866,380.8399963,55.84000015,64.44000244,39.22999954,56.54000092,23.04999924,95.91999817,99.79000092,30.9132017,26.52280535,8.768764218
2022-12-30 00:00:00,25.79999924,63.16999817,378.4299927,380.1700134,55.38000107,64.26999664,38.83000183,56.13000107,22.79000092,95.62000275,99.37000275,31.28616822,27.36786199,8.763550762
2023-01-02 00:00:00,25.79999924,63.16999817,378.4299927,380.1700134,55.38000107,64.26999664,38.83000183,56.13000107,22.79000092,95.62000275,99.37000275,31.45225722,27.51314986,8.810073857
2023-01-03 00:00:00,26.37000084,62.18000031,377.8299866,379.6000061,55.84000015,64.15000153,39.29000092,55.22000122,21.81999969,96.33999634,100.8399963,31.12220836,27.26208949,8.745581806
2023-01-04 00:00:00,27.15999985,62.50999832,380,381.769989,56.74000168,64.51999664,39.74000168,56.83000183,21.76000023,96.98999786,102.2099991,31.12132502,26.09403405,8.618213081
2023-01-05 00:00:00,27.37999916,62.08000183,378.7600098,380.5299988,56.63000107,63.70999908,40.04999924,56.68999863,22.37000084,96.56999969,101.7799988,31.83062267,25.68152511,8.681078911
2023-01-06 00:00:00,27.37999916,62.58000183,379.4100037,381.230011,56.68000031,64.16000366,40.25999832,58.31999969,23.09000015,97.08000183,102.6399994,32.16315043,25.9687659,8.421980501
2023-01-09 00:00:00,28.84000015,62.58000183,387.6700134,389.4299927,58.54000092,65.84999847,41.20000076,61.09000015,23.36000061,98.19999695,104.2699966,32.47185936,26.11076751,8.381326437
2023-01-10 00:00:00,28.92000008,61.91999817,386.269989,388.0400085,58.45999908,65.36000061,41.15000153,60.75999832,23.70999908,97.83000183,103.5,32.47267602,26.19746846,8.712181371
2023-01-11 00:00:00,29,61.40999985,391.3800049,393.2200012,58.88999939,65.87999725,41.34000015,60.97999954,24.21999931,98.23999786,104.6999969,32.27021778,26.55759919,8.751245499
2023-01-12 00:00:00,29.46999931,60.97000122,392.4200134,394.230011,59.04000092,66.29000092,41.36000061,61.02000046,24.43000031,98.48000336,104.5599976,31.55398943,26.5685807,8.827930419
2023-01-13 00:00:00,29.80999947,60.59000015,393.3399963,395.1499939,59.70999908,67.20999908,41.79000092,61.81000137,24.70000076,98.86000061,106.3799973,32.3770895,26.75691547,8.980060673
2023-01-16 00:00:00,29.80999947,60.59000015,393.3399963,395.1499939,59.70999908,67.20999908,41.79000092,61.81000137,24.70000076,98.86000061,106.3799973,31.78950572,26.65427787,8.986648732
2023-01-17 00:00:00,29.52000046,61.56000137,397.0599976,398.9200134,60.27000046,67.80999756,41.75,62.06999969,24.61000061,98.63999939,105.6500015,31.55710176,26.85710788,8.972715586
2023-01-18 00:00:00,28.62999916,59.68000031,391.2799988,393.1499939,60.22999954,67.69000244,41.66999817,61.31999969,24.67000008,99.55000305,107.1200027,31.69455285,26.65782158,9.05275036
2023-01-19 00:00:00,28.23999977,59.70999908,387.2600098,389.0799866,59.61000061,67.66000366,41.83000183,61.74000168,24.43000031,99.62999725,107.4400024,32.10391927,26.67094831,9.186795631
2023-01-20 00:00:00,28.25,59.40000153,388.3800049,390.1900024,59.77000046,67.91999817,42.06999969,62.47000122,24.54000092,99.05999756,106.1100006,32.96607795,27.57500881,9.29494679
2023-01-23 00:00:00,29.18000031,60.04999924,395.7200012,397.6000061,60.22000122,68.44999695,42.52000046,63.36000061,24.75,98.80999756,105.4899979,32.25646448,27.66612146,9.279936705
2023-01-24 00:00:00,29.72999954,59.79999924,397.6400146,399.5,60.09999847,68.69000244,42.59999847,63.31000137,24.90999985,98.65000153,105.3899994,31.93978579,27.17419704,9.198163117
2023-01-25 00:00:00,29.17000008,59.88999939,393.5599976,395.4200134,60.11000061,69.20999908,42.40000153,63.18000031,25.12999916,99.20999908,106.6399994,32.67248559,28.85042124,9.098979006
2023-01-26 00:00:00,29.32999992,60.56999969,400.0299988,401.9200134,60.36000061,69.56999969,42.90000153,64.56999969,25.48999977,99.02999878,106.4899979,32.82297453,29.12597317,9.309369028
2023-01-27 00:00:00,26.78000069,60.36999893,403.4400024,405.3900146,60.34999847,69.80999756,42.77000046,65,25.21999931,98.76999664,106.1100006,32.52799702,28.74134088,9.317719298
2023-01-30 00:00:00,27.67000008,60.45999908,400.2799988,402.2000122,60.29999924,69.5,42.11999893,63.95999908,25.09000015,98.66000366,106.1900024,32.60597269,29.00120559,9.114221746
2023-01-31 00:00:00,27.53000069,60.50999832,400.769989,402.6700134,60.09000015,69.05000305,41.88000107,62.88000107,25.27000046,98.73999786,105.8700027,32.79883402,28.66037474,9.166378472
2023-02-01 00:00:00,27.68000031,60.61999893,402.3500061,404.2200012,60.34000015,69.06999969,42.09999847,63.88000107,24.95999908,98.83000183,106.4199982,32.5570509,29.17210232,9.293222469
2023-02-02 00:00:00,28.79999924,59.90999985,412.8800049,414.7999878,61.11000061,69.62999725,42.20000076,64.68000031,24.85000038,99.63999939,108.0899963,32.21410131,29.61219313,9.35447942
2023-02-03 00:00:00,29.53000069,59.22999954,411.0899963,413.0400085,60.81999969,68.77999878,41.61000061,63.29999924,24.28000069,98.47000122,106.0800018,32.63539867,29.27407484,9.228361797
2023-02-06 00:00:00,28.61000061,59.72000122,408.1000061,410.0299988,60.02999878,67.83000183,40.95000076,61.40999985,23.85000038,97.69999695,105.6800003,32.46166908,29.5901074,9.106130548
2023-02-07 00:00:00,28.43000031,59.54000092,407.5700073,409.5299988,59.81999969,68,40.95999908,61.90000153,23.88999939,97.45999908,105,32.17154947,28.86419392,9.020060599
2023-02-08 00:00:00,28.20999908,59.59000015,409.9299927,411.8800049,60.34999847,68.48000336,41.06999969,62.79000092,23.98999977,97.40000153,104.3899994,32.36655491,29.14225419,8.953662064
2023-02-09 00:00:00,27.56999969,59.59999847,405.8099976,407.730011,60.45999908,68.58000183,41.29999924,62.54999924,23.87999916,97.31999969,104.3899994,32.86099752,29.0318682,9.174311781
2023-02-10 00:00:00,27.34000015,58.88000107,405.0100098,406.9299927,59.79999924,68.44000244,40.95999908,62.31999969,23.79999924,96.88999939,103.1200027,32.35187337,29.08033562,9.208772945
2023-02-13 00:00:00,27.71999931,59.72999954,408.2399902,410.1900024,60.33000183,68.22000122,41.15999985,61.88000107,24.12000084,96.94999695,103.5800018,32.11926824,29.04594239,9.159716272
2023-02-14 00:00:00,27.98999977,59.56000137,408.5100098,410.4500122,60.61999893,68.16000366,41,62.09000015,24.18000031,96.48999786,103.1399994,32.32470546,29.16514778,9.157929536
2023-02-15 00:00:00,28.15999985,59.22999954,409.4700012,411.4400024,60.56999969,67.26000214,40.79999924,60.34000015,24.07999992,96.33000183,102.5,32.50547955,28.42707669,9.215973041
2023-02-16 00:00:00,28.12999916,58.95000076,408.1400146,410.0799866,60.54000092,67.26999664,40.77000046,61.04999924,24.21999931,96.05000305,101.3300018,33.22979121,29.13626621,9.234510819
2023-02-17 00:00:00,27.37999916,59.38000107,404.0499878,405.9500122,60.52999878,66.98999786,40.52999878,60.34999847,24.43000031,95.90000153,100.9700012,32.69265447,29.39943836,9.440429078
2023-02-20 00:00:00,27.37999916,59.38000107,404.0499878,405.9500122,60.52999878,66.98999786,40.52999878,60.34999847,24.43000031,95.90000153,100.9700012,33.44280539,30.25491207,9.64788846
2023-02-21 00:00:00,26.04000092,59.72000122,398.8200073,400.6799927,60.40000153,66.69000244,40.25999832,60.00999832,24.20000076,95.33999634,100.2799988,32.74662418,29.85721617,9.751752055
2023-02-22 00:00:00,25.29999924,59.75,397.019989,398.8500061,59.97000122,66.13999939,40,59.36000061,24.06999969,95.48000336,100.9499969,32.57407765,26.39348061,9.893316522
2023-02-23 00:00:00,25.31999969,59.81000137,396.25,398.1000061,59.91999817,66.16000366,40.02000046,60.04000092,24.22999954,95.51000214,101.4700012,32.17332609,27.47385149,9.923181669
2023-02-24 00:00:00,24.92000008,59.38999939,393.6400146,395.480011,59.15999985,65.36000061,39.31000137,58.36000061,23.72999954,95.11000061,100.5599976,32.98882395,28.18170935,9.782478213
2023-02-27 00:00:00,24.87999916,59.74000168,396.75,398.6099854,60.04000092,65.94999695,39.58000183,58.63999939,23.79999924,95.44999695,100.9100037,32.63013067,28.06466179,9.638916725
2023-02-28 00:00:00,24.72999954,59.13999939,396.1499939,397.9700012,59.70000076,65.70999908,39.38999939,58.40999985,23.71999931,95.19999695,100.2799988,33.35022042,29.18898134,9.787234335
2023-03-01 00:00:00,24.96999931,58.36999893,393.3800049,395.2000122,59.79999924,66.02999878,40.13000107,59.36999893,23.75,94.75,99.95999908,33.16518527,29.66269963,9.83140998
2023-03-02 00:00:00,25.12000084,58.79999924,392.3299866,394.2000122,59.56999969,65.73000336,40.02000046,58.77999878,23.75,94.20999908,98.87999725,33.9244036,29.59362867,9.87657282
2023-03-03 00:00:00,26.01000023,59.20999908,399.0299988,400.9100037,60.20000076,66.66000366,40.45000076,59.75,23.96999931,94.62999725,100.5699997,34.24125634,28.92280641,9.871999211
2023-03-06 00:00:00,25.93000031,59.22000122,404.0100098,405.9599915,60.68999863,67.11000061,40.50999832,60.63999939,24.04000092,94.93000031,100.9899979,35.1231708,29.65021097,9.947555567
2023-03-07 00:00:00,25.5,59.75,397.6300049,399.4899902,59.45000076,66.26000214,39.93999863,59.00999832,23.80999947,94.77999878,100.8799973,35.05712445,29.80192354,9.909801216
2023-03-08 00:00:00,25.45000076,59.72999954,396.5899963,398.4400024,59.41999817,66.65000153,40.00999832,58.83000183,24.20000076,94.86000061,101.4199982,32.16701922,28.62313242,9.681124131
2023-03-09 00:00:00,25.96999931,59.27999878,390.5299988,392.3200073,59.09000015,66.33000183,39.27999878,57.65999985,24.04999924,95.08000183,101.3300018,31.91638334,27.61088753,9.59863472
2023-03-10 00:00:00,26.31999969,58.99000168,384.3200073,386.1099854,58.61999893,65.59999847,39.08000183,57.72000122,23.43000031,96.66999817,104,31.23695972,27.0044709,9.466467946
2023-03-13 00:00:00,26.61000061,59.25,380.6499939,382.3699951,57.75999832,65.26000214,38.84999847,58.41999817,22.87999916,98.13999939,105.0400009,29.11773642,26.3330512,9.180295849
2023-03-14 00:00:00,27.25,59.34999847,387.0499878,388.8200073,58.86000061,64.94999695,38.91999817,57.90000153,23.13999939,97.37999725,103.75,29.0895795,26.53359134,8.885101688
2023-03-15 00:00:00,27.65999985,59.24000168,383.7099915,385.4500122,56.24000168,63.61999893,38.11000061,56.77999878,22.30999947,98.51999664,105.3499985,30.1980801,27.46384749,9.023150055
2023-03-16 00:00:00,28.38999939,59.70000076,386.2900085,388.0499878,56.54000092,64.27999878,38.31000137,57.63999939,22.47999954,97.98000336,105.0400009,29.1473058,26.19033275,8.943334823
2023-03-17 00:00:00,29.44000053,59.63999939,388.5499878,391.8599854,56.75,64.80000305,38.61999893,58.29999924,22.53000069,98.76999664,106.4599991,28.88297608,26.2192229,8.780109286
2023-03-20 00:00:00,28.62999916,59.97000122,390.0700073,393.3800049,57.47999954,65.09999847,38.52000046,58.43999863,22.53000069,98.62999725,105.7200012,27.03399112,25.04570446,8.897014236
2023-03-21 00:00:00,27.97999954,59.88000107,395.5799866,398.9500122,58.72999954,65.31999969,39,58.66999817,22.72999954,97.86000061,104.5400009,29.83132256,26.8850191,8.986225562
2023-03-22 00:00:00,28.10000038,60.02999878,392.0700073,395.4100037,58.74000168,65.72000122,39.29000092,59.41999817,22.75,97.75,104.4400024,31.23509954,27.1396951,9.168815911
2023-03-23 00:00:00,28.21999931,59.72000122,390.3500061,392.0799866,58.45999908,65.65000153,39.59999847,60.09000015,22.20000076,98.98000336,104.8199997,30.76072923,27.26100554,9.269970158
2023-03-24 00:00:00,28.93000031,59.90999985,389.3999939,391.0899963,57.68999863,65.48999786,39.45999908,58.95999908,22.13999939,99.76000214,106.2600021,30.25717345,25.91405325,9.217297139
2023-03-27 00:00:00,29.07999992,60.95000076,395.5599976,397.2900085,58.65000153,65.93000031,39.31999969,59.24000168,22.68000031,98.62999725,104.3300018,31.22730803,26.45136681,9.245732379
2023-03-28 00:00:00,28.62999916,61.27000046,393.6900024,395.3999939,58.74000168,66.34999847,39.77999878,59.83000183,23.03000069,98.36000061,104.0199966,31.60470769,27.17758911,9.161675966
2023-03-29 00:00:00,29.76000023,61.59000015,398.6799927,400.4500122,59.54000092,66.69000244,39.91999817,59.75999832,23.28000069,98.19000244,103.5999985,32.24414498,27.31196219,9.371147299
2023-03-30 00:00:00,31.80999947,61.65999985,401.7600098,403.480011,60.61000061,67.26000214,40.34000015,60.47000122,23.70999908,98.30999756,104.2699966,32.81575243,27.70560712,9.444533626
2023-03-31 00:00:00,31.72999954,61.86999893,404.5499878,406.3500061,60.83000183,67.44999695,40.31000137,60.88999939,23.77000046,98.58000183,105.0800018,33.56951714,27.74749756,9.625408434
2023-04-03 00:00:00,32.54000092,61.86000061,408.4400024,410.2000122,60.93999863,67.94999695,40.38999939,60.20000076,23.63999939,98.73999786,105.6999969,33.42738823,27.21564783,9.583839869
2023-04-04 00:00:00,32.84000015,62.08000183,407.2399902,409,61.27000046,68.06999969,40.40999985,60.36999893,23.54999924,98.94999695,105.75,33.72880193,28.01416146,9.66519628
2023-04-05 00:00:00,32.34000015,62.5,405.8800049,407.6499939,60.84999847,67.41000366,40.09999847,60.47999954,23.30999947,100.3000031,107.4100037,34.18322565,27.87151488,9.648793492
2023-04-06 00:00:00,32.45999908,62.38000107,405.6799927,407.4400024,61.15000153,67.05999756,40.15999985,59.5,23.29000092,100.4599991,108.3899994,33.46336577,27.4187727,9.528023512
2023-04-07 00:00:00,32.45999908,62.38000107,405.6799927,407.4400024,61.15000153,67.05999756,40.15999985,59.5,23.29000092,100.4599991,108.3899994,33.39871983,27.36580396,9.509616875
2023-04-10 00:00:00,32.20000076,62.02000046,405.9700012,407.7600098,61.09000015,67.01999664,40.20999908,60.75,23.45999908,99.37000275,106.5599976,33.37891347,27.34957528,9.50397741
2023-04-11 00:00:00,32.31999969,62.40000153,408.9200134,410.6900024,61.66999817,67.66000366,40.65000153,61.93000031,24.23999977,99.22000122,106.5100021,34.01655691,27.1388924,9.418063116
2023-04-12 00:00:00,31.95999908,62.31000137,407.4400024,409.230011,62.08000183,67.83999634,40.34000015,62.06999969,24.79999924,99.29000092,105.8799973,34.18527097,27.34821677,9.012480527
2023-04-13 00:00:00,31.64999962,62.47999954,407.9899902,410.5,62.75999832,68.61000061,40.75,63.58000183,24.92000008,99.33000183,105.8799973,34.35481578,27.42138932,9.119642007
2023-04-14 00:00:00,31.69000053,62.77999878,410.0599976,411.8500061,62.75,68.13999939,40.5,63,24.73999977,98.79000092,104.7699966,34.69508371,27.55566216,9.217369297
2023-04-17 00:00:00,31.77000046,63.13999939,411.0899963,412.8800049,62.43999863,68.15000153,40.72999954,62.56999969,24.92000008,98.26000214,103.7099991,34.41049647,27.15639181,9.590050425
2023-04-18 00:00:00,31.78000069,63.18999863,412.7799988,414.6000061,62.95999908,68.59999847,40.68999863,62.77999878,24.80999947,98.30000305,103.8000031,35.14633932,27.34979222,9.665243313
2023-04-19 00:00:00,31.07999992,63.43000031,412.1600037,413.980011,62.88000107,68.16000366,40.27000046,62.11999893,24.29999924,97.98000336,103.4800034,35.164017,27.46023942,9.691849208
2023-04-20 00:00:00,30.70999908,63.43999863,410.269989,412.0700073,62.77999878,68.22000122,40.22999954,62.06000137,24.25,98.68000031,104.75,34.67647802,27.34345937,9.756643456
2023-04-21 00:00:00,30.22999954,63.79999924,410.1700134,412,62.81999969,68.02999878,39.75999832,61.20000076,23.94000053,98.48999786,104.2699966,34.33689938,27.30778773,9.766110873
2023-04-24 00:00:00,29.61000061,63.61999893,410.6000061,412.3900146,63.45999908,68.13999939,39.77999878,60.93999863,24.07999992,98.76999664,104.8399963,34.85925579,27.76290729,9.760591621
2023-04-25 00:00:00,28.87000084,63.63000107,406.019989,407.7900085,62.59999847,67.48999786,39.18000031,59.40999985,23.93000031,99.58999634,106.2799988,35.125,27.6875,9.85
2023-04-26 00:00:00,28.84000015,63.38999939,403.7799988,405.5400085,62.56999969,67.30000305,39.45000076,59.61000061,23.87999916,99.48999786,105.6699982,34.76144981,28.05745592,9.782865162
2023-04-27 00:00:00,28.51000023,63.11000061,406.7399902,408.5499878,62.79000092,67.68000031,39.65999985,59.79999924,23.98999977,98.87999725,104.6100006,36.47905567,29.10529784,9.864934372
2023-04-28 00:00:00,30.80999947,63.47999954,411.4299927,413.230011,62.97000122,67.65000153,40.02999878,60.25,24.18000031,99.37000275,105.8600006,36.86762553,29.05668792,9.966006575
2023-05-01 00:00:00,30.28000069,64.05999756,415.269989,417.1000061,63.41999817,68,40.06999969,60.18000031,24.37999916,98.19000244,102.8399963,37.04494327,29.19643834,10.01393887
2023-05-02 00:00:00,29.75,63.27000046,407.8200073,409.5899963,62.36000061,67.19000244,39.54999924,60.29999924,23.90999985,98.59999847,103.8899994,36.42783051,28.78012298,9.938819041
2023-05-03 00:00:00,30.25,63.58000183,407.769989,409.5599976,62.88999939,67.69000244,39.65000153,60.04999924,23.97999954,99.69000244,105.2799988,36.36930757,29.07049284,9.868995638
2023-05-04 00:00:00,30.37999916,63.50999832,403.7399902,405.5400085,62.40000153,67.83000183,39.91999817,60.38000107,23.87999916,99.95999908,105.1500015,37.07846773,29.38625679,10.00364521
2023-05-05 00:00:00,30.72999954,63.63000107,408.6400146,410.4299927,62.84999847,68.29000092,40.09000015,60.84999847,24.35000038,99.44000244,104.1100006,37.47325873,29.94840691,10.00377458
2023-05-08 00:00:00,30.38999939,63.61000061,411.2799988,413.1000061,63.47999954,68.83000183,40.38999939,61.45000076,24.92000008,99.02999878,103.3199997,37.61383372,30.06075361,10.04130215
2023-05-09 00:00:00,29.90999985,63.27999878,410.6900024,412.480011,62.74000168,68.84999847,40.04000092,60.90999985,24.81999969,98.94000244,103,37.83817649,30.08135031,10.02711677
2023-05-10 00:00:00,29.48999977,62.99000168,408.8699951,410.6700134,62.56999969,68.61000061,40.02000046,60.65000153,25.19000053,99.40000153,103.6399994,38.37899036,30.29920292,10.09973431
2023-05-11 00:00:00,28.81999969,63.00999832,409.9700012,411.75,62.24000168,68.31999969,39.79999924,59.61000061,25.03000069,99.95999908,104.7200012,39.74889878,28.85268595,10.27837478
2023-05-12 00:00:00,28.71999931,63.70000076,409.0700073,410.8699951,62.33000183,68.41000366,39.54999924,59.13999939,25.35000038,99.44000244,104.25,40.74048209,28.95632112,10.13171056
2023-05-15 00:00:00,28.87999916,63.70999908,410.230011,412.0499878,62.66999817,68.87999725,39.84999847,59.72000122,25.48999977,99.12000275,103.1200027,40.83919468,28.69949504,10.08528893
2023-05-16 00:00:00,29.20999908,63.15999985,410.2399902,412.0100098,62.36000061,68.73000336,39.97999954,59.54000092,25.47999954,98.65000153,102.1100006,41.45843847,29.62211691,10.19551931
2023-05-17 00:00:00,28.68000031,62.72999954,410.6400146,412.4299927,62.09999847,68.81999969,39.90000153,60.27000046,25.45999908,98.48999786,102.3499985,38.20224659,28.40199706,10.3121097
2023-05-18 00:00:00,28.87000084,62.56999969,414.6700134,416.5,62.16999817,68.73000336,39.74000168,60.63999939,25.36000061,97.95999908,101.75,40.25704694,29.83390455,10.49803922
2023-05-19 00:00:00,29.5,62.61000061,417.3500061,419.2099915,62.81999969,69.18000031,39.79000092,61.79999924,25.37999916,97.45999908,100.9300003,39.8436058,30.09992027,10.37671478
2023-05-22 00:00:00,29.81999969,61.43999863,417.3500061,419.2099915,62.77000046,69.58999634,40.11999893,62.95000076,25.20000076,97.40000153,100.6699982,39.06542026,30.2803736,10.55451705
2023-05-23 00:00:00,29.48999977,61.16999817,413.6799927,415.5100098,61.95000076,68.76999664,39.52999878,62.31000137,25.12000084,97.23000336,100.2799988,39.04404321,30.02909693,10.39195762
2023-05-24 00:00:00,28.81999969,60.72000122,409.8800049,411.6700134,60.95999908,67.98000336,39.22999954,62.31999969,25.07999992,97.30999756,100.5299988,38.80396858,29.92562057,10.43050675
2023-05-25 00:00:00,26.86000061,60.15000153,412.4100037,414.2099915,60.59999847,67.76000214,39.13999939,61.90000153,25.05999947,96.66999817,100.0299988,38.90689639,30.24717382,10.15661747
2023-05-26 00:00:00,27.10000038,60.11000061,415.25,417.0899963,61.15999985,68.01000214,39.5,62.31999969,25.32999992,96.38999939,100,38.80266005,29.25597385,10.34737601
2023-05-29 00:00:00,27.10000038,60.11000061,415.25,417.0899963,61.15999985,68.01000214,39.5,62.31999969,25.32999992,96.38999939,100,38.8927297,29.3238835,10.37139459
2023-05-30 00:00:00,29,59.52000046,418.7399902,420.6199951,60.70000076,67.91000366,39.22999954,63.33000183,24.79000092,97.15000153,101.25,37.66548252,29.02094555,10.18820429
2023-05-31 00:00:00,29.67000008,59.36999893,416.2200012,418.0700073,59.77999878,66.95999908,38.72999954,62.27000046,24.43000031,97.62000275,101.8700027,37.29768655,28.29907665,10.17773809
2023-06-01 00:00:00,31.02000046,59.77000046,416.7900085,418.7000122,60.36000061,68.05999756,39.11000061,62.88999939,24.70999908,97.97000122,102.6299973,37.40306886,28.00562561,9.857980213
2023-06-02 00:00:00,30.82999992,60.08000183,423.9500122,425.8800049,61.5,69.86000061,40.27000046,64.86000061,25.76000023,97.23999786,101.9400024,37.76586347,29.87448902,10.20868283
2023-06-05 00:00:00,29.82999992,60.54999924,426.3699951,428.2999878,61.15999985,69.76999664,40.13999939,64.88999939,25.81999969,96.81999969,101.2099991,37.60146493,30.2166603,9.931758835
2023-06-06 00:00:00,29.70000076,60.11999893,425.9899902,427.9200134,61.11000061,70.16999817,40.16999817,65.05000305,26.04999924,97.05999756,101.3899994,37.05097484,30.3369379,10.13303459
2023-06-07 00:00:00,30.93000031,59.81999969,426.1099854,426.7000122,61.15000153,69.43000031,40.47000122,64.69000244,26.14999962,96.54000092,100.7799988,37.65846534,30.5120569,10.25354254
2023-06-08 00:00:00,31.05999947,59.97999954,425.8200073,426.4299927,61.52000046,69.55000305,40.52999878,65.01000214,26.20000076,96.76999664,100.8000031,37.64872622,30.30566888,10.26783442
2023-06-09 00:00:00,30.68000031,60.16999817,428.8699951,429.480011,61.41999817,70.55000305,40.77000046,66.48000336,26.45999908,96.76999664,101.3399963,37.33317785,30.58238477,10.38429564
2023-06-12 00:00:00,31.36000061,60.02000046,430.1700134,430.769989,61.52999878,70.75,40.86000061,66.08000183,26.54000092,96.66999817,101.1200027,37.3026377,30.37944378,10.32899344
2023-06-13 00:00:00,33.06999969,60.04000092,434.6300049,435.2600098,62.04999924,71.83999634,41.24000168,67.16999817,26.69000053,96.26000214,100.9700012,36.57605633,30.59998553,10.26257184
2023-06-14 00:00:00,33.79999924,60.59999847,433.5899963,434.2399902,62.15999985,71.66000366,41.36999893,66.43000031,26.93000031,96.18000031,101.4599991,36.74894941,31.20193818,10.28718447
2023-06-15 00:00:00,35.22000122,60.34000015,436.230011,436.8699951,62.54999924,71.62999725,41.86000061,66.23000336,27.35000038,96.98000336,102.5999985,36.74560547,31.80395508,10.32678223
2023-06-16 00:00:00,35.59999847,61.47999954,438.9700012,441.25,63.25999832,72.01000214,41.86000061,66.37999725,27.26000023,96.58999634,102.0299988,37.18783328,31.96440339,10.60144154
2023-06-19 00:00:00,35.59999847,61.47999954,438.9700012,441.25,63.25999832,72.01000214,41.86000061,66.37999725,27.26000023,96.58999634,102.0299988,38.00102777,31.88350073,10.59789602
2023-06-20 00:00:00,34.72000122,61.24000168,435.0299988,437.2999878,61.13000107,70.51000214,40.88000107,65.06999969,27.28000069,97.05000305,103.1100006,38.85128653,32.17881957,10.59406068
2023-06-21 00:00:00,32.83000183,60.97999954,434.3299866,436.6400146,60.88999939,70.70999908,40.74000168,64.26000214,27.42000008,96.75,102.3399963,38.23225284,32.36018729,10.47307165
2023-06-22 00:00:00,32.13000107,61.59000015,433.6000061,435.8599854,60.75999832,70.29000092,40.54000092,64.36000061,27.27000046,96.62999725,102.1999969,38.63543653,32.31327419,10.48584906
2023-06-23 00:00:00,32.02999878,61.18000031,432.4700012,434.75,60.06999969,68.58000183,40.02999878,63.18999863,27.04999924,96.98000336,102.9800034,37.6677844,31.80410223,10.67802009
2023-06-26 00:00:00,33.09999847,60.38999939,431.1900024,433.4400024,60.25999832,68.70999908,40.24000168,63.86999893,27.07999992,97.16000366,103.1600037,37.1704618,31.12389695,10.54011725
2023-06-27 00:00:00,33.00999832,60.97999954,431.8800049,433.519989,60.31000137,68.87000275,40.47000122,64.26000214,27.03000069,96.87000275,102.7600021,38.54905508,31.33501098,10.47466493
2023-06-28 00:00:00,33.02999878,60.40000153,434.4100037,436.7000122,60.66999817,69.23000336,40.34999847,63.02000046,26.81999969,96.94999695,102.8300018,38.87069264,31.35195837,10.45065279
2023-06-29 00:00:00,32.49000168,59.77000046,435.5400085,437.8800049,60.54999924,69,40.22000122,62.47999954,26.84000015,96.22000122,101.4499969,37.04265541,31.22708493,10.54236508
2023-06-30 00:00:00,33.15999985,59.86999893,441.1099854,443.4500122,61.49000168,69.38999939,40.59000015,63.20000076,27.10000038,96.30999756,101.8700027,36.6455188,30.96893241,10.38166946
2023-07-03 00:00:00,33.13999939,60.02999878,442.6300049,444.9599915,61.40999985,70.05999756,41.02000046,64.62000275,27.36000061,95.94999695,102.0599976,37.12777072,30.78114325,10.56078812
2023-07-04 00:00:00,33.13999939,60.02999878,442.6300049,444.9599915,61.40999985,70.05999756,41.02000046,64.62000275,27.36000061,95.94999695,102.0599976,35.28635066,29.54279898,10.66206279
2023-07-05 00:00:00,32.5,60.15999985,441.8999939,444.1900024,60.68000031,69.47000122,40.81000137,63.97999954,27.12999916,95.37000275,100.7399979,34.77864664,29.37772454,10.68280892
2023-07-06 00:00:00,31.37999916,60.5,437.0599976,439.3500061,59.29999924,68.01000214,39.95999908,62.47999954,26.30999947,94.36000061,99.47000122,33.61952375,28.77578961,10.67181602
2023-07-07 00:00:00,31.81999969,59.72999954,438.2999878,440.5899963,59.66999817,68.58999634,40.27000046,62.70999908,26.69000053,94.54000092,98.98999786,34.02314104,29.81803372,10.70390954
2023-07-10 00:00:00,31.77000046,59.13999939,437.5899963,439.8800049,60.06999969,68.80999756,40.29999924,62.68999863,26.80999947,94.73000336,98.84999847,35.11452216,29.72729842,10.78471613
2023-07-11 00:00:00,32.5,58.84000015,439.4400024,441.75,60.59999847,69.29000092,40.63000107,63.97000122,26.40999985,95.12999725,99.29000092,34.99202118,30.29640069,10.83208891
2023-07-12 00:00:00,33.06000137,59.45000076,444.9100037,447.2799988,61.97999954,70.33999634,41.45999908,65.61000061,27.14999962,95.76999664,99.76999664,36.41137919,31.30214481,11.05922885
2023-07-13 00:00:00,33.61999893,59.97999954,447.4500122,449.8099976,63.16999817,71.55000305,41.90000153,66.58000183,27.39999962,96.58000183,101.0299988,37.88420194,31.71096148,11.11183282
2023-07-14 00:00:00,33,60.09000015,448.4899902,450.9700012,63.15000153,71.27999878,41.88999939,67.11000061,27.29999924,96.48999786,101.2399979,39.38558578,32.64474342,11.15924931
2023-07-17 00:00:00,33.06999969,60.49000168,449.0799866,451.4500122,62.79000092,70.93000031,41.59000015,67.04000092,26.85000038,96.48000336,100.9199982,39.53241608,32.13645082,11.1266734
2023-07-18 00:00:00,33.83000183,60.40999985,450.0499878,452.4400024,63.02000046,71.55999756,41.56000137,67.16999817,27.22999954,96.73999786,101.5699997,39.80340012,32.15644147,11.11096555
2023-07-19 00:00:00,34.33000183,60.68000031,454.1099854,456.7900085,63.27999878,71.62999725,41.59000015,66.93000031,27.27000046,96.79000092,101.7300034,40.47395436,32.13149678,11.09391732
2023-07-20 00:00:00,33.22999954,61.66999817,451.4400024,453.8599854,63.09999847,71.01000214,41.29999924,65.97000122,27.29000092,96.19000244,101.2799988,40.30745108,32.41417816,11.09716503
2023-07-21 00:00:00,33.41999817,62.24000168,452.1700134,454.5799866,63.16999817,70.91999817,41.29000092,65.94000244,27.57999992,96.41000366,101.6299973,40.61220852,31.85902253,11.2246738
2023-07-24 00:00:00,33.56000137,62.40000153,452.2999878,455.1600037,63.04000092,70.97000122,41.36999893,67.06999969,27.73999977,96.16999817,101.3000031,40.35989907,31.5552714,11.46529617
2023-07-25 00:00:00,33.40000153,62.04999924,453.8699951,456.25,63,71.26000214,42.18000031,67.59999847,28.21999931,95.81999969,100.8000031,40.55196621,31.7112532,11.55699005
2023-07-26 00:00:00,33.70000076,61.38999939,453.3800049,455.7900085,62.72000122,71.30999756,42.04000092,66.73000336,28.20000076,95.97000122,100.9300003,40.74474936,32.17030052,11.75924412
2023-07-27 00:00:00,34.11000061,62.38000107,451.5499878,453.9599915,62.91999817,71.69000244,41.95000076,66.23999786,27.89999962,95.18000031,98.91000366,41.2540741,32.33039549,11.71208496
2023-07-28 00:00:00,35.50999832,62.22000122,452.4899902,457.5,63.31999969,72.15000153,42.75999832,67.08999634,28.06999969,95.44000244,99.15000153,40.55627306,31.60062916,11.75748105
2023-07-31 00:00:00,35.66999817,61.72999954,456.0499878,458.4899902,63.43000031,72.01000214,42.81000137,67.40000153,28.31999969,95.56999969,99.62000275,41.13269043,31.79299765,11.85135643
2023-08-01 00:00:00,35.27999878,61.61999893,455.4899902,457.9299927,62.56999969,71.30000305,42.41999817,67.41999817,27.82999992,94.77999878,97.90000153,41.51800733,31.31497307,11.82781902
2023-08-02 00:00:00,34.27999878,61.56000137,449.3500061,451.7399902,61.56999969,69.84999847,41.45999908,65.33999634,27.36000061,94.36000061,96.41000366,40.62647945,30.77382093,11.64412482
2023-08-03 00:00:00,34.13000107,61.52999878,447.3699951,449.75,61.11999893,69.30999756,41.59999847,65.12000275,27.03000069,93.95999908,94.54000092,39.05156608,30.71971729,11.61370678
2023-08-04 00:00:00,34.47999954,60.61999893,446.269989,448.6499939,61.52999878,69.98000336,41.72000122,64.77999878,27.04000092,94.40000153,95.12999725,39.086941,31.02786045,11.67054488
2023-08-07 00:00:00,34.75,60.74000168,447.9899902,450.3900146,61.68999863,70.18000031,41.58000183,64.34999847,26.87000084,94.70999908,95.5,39.57600509,31.74239094,11.66437258
2023-08-08 00:00:00,33.86000061,60.61999893,445.269989,447.6499939,61.31999969,69.31999969,40.97000122,63.18000031,26.53000069,95.19000244,96.44000244,38.82533316,31.3798166,11.70831446
2023-08-09 00:00:00,34.22999954,60.75,444.9599915,447.3299866,61.86999893,69.41000366,41.18000031,64.01000214,26.75,95.26000214,96.83999634,39.1167531,31.85403347,11.72228432
2023-08-10 00:00:00,34.47999954,60.79000092,444.7000122,447.0700073,62.11999893,69.68000031,41.34999847,63.75,26.94000053,94.62000275,95.58999634,38.85977344,31.9273425,11.651572
2023-08-11 00:00:00,34.36000061,60.68999863,443.3500061,445.7000122,61.56999969,69.25,40.72999954,62.95999908,26.60000038,94.08999634,95.19999695,39.76844927,32.43544312,11.60080205
2023-08-14 00:00:00,34.47000122,60.75,444.3800049,446.7600098,61.04000092,68.40000153,40.29999924,62.13999939,26.12000084,93.77999878,94.90000153,40.05281205,34.27657449,11.65403533
2023-08-15 00:00:00,34.75,60.36999893,442.2999878,444.6499939,60.70999908,67.91999817,40.15000153,61.84999847,26.04999924,93.75,94.55999756,39.99023117,35.32829189,11.60696125
2023-08-16 00:00:00,33.45999908,60.40000153,439.5299988,441.8699951,60.40999985,67.19000244,39.91999817,60.70999908,26.02000046,93.37000275,93.72000122,40.64421082,35.18264499,11.62170403
2023-08-17 00:00:00,32.34999847,60.45000076,435.75,438.0700073,59.84000015,66.86000061,40.02000046,60.72000122,25.79999924,93.05999756,93.01999664,41.65287442,35.89338605,11.7394284
2023-08-18 00:00:00,32.18000031,60.36999893,433.0100098,435.2900085,59.31000137,66.59999847,39.63000107,60.24000168,25.59000015,93.44000244,93.30000305,42.07573485,35.50937017,12.01198448
2023-08-21 00:00:00,32.02000046,60.31999969,435.3200073,437.6199951,59.77000046,66.66000366,39.68000031,60.58000183,25.70000076,92.91000366,92.23000336,42.11210389,35.23145757,12.15580851
2023-08-22 00:00:00,32.83000183,59.97999954,437.5700073,439.8900146,59.88000107,67.08999634,39.77999878,60.72000122,26.04000092,92.84999847,92.45999908,42.63063903,35.65239489,11.995151
2023-08-23 00:00:00,32.79999924,60.15999985,439.1000061,441.4299927,60.00999832,67.62000275,40.11000061,60.79999924,26.46999931,93.59999847,94.23000336,43.97797628,35.55159489,12.03132014
2023-08-24 00:00:00,32.49000168,60.09000015,436.8599854,439.1700134,59.56999969,67.23000336,40.22999954,61.47999954,26.54999924,93.69000244,94.88999939,44.20388329,35.55391476,12.08451486
2023-08-25 00:00:00,32.34999847,60.00999832,435,437.3399963,59.47000122,67.15000153,39.93000031,61.34999847,26.22999954,93.33999634,94.51000214,43.50837408,35.26004267,11.84989291
2023-08-28 00:00:00,33.20999908,60.36999893,439.9700012,443.25,60.33000183,68.16999817,40.45000076,62.34000015,26.37000084,93.70999908,94.88999939,43.49741839,35.25116396,11.84690903
2023-08-29 00:00:00,33.47000122,60.15000153,442.4599915,444.8900146,60.52999878,68.05999756,40.65999985,62.13999939,26.55999947,93.70999908,94.94000244,43.82369912,35.24812634,11.95535734
2023-08-30 00:00:00,33.77999878,60.29000092,448.7799988,451.2200012,61.38000107,68.83999634,40.95999908,62.68000031,26.87999916,94.55000305,95.87999725,44.7974342,35.44620675,12.05550133
2023-08-31 00:00:00,34.29999924,59.81000137,450.1600037,452.6400146,60.75,69.12000275,40.50999832,62.38000107,26.09000015,94.62999725,96.43000031,44.10992649,35.78370117,12.07620466
2023-09-01 00:00:00,35.72999954,59.11999893,449.6799927,452.1900024,60.54000092,69.52999878,40.90000153,62.93000031,26.34000015,93.86000061,94.62000275,43.46779336,35.73736947,12.19125866
2023-09-04 00:00:00,35.72999954,59.11999893,449.6799927,452.1900024,60.54000092,69.52999878,40.90000153,62.93000031,26.34000015,93.86000061,94.62000275,43.44048679,35.28878624,12.21370208
2023-09-05 00:00:00,36.45999908,58.66999817,449.1700134,451.6199951,59.97999954,69.48000336,40.66999817,62.74000168,25.96999931,93.37000275,93.48999786,43.36025938,35.34460735,12.24438183
2023-09-06 00:00:00,36.02999878,58.41999817,443.8099976,446.230011,59.52999878,69.15000153,40.5,61.93000031,25.76000023,93.12000275,93.45999908,42.71217283,34.78152584,11.99859267
2023-09-07 00:00:00,36.75,58.29999924,442.75,445.1600037,59.31999969,69.01000214,40.02000046,61.56000137,25.26000023,93.29000092,93.68000031,41.8708148,33.05919557,12.22377817
2023-09-08 00:00:00,37.70999908,58.00999832,444.5299988,446.9599915,59.52999878,68.66999817,40.11000061,61.74000168,25.43000031,93.47000122,94.16999817,41.56686889,33.05888432,12.25349367
2023-09-11 00:00:00,37.84000015,58.22999954,446.4700012,448.9200134,59.88999939,69.30000305,40.47000122,62.38999939,25.88999939,93.23999786,93.55000305,41.4667747,33.72297943,12.36509246
2023-09-12 00:00:00,38.65000153,58.18999863,445.3900146,447.8399963,59.74000168,69.26999664,40.34999847,61.74000168,25.94000053,93.26999664,93.58000183,42.06100329,33.95001567,12.49624717
2023-09-13 00:00:00,38.25,58.34000015,445.0799866,447.519989,59.45999908,69.09999847,40.41999817,61.93000031,26.20999908,93.31999969,93.81999969,42.65923914,33.72765613,12.44175759
2023-09-14 00:00:00,38.29999924,58.18999863,447.7200012,450.1700134,59.86999893,69.97000122,40.59999847,62.54999924,26.45000076,93.31999969,93.40000153,43.40114936,33.90909943,12.63316909
2023-09-15 00:00:00,37.61999893,57.75,442.9200134,446.9700012,60.15000153,69.97000122,40.5,63,26.45999908,93.01999664,92.95999908,44.27467339,34.78724338,12.47628051
2023-09-18 00:00:00,37.50999832,57.63000107,442.5599976,446.6000061,59.33000183,69.48999786,39.97999954,63.02999878,26.42000008,92.97000122,92.81999969,44.87918835,35.39505048,12.71990255
2023-09-19 00:00:00,36.02000046,57.91999817,439.9400024,443.9400024,59.34999847,69.76000214,39.88999939,62.34999847,26.46999931,92.80000305,92.80000305,45.26259565,35.2317605,12.75525951
2023-09-20 00:00:00,34.63000107,58.08000183,438.4299927,442.3999939,59.63000107,69.19999695,39.81999969,62.11999893,26.61000061,92.75,93.04000092,44.29162045,36.00332069,12.26963425
2023-09-21 00:00:00,34.45999908,57.41999817,431.230011,435.1400146,58.77999878,67.87000275,39.18999863,60.45000076,25.82999992,92.01999664,90.69000244,44.44581378,36.49365015,12.21797544
2023-09-22 00:00:00,34.13999939,57.5,429.9899902,433.8999939,58.59999847,68.26999664,39.61000061,60.68999863,25.79999924,92.09999847,90.66999817,44.99686604,36.02208128,12.3434026
2023-09-25 00:00:00,33.77000046,56.74000168,428.7200012,432.6099854,57.90000153,67.80999756,39.34000015,60.34000015,25.53000069,91.72000122,89.15000153,44.07065964,35.68499246,12.6091054
2023-09-26 00:00:00,33.63999939,56.40000153,425.019989,426.8999939,57.5,67.05000305,39,58.61999893,25.10000038,91.62000275,88.70999908,44.15051234,35.84557503,12.30560862
2023-09-27 00:00:00,33.88000107,55.68000031,422.2900085,424.1600037,56.86999893,66.88999939,38.91999817,58.49000168,24.80999947,91.08000183,88.08999634,43.36418509,35.71168184,12.14683056
2023-09-28 00:00:00,34.38000107,55.70000076,424.8699951,426.7399902,57.36999893,66.97000122,38.86999893,58.31999969,25,90.84999847,87.09999847,43.14110819,35.85990849,12.03825016
2023-09-29 00:00:00,35.15999985,55.61999893,425.9100037,427.8399963,57.81000137,66.76999664,39.16999817,58.81999969,25.48999977,91.44999695,88.12999725,44.30340976,36.24824435,11.97290495
2023-10-02 00:00:00,34.97999954,55.08000183,424.4599915,426.3599854,56.77999878,65.95999908,38.97000122,58.15000153,24.96999931,90.5,86.70999908,44.26073395,35.5427106,11.59558071
2023-10-03 00:00:00,35.27000046,54.77999878,420.1799927,422.0299988,56.15999985,64.87999725,38.50999832,57.66999817,24.27000046,89.80999756,84.88999939,43.95139628,35.48757856,11.48660976
2023-10-04 00:00:00,35.33000183,54.70999908,420.5599976,422.4599915,56.11000061,64.31999969,38.31000137,57.40000153,24.12999916,89.93000031,85.37000275,42.45579269,34.66518493,11.35375395
2023-10-05 00:00:00,35.59999847,52.24000168,421.1700134,423.0400085,56.58000183,65.27999878,38.31000137,57.25,23.95999908,90.41000366,85.63999939,40.84233466,34.59157616,11.31205227
2023-10-06 00:00:00,35.18000031,51.54999924,420.6000061,422.4599915,56.47000122,65.23000336,38.52999878,57.45999908,23.70000076,89.69000244,84.05999756,41.73674692,34.61304169,11.26142624
2023-10-09 00:00:00,35.5,52.11000061,427.0100098,428.9200134,56.99000168,65.63999939,38.50999832,57.45000076,24.17000008,90.61000061,84.94999695,41.91770356,34.76847423,11.41285866
2023-10-10 00:00:00,35.81000137,53.56000137,432.5299988,434.4700012,58.18999863,66.66000366,39.15000153,58.00999832,24.77000046,90.65000153,85.51999664,42.26387447,35.40365137,11.36836971
2023-10-11 00:00:00,36.38000107,53.02000046,433.1799927,435.1000061,58.41999817,66.72000122,39.47000122,59.15000153,25.12999916,91.19999695,87.59999847,42.89682941,35.39910278,11.52929111
2023-10-12 00:00:00,36.38999939,52.43000031,431.230011,433.1700134,57.90999985,66.48999786,39.06000137,58.86999893,24.75,90.55000305,85.93000031,42.42976738,35.90211086,11.50271612
2023-10-13 00:00:00,35.86000061,52.63999939,429.8800049,431.7900085,57.43999863,65.88999939,38.95000076,58.61000061,24.92000008,91.05999756,87.16999817,41.30116965,33.50389868,11.57407409
2023-10-16 00:00:00,36.08000183,52.84000015,433.5700073,435.5299988,57.70999908,65.90000153,38.99000168,58.54999924,25.04999924,90.58000183,85.90000153,41.32281303,32.20748663,11.54608011
2023-10-17 00:00:00,35.06999969,53.20999908,432.4500122,434.3999939,57.50999832,65.95999908,38.95999908,58.65999985,25.09000015,89.65000153,84.5,41.27488346,33.39846339,11.61314029
2023-10-18 00:00:00,35.45000076,53.91999817,429.0899963,430.980011,56.93000031,65.41000366,38.45000076,58.38000107,24.84000015,89.23999786,83.84999847,40.18998921,33.5525516,11.44805753
2023-10-19 00:00:00,35.52000046,53.86000061,425.730011,427.6199951,56.40000153,64.87000275,38.34000015,57.56999969,24.77000046,88.86000061,82.73999786,39.52689024,32.3622619,11.28659692
2023-10-20 00:00:00,34.86999893,54.43999863,421.0799866,422.9400024,55.95999908,64.33999634,37.88000107,56.86999893,24.5,89.25,82.76999664,39.14262646,32.10302233,10.73903734
2023-10-23 00:00:00,33.38999939,54.04999924,417.7999878,419.6499939,55.58000183,63.86999893,37.45999908,56.36999893,24.29999924,89.01000214,82.41999817,38.62060624,31.93976522,11.01097173
2023-10-24 00:00:00,33.63999939,55.29999924,420.7399902,422.6000061,56.00999832,64.63999939,37.91999817,57.52999878,24.54999924,89.61000061,84.08999634,39.62955291,32.27940399,11.12322536
2023-10-25 00:00:00,32.54999924,55.56000137,417.019989,418.8599854,55.70000076,64.29000092,37.79999924,56.25,24.55999947,89.15000153,83.12999725,38.67484138,30.52636851,10.81192893
2023-10-26 00:00:00,32.15000153,55.72000122,411.6000061,413.4200134,55.36999893,63.43999863,37.61000061,54.84000015,24.61000061,89.33000183,83.40000153,37.21813899,31.22692637,10.57503457
2023-10-27 00:00:00,34.59999847,55.09999847,409.2099915,411.019989,55.06000137,63.74000168,37.72999954,54.49000168,24.81999969,89.70999908,83.73999786,38.23186719,31.01029228,10.57141471
2023-10-30 00:00:00,34.91999817,55.41999817,412.2200012,414.0400085,55.72000122,64.08999634,38.02999878,55.47000122,24.65999985,89.48000336,83.23999786,38.76391602,31.67738762,10.53893967
2023-10-31 00:00:00,35.61999893,56.15000153,414.2099915,416.0700073,55.83000183,64.43000031,37.65999985,54.61000061,24.57999992,89.56999969,83.55000305,40.02530661,32.66502986,10.98566926
2023-11-01 00:00:00,36.27999878,56.25999832,418.6499939,420.480011,55.95000076,65.18000031,37.84000015,55.22000122,24.93000031,89.55999756,84.01999664,40.40588182,32.38546618,11.15566903
2023-11-02 00:00:00,36.90999985,56.36000061,426.5599976,428.480011,57.43999863,66.56999969,38.59999847,57.56000137,25.70999908,90.73000336,86.22000122,40.6276289,33.74468727,11.15894205
2023-11-03 00:00:00,37.66999817,56.70000076,433.0100098,434.9500122,58.09000015,67.91999817,39.20000076,59.36999893,26.30999947,91.62000275,87.58000183,41.75709015,33.46663138,11.48472377
2023-11-06 00:00:00,37.84999847,56.74000168,433.6799927,435.6300049,57.93999863,67.98999786,39.56000137,62.47000122,26.44000053,91,86.59999847,42.50395891,34.08978364,11.70560266
2023-11-07 00:00:00,37.97999954,56.72999954,434.5100098,436.4700012,57.63999939,67.05999756,39.33000183,60.90999985,26.39999962,91.38999939,87.58999634,42.56034866,33.57983131,11.85170517
2023-11-08 00:00:00,37.75,56.91999817,434.8699951,436.8200073,57.86000061,66.40000153,39.40999985,60.02000046,26.22999954,91.62999725,88.44999695,42.28381996,33.31080003,12.04597197
2023-11-09 00:00:00,37.77000046,56.36999893,433.3999939,435.3699951,58.02000046,66.51999664,39.06999969,59.72999954,26.07999992,91.02999878,86.73999786,43.05896708,33.3538076,12.16216189
2023-11-10 00:00:00,38.24000168,56.06000137,433.8299866,436.3999939,57.52000046,66.30999756,39.09000015,59.43999863,26.23999977,91.08000183,87.76999664,42.7608047,32.37511194,12.21702337
2023-11-13 00:00:00,38.13999939,56.59999847,438.4200134,440.4100037,57.97999954,66.48000336,39.25,59.25,26.30999947,90.69000244,86.90000153,41.8816804,33.3219209,12.2037714
2023-11-14 00:00:00,38.06999969,56.81000137,446.0899963,448.1099854,59.68999863,67.81999969,39.91999817,61.13000107,27.14999962,92.27999878,89.29000092,39.35944167,32.91210723,12.3051983
2023-11-15 00:00:00,39.58000183,56.75,448.7999878,450.8500061,60.16999817,68.20999908,40.54999924,62.18000031,27.37999916,91.69999695,88.30999756,41.79421309,33.23545794,12.45418817
2023-11-16 00:00:00,40.81999969,56.81000137,448.1199951,450.1900024,59.88000107,68.08000183,40.06999969,62.5,27.23999977,92.30999756,89.25,41.2422358,32.23602467,12.42236018
2023-11-17 00:00:00,42.56000137,56.70000076,449.2900085,451.3599854,60.5,68.75,40.25999832,62.11000061,27.40999985,92.34999847,89.63999939,41.77633126,32.27888894,12.48944703
2023-11-20 00:00:00,43.77999878,56.95999908,450.519989,452.5799866,60.88999939,68.91000366,40.5,62.90000153,27.75,92.30999756,89.61000061,42.44557347,33.06680564,12.57908614
2023-11-21 00:00:00,43.29999924,57.33000183,451.9599915,454.0599976,60.81999969,68.93000031,40.52000046,62.79000092,27.67000008,92.54000092,89.88999939,43.28138027,34.33739562,12.50906944
2023-11-22 00:00:00,43.54000092,58.13000107,453.8900146,455.9700012,60.66999817,68.93000031,40.36000061,62.65999985,27.63999939,92.51999664,90.37999725,42.65034223,34.12027378,12.50658565
2023-11-23 00:00:00,43.54000092,58.13000107,453.8900146,455.9700012,60.66999817,68.93000031,40.36000061,62.65999985,27.63999939,92.51999664,90.37999725,42.3411267,33.78547131,12.44004785
2023-11-24 00:00:00,43.61000061,58.34000015,454.730011,456.8099976,61.31000137,69.08000183,40.41999817,62.08000183,27.70999908,92.26000214,89.79000092,43.49133668,34.27919476,12.48339231
2023-11-27 00:00:00,43.65000153,58.27000046,454.0799866,456.1700134,61.29999924,69.01999664,40.34999847,62.15999985,27.48999977,92.48999786,90.20999908,41.45508608,34.27321169,12.53732846
2023-11-28 00:00:00,43.65999985,58.36000061,453.5,455.5899963,61.24000168,69.12000275,40.52000046,63.13000107,27.57999992,92.80999756,90.79000092,43.08329631,34.83935178,12.57122576
2023-11-29 00:00:00,44.59999847,58.09999847,454.2000122,456.2900085,61.56999969,69.26999664,40.47999954,63.25,27.68000031,93.58999634,91.77999878,43.28536466,34.9588114,12.69958276
2023-11-30 00:00:00,44.40999985,57.59999847,453.3399963,455.4100037,61.41999817,69.12000275,40.34999847,62.77000046,27.52000046,93.22000122,91.16000366,43.44457011,34.72464663,12.67100451
2023-12-01 00:00:00,42.86000061,58.24000168,455.1600037,457.2900085,61.58000183,69.11000061,40.31999969,62.11000061,27.88999939,93.11000061,91.12999725,43.57931578,34.23186834,12.63168573
2023-12-04 00:00:00,41.68999863,58.43999863,454.3399963,456.4500122,61.59000015,68.98999786,40.36999893,61.83000183,27.70000076,93.44999695,92.08999634,43.66950982,33.81685476,12.76395571
2023-12-05 00:00:00,41.61000061,58.41999817,454.8699951,456.9899902,61.68000031,68.48999786,40.09000015,61.15000153,27.55999947,93.98999786,93.56999969,43.08221095,34.15749845,12.83237143
2023-12-06 00:00:00,41.16999817,58.20999908,454.3099976,456.4500122,61.79999924,69.09999847,40.25,61.13000107,27.77000046,94.41000366,94.87000275,42.31737843,34.00503623,12.405541
2023-12-07 00:00:00,41.18000031,58.38999939,456.2900085,456.7999878,61.70000076,69.09999847,40.29000092,61.25,27.72999954,94.45999908,95.05999756,41.38095527,33.46896686,12.55871177
2023-12-08 00:00:00,41.81000137,58.36999893,457.2099915,459.3500061,61.97000122,69.19000244,40.04999924,61.74000168,27.77000046,93.73000336,93.91000366,42.04907715,34.1176644,12.58954406
2023-12-11 00:00:00,43.08000183,58.5,459.4700012,461.6199951,62.20999908,69.52999878,40.13999939,62.15999985,27.80999947,93.55999756,93.52999878,41.6190649,34.27452403,12.52966117
2023-12-12 00:00:00,43.63000107,58.90000153,460.6000061,462.75,62.22000122,69.37999725,40.09999847,62.36999893,27.64999962,93.86000061,93.90000153,42.37181604,34.5879565,12.36629298
2023-12-13 00:00:00,43.33000183,59.25999832,464.1199951,466.3099976,62.29999924,69.52999878,40.02999878,61.79999924,27.77000046,94.37000275,95.01999664,42.61470752,34.3180388,12.25644243
2023-12-14 00:00:00,44.65000153,58.77000046,469.25,471.480011,63.84999847,71,40.99000168,64.11000061,28.87999916,95.72000122,97.41999817,42.99365021,34.8392468,12.34521137
2023-12-15 00:00:00,45.66999817,57.79999924,467.4299927,472.5599976,63.43999863,70.66999817,41.06999969,63.84999847,28.94000053,95.83999634,98.58000183,44.57215762,35.31289852,12.65644934
2023-12-18 00:00:00,45.40000153,58.61999893,469.8900146,474.9899902,63.04999924,69.38999939,40,64,29.05999947,95.62999725,98.01999664,44.47992482,35.29247596,12.62165388
2023-12-19 00:00:00,45.50999832,58.63999939,472.4500122,476.6400146,63.56000137,69.94999695,40.25,64.40000153,29.60000038,95.88999939,98.66000366,44.28137481,35.55161806,12.63916955
2023-12-20 00:00:00,45.70000076,57.56999969,467.8200073,470.0400085,63.09999847,69.45999908,39.61000061,63.02000046,28.23999977,95.98000336,98.58000183,47.04728726,36.09755675,12.65629324
2023-12-21 00:00:00,46.02000046,57.47000122,468.8399963,471.0499878,63.59999847,70.33000183,40.15000153,63.59000015,28.53000069,96.15000153,98.75,48.16322569,35.26913377,12.56541898
2023-12-22 00:00:00,47.20000076,58.02000046,471.7000122,473.9400024,63.90999985,70.83000183,40.09999847,63.75,28.82999992,96.05000305,98.23999786,48.07613081,35.8346028,12.81184489
2023-12-25 00:00:00,47.20000076,58.02000046,471.7000122,473.9400024,63.90999985,70.83000183,40.09999847,63.75,28.82999992,96.05000305,98.23999786,48.04584192,35.81202631,12.80377318
2023-12-26 00:00:00,48.70999908,58.06000137,473.9899902,476.230011,64.19000244,70.76999664,40.45000076,63.93999863,29.07999992,96.12999725,98.48000336,48.15144188,35.89073757,12.83191459
2023-12-27 00:00:00,50.18999863,58.40000153,474.8900146,477.1600037,64.5,71.26999664,40.61000061,64.66999817,29.23999977,96.58999634,99.5,49.76327661,35.95428553,12.66354482
2023-12-28 00:00:00,50.15999985,58.52999878,476.2600098,478.519989,64.38999939,72.05000305,40.97999954,65.90000153,29.14999962,96.52999878,99.55999756,50.3072221,36.03430794,12.87762479
2023-12-29 00:00:00,49.77000046,58.63000107,473.2999878,475.5400085,64.33000183,71.84999847,40.97000122,65.31999969,28.98999977,96.29000092,98.80000305,49.66254687,35.3368122,12.86132624
2024-01-01 00:00:00,49.77000046,58.63000107,473.2999878,475.5400085,64.33000183,71.84999847,40.97000122,65.31999969,28.98999977,96.29000092,98.80000305,49.64699543,35.32574674,12.85729882
2024-01-02 00:00:00,47.45000076,58.66999817,470.4899902,472.7000122,63.59999847,71.29000092,40.52999878,64.51999664,28.54999924,95.91999817,98,50.57498736,35.16328728,12.90700398
2024-01-03 00:00:00,46.79999924,59.75999832,468.1700134,470.3800049,62.81000137,70.45999908,40.29000092,63.02999878,28.51000023,95.52999878,97.15000153,48.91441196,34.01918458,12.87553554
2024-01-04 00:00:00,45.24000168,59.65999985,467.0499878,469.269989,63.24000168,70.44000244,40.40000153,62.59999847,28.27000046,95.58000183,97.06999969,48.79594743,34.1571632,13.1558944
2024-01-05 00:00:00,46.63999939,59.09000015,466.4299927,468.6499939,63.16999817,70.62999725,40.43999863,62.65999985,28.45999908,95.26000214,96.20999908,48.70686035,34.56411314,13.19144135
2024-01-08 00:00:00,46.97000122,59.41999817,468.2999878,470.5499878,63.54999924,70.66999817,40.15999985,62.36000061,28.53000069,95.36000061,96.08999634,48.8363205,34.7195716,13.15019672
2024-01-09 00:00:00,47.79999924,59.61999893,471.3500061,473.6000061,63.36000061,70.73000336,40.00999832,61.61000061,28.21999931,95.51999664,96.58999634,49.69322541,35.04926175,13.25499353
2024-01-10 00:00:00,46.93999863,59.97999954,473.8699951,476.1400146,63.40000153,71.37000275,39.97999954,61.09999847,28.12000084,95.44000244,96.12000275,50.02542819,35.08772092,13.17060829
2024-01-11 00:00:00,46.72999954,59.68999863,472.2600098,474.5,62.90000153,71.16999817,39.97000122,60.84000015,28.04999924,95.48000336,95.70999908,49.57877389,35.24043954,13.38244539
2024-01-12 00:00:00,46.61000061,59.86999893,475.230011,477.5,63.50999832,72.08999634,40.38000107,61.18999863,28.47999954,96.01999664,96.26999664,49.57769504,35.71382928,13.49331081
2024-01-15 00:00:00,46.61000061,59.86999893,475.230011,477.5,63.50999832,72.08999634,40.38000107,61.18999863,28.47999954,96.01999664,96.26999664,49.09952652,36.0445292,13.50077772
2024-01-16 00:00:00,46.38000107,59.84999847,473.0599976,475.3200073,62.27000046,70.90000153,39.52000046,58.88000107,27.82999992,95.31999969,94.51000214,48.89368951,35.47812581,13.72990715
2024-01-17 00:00:00,45.65000153,59.81999969,469.8699951,472.1099854,61.40000153,69.61000061,38.83000183,57.04000092,27.52000046,94.94999695,94.16000366,47.96329651,35.38793945,13.34630859
2024-01-18 00:00:00,46.16999817,59.52999878,472.4200134,474.6799927,62.02000046,70.27999878,39.11000061,58,27.43000031,94.83000183,93.51000214,48.48892146,36.50930557,13.43131704
2024-01-19 00:00:00,46.43999863,59.63999939,476.5400085,479.2399902,61.95000076,70.38999939,39.20000076,58.58000183,27.47999954,94.54000092,93.26000214,47.97976503,37.11282487,13.57414279
2024-01-22 00:00:00,47.63999939,59.43999863,482.7799988,485.1199951,62.52000046,71.25,39.15999985,58.36000061,27.15999985,95.15000153,94.38999939,47.94198626,37.14767244,13.46185575
2024-01-23 00:00:00,47.31999969,59.45999908,482.8900146,485.1900024,62.13999939,70.90000153,39.31999969,58.56999969,27.30999947,94.87000275,93.43000031,47.20637132,36.24788679,13.34231222
2024-01-24 00:00:00,48.27000046,58.88999939,484.8800049,487.3399963,63.04000092,71.38999939,40.00999832,59.11999893,27.64999962,94.66000366,93.09999847,46.7698958,34.39522866,13.40271641
2024-01-25 00:00:00,48.97000122,58.65999985,485.3900146,487.730011,62.97000122,71.08999634,40.04000092,58.70999908,27.67000008,94.90000153,93.56999969,47.25020585,34.9130054,13.60907679
2024-01-26 00:00:00,43.34999847,59.13000107,486.5400085,488.8800049,63.86999893,71.02999878,40.04999924,59.31999969,27.94000053,94.83999634,93.48999786,47.27471766,34.43937765,13.54700243
2024-01-29 00:00:00,42.81000137,59.16999817,487.1700134,489.5,63.65000153,71.31999969,39.95000076,59.75999832,27.87000084,95.18000031,94.12000275,47.29858711,35.04539609,13.48485893
2024-01-30 00:00:00,42.88999939,59.45000076,490.1099854,492.4500122,63.90999985,71.23000336,39.63999939,59.66999817,27.68000031,95.15000153,94.73999786,47.16621028,35.7878388,13.65404578
2024-01-31 00:00:00,42.36000061,59.29000092,482.8599854,485.1900024,63.59000015,71.26999664,39.56000137,59.27999878,27.80999947,95.98999786,96,47.86207865,35.99177533,13.83810762
2024-02-01 00:00:00,42.49000168,59.36000061,483.7999878,486.1600037,63.68000031,71.55999756,39.68999863,60.68999863,28.03000069,96.33999634,97.19000244,47.35400759,36.32375683,14.07307856
2024-02-02 00:00:00,41.59999847,60.22999954,489.2999878,491.6600037,63.43000031,71.62999725,39.43000031,62.29000092,27.89999962,95.37999725,95.69000244,48.18478825,36.52101014,14.2514797
2024-02-05 00:00:00,42.43000031,59.88000107,490.230011,492.5899963,62.97000122,71.23999786,39.49000168,61.77000046,27.62000084,94.52999878,94.01999664,47.14301854,36.16191382,14.13659458
2024-02-06 00:00:00,42.13999939,59.68000031,492.0499878,494.4100037,63.36000061,71.41000366,40.31000137,62.04000092,28.23999977,94.70999908,94.20999908,47.00426012,35.47254831,13.96339887
2024-02-07 00:00:00,42.54999924,59.93999863,495.3599854,497.7999878,63.50999832,72.01999664,40.52000046,63.08000183,28.31999969,94.94000244,94.51999664,46.77020931,35.86556482,14.04366932
2024-02-08 00:00:00,42.33000183,59.40999985,497.2600098,499.6499939,63.5,71.44999695,40.38000107,63.06000137,27.94000053,94.56999969,93.66000366,46.53189052,35.79861862,14.06689987
2024-02-09 00:00:00,42.40000153,59.02999878,498.4899902,500.9100037,63.43000031,71.76999664,40.31999969,62.97999954,27.95999908,94.40000153,93.66000366,46.11817581,35.46367626,14.05926525
2024-02-12 00:00:00,43.31999969,58.95999908,500.2399902,502.6499939,63.75999832,72.30000305,40.54999924,63.72999954,27.97999954,94.40000153,93.5,46.6947196,36.33215666,14.05264633
2024-02-13 00:00:00,42.75999832,58.79000092,490.7200012,493.0700073,62.45999908,71.37999725,39.90999985,62.40000153,27.51000023,93.51999664,92.33000183,47.73209531,35.42024533,14.04182275
2024-02-14 00:00:00,43.38999939,59.04000092,494.3999939,496.7900085,63.18000031,71.90000153,40.49000168,63.29000092,27.88999939,93.63999939,92.23000336,48.47401291,35.50564063,14.05116842
2024-02-15 00:00:00,44.02000046,59.13000107,498.7999878,501.2200012,63.84999847,72.44999695,40.72000122,63.34000015,28,94.02999878,93,48.01105995,35.00282774,14.10268273
2024-02-16 00:00:00,43.11999893,58.95999908,498.75,501.1900024,64.09999847,72.76000214,41.02000046,63.91999817,28.17000008,93.55000305,92.33999634,49.76691538,35.71374765,14.08592694
2024-02-19 00:00:00,43.11999893,58.95999908,498.75,501.1900024,64.09999847,72.76000214,41.02000046,63.91999817,28.17000008,93.55000305,92.33999634,50.19232302,35.56340475,14.09925054
2024-02-20 00:00:00,43.41999817,59.50999832,494.4500122,496.8500061,64.47000122,73.08000183,41.04999924,64.11000061,28.45999908,93.88999939,92.72000122,52.67927958,35.43421076,14.40036326
2024-02-21 00:00:00,43.08000183,60.83000183,493.5599976,495.9400024,64.41000366,72.93000031,41.09000015,63.88999939,28.40999985,93.54000092,92.01000214,52.71930608,35.54607105,14.67301405
2024-02-22 00:00:00,42.52999878,60.5,503.019989,505.4700012,65.08999634,73.81999969,41.40999985,64.79000092,28.44000053,93.44000244,92.26999664,55.03879739,36.33445293,15.14040856
2024-02-23 00:00:00,42.65999985,61,507.1000061,509.5700073,65.36000061,74.08000183,41.43999863,64.79000092,28.07999992,93.63999939,92.75,57.14294835,36.23043938,15.57632385
2024-02-26 00:00:00,42.81999969,60.65999985,505.8599854,508.3399963,65.26999664,73.81999969,41.40000153,64.12000275,28.09000015,93.68000031,93.19000244,57.59726297,38.06741751,15.5873781
2024-02-27 00:00:00,42.50999832,60.11999893,504.75,507.2099915,65.33000183,73.94000244,41.54000092,63.54999924,28.45000076,93.62999725,92.84999847,57.3342104,37.86341107,15.22147179
2024-02-28 00:00:00,41.90999985,60.06000137,504.9599915,507.4200134,65.11000061,73.52999878,40.88000107,64.09999847,28.12000084,93.73999786,92.90000153,57.06748903,37.28409283,15.21799707
2024-02-29 00:00:00,42.36000061,59.90000153,505.3500061,507.8200073,64.88999939,73.70999908,40.95999908,63.90999985,28.04000092,94.08000183,93.77999878,57.74344683,36.65949091,15.37292641
2024-03-01 00:00:00,43.13000107,59.34000015,508.5599976,511.0700073,65.05000305,74.33000183,41.27000046,64.08999634,28.04999924,93.62000275,93.01000214,59.59219666,37.49763222,15.30206406
2024-03-04 00:00:00,43.84999847,59.22000122,512,514.5100098,65.51999664,74.59999847,41.36000061,65.45999908,28.09000015,94.06999969,93.68000031,62.71002184,39.75337424,15.72410535
2024-03-05 00:00:00,42.68999863,59.41999817,504.9100037,507.3500061,65.20999908,74.44000244,41.06000137,64.08000183,27.94000053,94.55999756,94.97000122,62.82523316,40.48737248,15.68727034
2024-03-06 00:00:00,43.56000137,59.38000107,508.4200134,510.9299927,65.87000275,75.58999634,41.59999847,64.79000092,28.15999985,94.88999939,95.41000366,63.89022732,40.84614397,15.49993644
2024-03-07 00:00:00,45.18000031,59.24000168,509.8099976,514.7000122,66.72000122,75.90000153,41.59999847,65.27999878,28.20000076,94.91999817,95.48000336,63.42252452,41.32652451,15.46083228
2024-03-08 00:00:00,44,58.97000122,511.1300049,513.6500244,66.75,76.08000183,41.70999908,66.16000366,27.67000008,95.15000153,95.48000336,65.09734686,41.77880366,15.91695526
2024-03-11 00:00:00,43.65999985,59.58000183,508.5,511.019989,66.44999695,74.87000275,41.81000137,66,27.52000046,95.01999664,95.37000275,65.0469238,41.45777258,16.0689041
2024-03-12 00:00:00,44.45999908,60.20999908,510.8599854,513.3699951,66.76000214,74.90000153,41.97999954,66.55999756,27.70999908,94.61000061,94.69000244,65.63740845,41.02338028,16.25551444
2024-03-13 00:00:00,43.20000076,60.79999924,514.4899902,517.039978,67.51000214,74.98999786,41.93000031,66.90000153,27.88999939,94.47000122,94.20999908,65.64299812,41.20281754,16.50671883
2024-03-14 00:00:00,42.50999832,60.40000153,511.8200073,514.3200073,66.84999847,74.55999756,41.66999817,66.80999756,27.96999931,93.79000092,92.86000061,65.9654314,41.22285855,17.00122862
2024-03-15 00:00:00,42.34999847,59.63999939,508.1199951,512.4299927,66.48000336,74.29000092,41.58000183,65.47000122,27.86000061,93.62999725,92.79000092,59.68669519,40.59548696,16.82450323
2024-03-18 00:00:00,42.59999847,59.79999924,512.4400024,516.3300171,66.27999878,74.97000122,41.65000153,65.73000336,27.73999977,93.44999695,92.5,61.49263097,40.74045944,16.72905116
2024-03-19 00:00:00,41.43999863,60.06000137,511.1199951,515.2700195,66.19000244,74.83999634,41.34999847,64.73999786,27.70999908,93.66999817,92.69000244,60.39047251,40.79061421,16.54533494
2024-03-20 00:00:00,41.40999985,60.15999985,515.0800171,519.25,66.34999847,75.26999664,41.47000122,65.69999695,27.72999954,93.69999695,92.29000092,59.59043335,40.80364819,16.50979349
2024-03-21 00:00:00,42.31999969,60.31999969,521.9099731,524.460022,67.04000092,76.33000183,41.84999847,67.52999878,28.29000092,93.95999908,92.73000336,60.53625121,41.11570896,16.4074998
2024-03-22 00:00:00,42.09000015,60.43000031,520.9699707,523.5200195,66.80000305,76.05000305,41.56000137,66.90000153,28.01000023,94.41000366,93.77999878,60.39732803,39.44186097,16.35919241
2024-03-25 00:00:00,40.56999969,60.11999893,519.6099854,522.1500244,66.83000183,75.65000153,41.54999924,67.09999847,28.04000092,94.19000244,93.30000305,59.58829552,39.03789233,16.5254848
2024-03-26 00:00:00,41.65999985,60.38000107,518.4000244,520.9500122,67.04000092,75.87000275,41.52000046,67.36000061,28.01000023,94.11000061,93.27999878,60.27070282,39.24071317,16.45455992
2024-03-27 00:00:00,42.5,60.70000076,519.4899902,522.0200195,67.11000061,75.91000366,41.47000122,67.01000214,28.06999969,94.48999786,93.94000244,61.37448907,39.77976143,16.49281538
2024-03-28 00:00:00,43.70999908,61,522.7800293,525.3400269,67.26000214,75.91000366,41.68000031,67.01000214,28.28000069,94.48000336,94.31999969,60.56018257,39.74261981,15.34191292
2024-03-29 00:00:00,43.70999908,61,522.7800293,525.3400269,67.26000214,75.91000366,41.68000031,67.01000214,28.28000069,94.48000336,94.31999969,60.60606194,39.77272815,15.35353569
2024-04-01 00:00:00,44.18000031,60.63000107,520.9699707,523.539978,67.12000275,75.12999725,41.84999847,66.34999847,27.96999931,93.45999908,92.45999908,60.65890503,39.80740643,15.36692261
2024-04-02 00:00:00,43.5,60.11000061,516.4799805,519.039978,66.47000122,74.81999969,42.02999878,66.44000244,28.10000038,93.01999664,91.33999634,62.72738576,40.02007211,16.18366553
2024-04-03 00:00:00,40.22000122,59.77999878,517.6699829,520.210022,66.58000183,74.77999878,41.90999985,65.69000244,28,92.86000061,91.05000305,62.69573124,39.36562463,16.2575002
2024-04-04 00:00:00,39.70000076,59.16999817,512.7600098,515.2700195,66.47000122,74.75,41.97000122,66.06999969,28.20999908,93.37999725,92.04000092,63.38562509,39.09412805,16.44736779
2024-04-05 00:00:00,38.50999832,58.90999985,514.0100098,516.5499878,66.26999664,74.66000366,41.91999817,65.55999756,28.11000061,93.12999725,91.37999725,63.07457252,39.24780514,16.3311318
2024-04-08 00:00:00,37.90999985,59.06999969,517.8900146,520.4299927,67,75.23999786,42.31000137,66.04000092,28.39999962,92.80999756,91.12999725,64.01029966,39.64345975,16.48720972
2024-04-09 00:00:00,37.33000183,59.13000107,514.3499756,516.8800049,66.68000031,75.26000214,42.58000183,65.20999908,28.71999931,93.19999695,91.83999634,63.1036658,38.22588395,16.633544
2024-04-10 00:00:00,37.02000046,58.68999863,512.0900269,514.6099854,65.83000183,73.83999634,42.16999817,62.68000031,28.18000031,91.91999817,90.05000305,62.18385208,38.47665465,16.48093939
2024-04-11 00:00:00,37.08000183,58.79000092,512.0800171,514.5999756,65.44000244,74.23999786,42.18000031,64.41999817,28.09000015,91.80999756,89.51000214,61.18355103,38.74122391,16.17352066
2024-04-12 00:00:00,35.59999847,58.13000107,509.0799866,511.6000061,64.98999786,73.55999756,41.52000046,62.33000183,27.55999947,92.30999756,90.27999878,62.0205673,38.60591993,16.32120192
2024-04-15 00:00:00,35.88999939,58.04000092,503.5799866,506.0499878,64.86000061,73.08000183,41.25999832,62.11000061,27.19000053,91.34999847,88.51999664,61.31222892,37.94628802,16.22530936
2024-04-16 00:00:00,35.75999832,57.93000031,502.2099915,504.6799927,64.22000122,71.83000183,40.72000122,60.95999908,26.60000038,91.18000031,87.79000092,59.80980327,37.03104365,15.75842059
2024-04-17 00:00:00,35.36999893,58.09999847,499.1199951,501.5799866,64.38999939,71.44999695,40.79000092,60.59999847,26.61000061,91.54000092,88.45999908,59.54452652,36.17423218,15.78737968
2024-04-18 00:00:00,34.77000046,58.54000092,498.5599976,501,64.43000031,71.63999939,40.90999985,61.61999893,26.59000015,91.5,88.58999634,59.15538788,36.11592102,16.0105611
2024-04-19 00:00:00,34.18000031,59,493.8599854,496.2999878,64.44999695,71.27999878,40.75999832,61.15999985,26.75,91.63999939,88.91000366,59.32762445,36.6910885,16.04457768
2024-04-22 00:00:00,34.08000183,59.72000122,495.4299927,497.8500061,64.94000244,71.80000305,40.84999847,62.09999847,26.90999985,91.55000305,88.65000153,59.61023687,37.74612278,15.81624423
2024-04-23 00:00:00,34.18000031,60.13000107,499.5299988,503.6799927,65.72000122,72.08999634,41.27999878,62.36000061,27.12000084,91.54000092,88.55000305,59.65172135,37.9152763,15.9565267
2024-04-24 00:00:00,34.34000015,59.84000015,503.1300049,505.6400146,65.75,72.44999695,41.56000137,62.95000076,27.12000084,91.44000244,87.5,63.88543389,39.85056305,16.08966483
2024-04-25 00:00:00,34.5,61.36999893,497.4899902,499.9500122,65.08999634,71.20999908,41.40999985,61.99000168,26.87000084,91.01999664,87.33999634,64.16645485,40.68028643,16.24719556
2024-04-26 00:00:00,30.63999939,61.34999847,505.7000122,508.2099915,66.09999847,72.22000122,42.15000153,63.09999847,27.5,91.41999817,88.05000305,65.67261457,41.15483847,16.43691725
2024-04-29 00:00:00,31.06999969,61.52999878,507.25,509.769989,66.38999939,72.98000336,42.5,63.63000107,27.88999939,91.62000275,88.48000336,66.05532017,42.28541329,16.66395577
2024-04-30 00:00:00,30.42000008,61.47000122,501.980011,504.4400024,65.62000275,72.40000153,42.15000153,63.02000046,27.37999916,91.34999847,88.09999847,67.1950137,43.08016766,16.93063149
2024-05-01 00:00:00,30.02000046,61.20999908,499.8699951,502.3500061,65.34999847,72.20999908,42.15999985,62.81000137,27.27000046,91.19000244,88.23999786,66.90955872,41.34244298,16.33626093
2024-05-02 00:00:00,30.19000053,61.72000122,499.5499878,501.9700012,65.69999695,73.09999847,42.66999817,63.36000061,27.73999977,91.44999695,88.02999878,63.56305443,40.87825701,15.77449304
2024-05-03 00:00:00,30.70000076,61.63999939,508.5599976,511.0700073,66.44000244,74.22000122,43.33000183,64.69999695,28.10000038,92.22000122,89.26999664,56.49540435,37.12017689,13.86990393
2024-05-06 00:00:00,30.72999954,61.90000153,513.2999878,515.8499756,67.06999969,74.90000153,43.47000122,65.34999847,28.23999977,92.41000366,89.66999817,56.49753102,37.12157421,13.87042604
2024-05-07 00:00:00,30.61000061,62.25,516.4500122,519.0100098,67.62999725,74.65000153,43.20000076,65.54000092,28.48999977,92.69999695,90.61000061,58.27754459,36.17226906,14.2930702
2024-05-08 00:00:00,29.72999954,62.47999954,515.1400146,517.7299805,67.77999878,73.87000275,42.97000122,65.55999756,28.29999924,92.51000214,90.16000366,58.63159728,35.62900901,14.15159235
2024-05-09 00:00:00,29.80999947,62.75,516.710022,519.2800293,68.12999725,73.90000153,43.13000107,64.75,28.14999962,92.47000122,89.81999969,58.34364067,35.04366426,13.95677292
2024-05-10 00:00:00,29.84000015,62.79000092,519.5900269,522.1900024,68.81999969,74.05999756,43.43000031,64.76999664,28.43000031,92.44999695,89.95999908,59.37171221,36.07395172,14.27927256
2024-05-13 00:00:00,30,63.18000031,519.7399902,522.3800049,68.91000366,74,43.72999954,64.87999725,28.39999962,92.59999847,90.30999756,61.17414572,36.94242167,14.26394436
2024-05-14 00:00:00,30.61000061,62.79999924,520.5599976,523.1699829,69.23999786,74.18000031,43.81999969,65.04000092,28.43000031,92.69000244,90.41999817,59.29201336,36.86908034,13.46632168
2024-05-15 00:00:00,30.80999947,63,525.1799927,527.8200073,69.77999878,74.62999725,44.09999847,66.09999847,28.14999962,93.30000305,91.62999725,48.07571473,30.77097448,12.22469747
2024-05-16 00:00:00,31.52000046,63.06999969,528.539978,531.1699829,69.87999725,74.84999847,44.40999985,66.37000275,28.28000069,93.37000275,91.94000244,50.18907941,31.47128115,11.63755933
2024-05-17 00:00:00,31.59000015,62.93999863,527.3200073,529.9500122,69.72000122,74.84999847,44.66999817,65.09999847,28.29999924,93.08999634,91.33999634,52.08194911,32.94721842,12.43123895
2024-05-20 00:00:00,31.76000023,62.45999908,529.1699829,531.8200073,70.04000092,75.22000122,44.68000031,65.08999634,28.29999924,92.94000244,91.01000214,52.60838239,33.29097767,12.50317635
2024-05-21 00:00:00,31.62000084,62.43999863,529.0700073,531.7600098,69.76999664,74.80999756,44.40999985,64.72000122,28.27000046,93.16000366,91.43000031,52.94065152,34.06505308,12.78710575
2024-05-22 00:00:00,31.10000038,62.65999985,527.5999756,530.289978,69.29000092,73.94000244,44.29999924,64.31999969,27.71999931,92.97000122,91.26000214,51.22664331,34.25702326,12.64776925
2024-05-23 00:00:00,29.87000084,62.04999924,524.7199707,527.3699951,69.04000092,73.44999695,43.97999954,63.70999908,27.52000046,92.62000275,90.81999969,50.43887732,34.34677649,12.64470216
2024-05-24 00:00:00,30.12999916,61.97000122,526.8800049,529.539978,69.41999817,73.97000122,44.13000107,63.77000046,27.47999954,92.63999939,90.90000153,49.72037689,33.76620173,12.6305905
2024-05-27 00:00:00,30.12999916,61.97000122,526.8800049,529.539978,69.41999817,73.97000122,44.13000107,63.77000046,27.47999954,92.63999939,90.90000153,49.88501811,33.87801321,12.67241471
2024-05-28 00:00:00,30.65999985,61.40000153,527.1099854,529.7999878,69.37000275,74.26999664,43.97999954,64.51999664,27.51000023,92.33999634,90.02999878,49.96696211,32.82499545,12.45306247
2024-05-29 00:00:00,30.11000061,61.06999969,525.3699951,528.0100098,68.52999878,73.05000305,43.45000076,63.13000107,26.98999977,91.72000122,88.68000031,47.39729378,32.59760043,12.05664673
2024-05-30 00:00:00,30.05999947,61.59999847,521.3300171,523.9299927,68.98999786,73.36000061,43.27000046,62.36999893,27,92.16999817,89.44000244,46.72861614,31.87196373,11.83661245
2024-05-31 00:00:00,29.94000053,61.68999863,518.3599854,520.960022,69.29000092,73.62000275,42.79000092,61.40999985,26.82999992,92.61000061,90.25,46.72064444,32.3352689,11.89475775
2024-06-03 00:00:00,30.04999924,62.45000076,522.5999756,525.25,69.62000275,74.40000153,43.31000137,62.75,26.12999916,92.65000153,90.61000061,47.27921821,32.2416232,12.00458856
2024-06-04 00:00:00,29.94000053,62.93999863,524.960022,527.6099854,69.41999817,74.33000183,42.61000061,62.56000137,25.93000031,93.37999725,91.98999786,46.50090215,32.34566885,11.4138578
2024-06-05 00:00:00,30.01000023,63.34999847,528.7299805,531.4199829,69.91000366,74.19000244,43.06999969,63.40999985,26.15999985,93.48999786,92.38999939,46.94086263,31.93255961,11.28969252
2024-06-06 00:00:00,30.15999985,63.84000015,532.6799927,535.3800049,70.41999817,74.55999756,43.41999817,64.26000214,26.42000008,93.79000092,92.86000061,47.21266172,32.05087198,11.19541436
2024-06-07 00:00:00,30.20999908,63.81000137,532.539978,535.2399902,69.72000122,74.05000305,43.16999817,63.63999939,25.59000015,92.94000244,91.40000153,47.84688907,31.98321462,11.13015869
2024-06-10 00:00:00,30.29000092,63.36999893,532.5700073,535.289978,68.91999817,74.18000031,43.15000153,63.59000015,25.35000038,92.66000366,90.65000153,46.27154377,31.31444228,10.64125842
2024-06-11 00:00:00,30.53000069,63.06999969,532.0499878,533.1099854,68.29000092,73.54000092,43.13000107,63.38000107,24.69000053,92.81999969,90.91999817,46.32398715,31.68866154,10.56288718
2024-06-12 00:00:00,30.38999939,62.68999863,540.2999878,541.460022,69.63999939,74.36000061,43.61000061,65.15000153,24.31999969,93.73999786,92.48999786,46.31163074,30.57714272,10.60007614
2024-06-13 00:00:00,30.13999939,62.45000076,539.5900269,540.75,68.41000366,73.16000366,43.5,64.41999817,24.22999954,94.08000183,92.94999695,47.66596681,29.94318452,10.74883547
2024-06-14 00:00:00,30.20999908,62.09000015,539.8499756,541.0100098,67.15000153,73.02999878,43.50999832,64.06999969,24.12000084,94.45999908,94.23999786,46.556122,28.87844447,10.77806112
2024-06-17 00:00:00,30.18000031,62.18000031,541.6099854,542.7600098,67.44000244,72.73999786,43.75,64.43000031,24.05999947,94.02999878,93.27999878,47.68850346,29.85604711,10.84545625
2024-06-18 00:00:00,30.5,62.43999863,546.7299805,547.9099731,68.15000153,73.30000305,44.04000092,65.05999756,24.34000015,94.27999878,93.73000336,47.93931131,29.94617457,10.94847402
2024-06-19 00:00:00,30.5,62.43999863,546.7299805,547.9099731,68.15000153,73.30000305,44.04000092,65.05999756,24.34000015,94.27999878,93.73000336,47.20817377,30.43434083,10.97923611
2024-06-20 00:00:00,30.45000076,61.95000076,545.1799927,546.4099731,68.33999634,73.25,44.08000183,65.09999847,24.5,94.05000305,93.33999634,48.49638636,31.42333677,11.19535885
2024-06-21 00:00:00,30.67000008,62.18000031,543.0200195,546,66.76000214,72.80999756,43.93999863,65.02999878,24.63999939,94.18000031,93.58999634,49.31253533,31.14475915,11.26781937
2024-06-24 00:00:00,30.53000069,62.90999985,542.6199951,545.5200195,67.55000305,73.26999664,43.91999817,64.94000244,24.89999962,94.23000336,93.73999786,49.10262777,31.77451897,11.34984807
2024-06-25 00:00:00,30.29000092,63.50999832,542.4400024,545.4500122,67.19999695,73.61000061,43.68000031,64.80000305,24.71999931,94.33000183,94.04000092,50.6069036,32.53300946,11.6941266
2024-06-26 00:00:00,30.27000046,63.22999954,543.0300293,546.0100098,66.66999817,73.37999725,43.56000137,65.12999725,24.48999977,93.91999817,93.11000061,50.16520875,32.21735277,11.92295732
2024-06-27 00:00:00,30.29000092,63.61999893,544.6099854,547.5700073,66.72000122,73.72000122,43.61000061,65.69000244,24.60000038,94.11000061,93.41999817,49.73872549,31.99626226,11.92760072
2024-06-28 00:00:00,30.71999931,63.52000046,542.9500122,545.8699951,66.5,73.94000244,43.65999985,65.87000275,24.60000038,93.65000153,91.77999878,50.45650939,32.30987005,11.89964294
2024-07-01 00:00:00,30.61000061,63.11999893,542.5200195,545.5700073,66.90000153,73.72000122,43.79999924,65.97000122,24.62999916,92.58000183,89.81999969,50.15178543,32.75993046,12.34505487
2024-07-02 00:00:00,30.59000015,62.86000061,543.6500244,546.5999756,66.56999969,73.98999786,43.75,65.5,24.47999954,92.87999725,90.08000183,51.2784826,32.62601359,12.39282687
2024-07-03 00:00:00,30.90999985,62.93000031,548.6500244,551.6099854,67.56999969,74.87999725,44.24000168,66.33000183,24.94000053,93.19999695,91.08999634,51.07868201,32.67766613,12.63959435
2024-07-04 00:00:00,30.90999985,62.93000031,548.6500244,551.6099854,67.56999969,74.87999725,44.24000168,66.33000183,24.94000053,93.19999695,91.08999634,50.63074684,33.59041309,13.00274055
2024-07-05 00:00:00,31.30999947,63,551.1199951,554.2000122,67.86000061,75.22000122,44.36999893,68.18000031,25.05999947,93.84999847,91.90000153,51.59702008,34.4821943,13.34251743
2024-07-08 00:00:00,32.81999969,62.84000015,554.1900024,557.2000122,68.02999878,75.26000214,44.61000061,68.18000031,25.23999977,93.98999786,92.22000122,52.89088027,35.0898334,13.49806
2024-07-09 00:00:00,33.72000122,62.59000015,555.5200195,558.539978,67.33000183,75.36000061,44.65000153,68.05000305,25.52000046,93.83000183,91.87000275,54.08176425,36.33218048,13.29001711
2024-07-10 00:00:00,34.13000107,62.29000092,556.7700195,559.789978,67.83999634,76.36000061,44.88000107,68.34999847,26.01000023,94.01000214,92.26000214,54.1560092,36.44501209,13.1457798
2024-07-11 00:00:00,33.31000137,62.40000153,555.8300171,558.8300171,68.65000153,76.68000031,45.27000046,68.62000275,26.12999916,94.70999908,93.47000122,55.00932026,36.8832345,13.52098246
2024-07-12 00:00:00,33.77000046,63.38999939,557.1500244,560.2999878,69.22000122,77.12999725,45.56000137,68.45999908,26.20000076,94.70999908,93.33999634,56.15364059,37.28498345,13.82839941
2024-07-15 00:00:00,34.31000137,63.34999847,559.6300049,562.6900024,68.69000244,76.83999634,45.08000183,67.51000214,26.23999977,94.56999969,92.77999878,56.53526764,37.86306915,13.66701195
2024-07-16 00:00:00,33.84000015,63.38999939,562.0999756,565.1599731,68.41000366,76.86000061,45.15000153,67.75,26.29000092,94.73000336,93.38999939,57.91105226,39.10455152,14.26700056
2024-07-17 00:00:00,34.40000153,64.41000366,556.6099854,559.6500244,68.55999756,77.01999664,44.72000122,66.94999695,26.12000084,94.83999634,93.69000244,57.49118035,39.5819639,14.29094469
2024-07-18 00:00:00,34.52999878,64.72000122,550.4299927,553.4799805,67.97000122,75.91999817,44.29000092,65.73999786,25.45000076,94.81999969,93.37999725,57.10272166,39.47762192,14.07406488
2024-07-19 00:00:00,32.84999847,64.81999969,547.9099731,550.9199829,67.58999634,75.47000122,43.90999985,65.16999817,25.5,94.52999878,92.81999969,56.85792415,38.72555654,13.98782644
2024-07-22 00:00:00,32.75999832,64.31999969,551.0200195,554.039978,68.25,75.61000061,44.09999847,65.44000244,25.52000046,94.33999634,92.30000305,56.12308553,38.28196678,13.96774464
2024-07-23 00:00:00,32.83000183,64.84999847,553.2800293,556.2800293,68.02999878,75.69000244,43.79000092,65.48000336,25.30999947,94.55000305,92.48999786,55.86808949,36.72809587,13.86356295
2024-07-24 00:00:00,31.65999985,64.83000183,540.289978,543.2600098,67.36000061,74.47000122,43.34000015,64.48000336,24.89999962,94.33999634,91.47000122,55.47671342,36.57592617,13.54663932
2024-07-25 00:00:00,30.95000076,65.86000061,537.4500122,540.3800049,66.80999756,73.37999725,43.09999847,63.84000015,24.72999954,94.48999786,91.95999908,55.59855649,36.11971188,13.4317596
2024-07-26 00:00:00,31.02000046,66.01000214,541.4899902,544.4400024,67.69000244,74.26999664,43.56000137,64.79000092,24.79000092,94.87000275,92.70999908,56.82694781,36.89894575,13.69674734
2024-07-29 00:00:00,30.79000092,66.38999939,542.7199707,545.6900024,67.41000366,74.37999725,43.43000031,64.83999634,24.61000061,95.08000183,93.22000122,57.86165483,39.0554626,13.56324797
2024-07-30 00:00:00,30.01000023,66.36000061,538.5200195,541.460022,67.58999634,74.44999695,43.29999924,64.26999664,24.44000053,95.11000061,93.30000305,56.90732574,39.20786265,13.5805957
2024-07-31 00:00:00,30.28000069,66.61000061,547.5800171,550.5599976,68.30999756,76.19999695,44.15999985,66.18000031,24.68000031,95.44999695,94.23999786,58.08729506,39.21694727,13.68421139
2024-08-01 00:00:00,28.88999939,66.69999695,539.4299927,542.3499756,66.73999786,73.48000336,43.45999908,64.97000122,24.18000031,95.98000336,95.12000275,55.46129754,37.33837065,13.21302755
2024-08-02 00:00:00,20.42000008,67.69000244,528.5999756,531.460022,66.11000061,70.88999939,42.81999969,63.34000015,23.65999985,97.12999725,96.88999939,52.37967742,35.64109278,12.62713001
2024-08-05 00:00:00,19.29000092,67.73000336,510.269989,513.0200195,64.44000244,67.56999969,40.90999985,58.36000061,22.51000023,97.40000153,97.90000153,49.55306157,34.39941565,12.21243195
2024-08-06 00:00:00,19.75,67.76999664,517.8699951,519.9299927,64.51999664,68.58999634,41.79999924,58.65000153,23.56999969,96.83999634,96.58999634,49.93989625,34.72133632,12.34110112
2024-08-07 00:00:00,18.95000076,67.83000183,518.0499878,520.8599854,65.26999664,70.29000092,42.5,59.93999863,24.15999985,96.37999725,95.5,50.42176974,35.00983257,12.3676039
2024-08-08 00:00:00,18.84000015,67.84999847,521.8400269,524.7000122,65.55000305,71,42.97999954,60.34000015,24.36000061,96.06999969,94.83999634,49.58027782,34.99784317,12.49017229
2024-08-09 00:00:00,19.5,68.25,528.5599976,531.4400024,66.08999634,71.41999817,43.31999969,61.63999939,24.89999962,96.58000183,96.08999634,50.79862576,35.43793716,12.69646957
2024-08-12 00:00:00,19,67.83000183,530.9500122,533.9000244,66.33999634,71.93000031,43.59999847,62.04999924,25.29000092,96.48000336,95.87999725,50.93779207,34.99980957,12.69938446
2024-08-13 00:00:00,19.46999931,68.01000214,536.2800293,535.9299927,66.68000031,73.15000153,43.75,62.58000183,25.46999931,97.19000244,96.98000336,51.08491421,35.31244695,12.08158221
2024-08-14 00:00:00,19.79000092,68.12999725,540.1199951,543.1599731,67.61000061,73.47000122,43.66999817,63.29000092,25.69000053,97.30000305,97.51000214,51.20946953,36.02676249,12.22336584
2024-08-15 00:00:00,20.22999954,68.5,548.8800049,551.9199829,68.18000031,74.58000183,44,64.01000214,25.96999931,96.62000275,96.20999908,51.69980731,38.22963419,12.82873631
2024-08-16 00:00:00,20.40999985,68.63999939,551.2600098,554.2800293,68.47000122,75.12000275,44.5,64.76000214,26.20000076,96.80999756,97.01000214,53.55948753,38.96404495,12.83370193
2024-08-19 00:00:00,20.84000015,68.84999847,553.8599854,556.9400024,69.16999817,76.01999664,44.90999985,65.45999908,26.37999916,97.01999664,97.41000366,54.11913879,38.38833649,13.07663401
2024-08-20 00:00:00,20.81999969,68.76999664,557.3300171,560.3900146,69.26999664,76.19000244,44.65000153,65.97000122,26.31999969,97.36000061,98.12000275,55.85866189,39.36087105,13.19823267
2024-08-21 00:00:00,21.06999969,69.33000183,554.7299805,561.0599976,69.52999878,76.73000336,44.79999924,66.01000214,26.23999977,97.45999908,98.20999908,56.05235291,39.10629272,13.37435211
2024-08-22 00:00:00,20.04000092,68.79000092,554.9799805,558.0499878,69.54000092,76.25,44.36999893,65.05999756,25.75,97.19999695,97.43000031,53.57606009,39.14944779,13.43389078
2024-08-23 00:00:00,20.26000023,68.94000244,557.289978,560.3599854,69.94000244,77.16000366,44.70999908,66.06999969,26.02000046,97.43000031,97.95999908,56.64775822,39.16226522,13.28111603
2024-08-26 00:00:00,19.95000076,69.73000336,559.0499878,562.1500244,70.5,77.27999878,44.70000076,66.02999878,26.26000023,97.66999817,98.08000183,57.14474657,39.50584792,13.39763538
2024-08-27 00:00:00,19.84000015,71.05000305,558.3200073,561.4699707,70.55999756,77.58000183,44.68000031,65.69999695,26.20000076,97.36000061,97.41000366,56.72448933,39.24543157,13.29727564
2024-08-28 00:00:00,19.51000023,71.30000305,555.039978,558.0800171,70.29000092,77.15000153,44.41999817,65.23999786,25.95000076,97.54000092,97.73000336,58.26671745,40.23651592,13.40333364
2024-08-29 00:00:00,19.75,71.23000336,557.1799927,560.2700195,70.65000153,77.52999878,44.59000015,65.38999939,25.63999939,97.26000214,97.12999725,57.98611903,39.9767783,13.32559277
2024-08-30 00:00:00,21,71.77999878,557.1400146,560.2199707,70.52999878,77.48999786,44.56000137,64.94000244,25.5,97.05000305,96.47000122,59.31377898,40.68359091,13.42953486
2024-09-02 00:00:00,21,71.77999878,557.1400146,560.2199707,70.52999878,77.48999786,44.56000137,64.94000244,25.5,97.05000305,96.47000122,59.40659189,40.43586807,13.15478565
2024-09-03 00:00:00,19.98999977,72.25,549.5100098,552.5499878,69.47000122,76.31999969,43.95000076,63.15000153,25.43000031,97.25,97.41999817,57.75902905,38.3745995,13.11570216
2024-09-04 00:00:00,19.28000069,71.91000366,549.460022,552.4899902,69.23000336,75.79000092,43.91999817,62.65000153,25.48999977,97.5,97.80999756,56.91504698,37.37508845,12.891127
2024-09-05 00:00:00,19.23999977,70.98000336,547.0999756,550.1099854,69.06999969,76.12999725,44.04000092,62.61000061,25.55999947,97.91000366,98.77999878,56.71959367,36.80529833,12.90814391
2024-09-06 00:00:00,18.63999939,70.88999939,539.4400024,542.4099731,68.23999786,74.18000031,43.43999863,60.36999893,25.17000008,98.01999664,99.19000244,53.23705091,37.16051574,12.72945326
2024-09-09 00:00:00,18.95000076,70.98000336,542.6799927,545.6799927,68.61000061,75.44000244,43.63999939,61.31000137,25.31999969,98.18000031,99.16000366,53.32142284,37.43006283,12.78299683
2024-09-10 00:00:00,18.51000023,71.51999664,543.3800049,546.4199829,67.97000122,74.69999695,43.40000153,60.68000031,24.87000084,98.48999786,99.81999969,53.59266639,36.59986973,12.95373961
2024-09-11 00:00:00,18.52000046,70.56999969,539.960022,542.9099731,67.83999634,74.25,43.29999924,59.97000122,24.98999977,98.66000366,100.3499985,52.38649684,36.55936546,12.57014319
2024-09-12 00:00:00,19.04000092,70.66000366,552.7399902,555.8599854,68.55000305,75.61000061,43.91999817,61.68000031,25.23999977,98.51000214,99.69000244,52.61442386,36.44543115,12.76568053
2024-09-13 00:00:00,19.48999977,70.48000336,559.4500122,562.5599976,69.59999847,76.33999634,44.36000061,63.11999893,25.64999962,98.76000214,100.0199966,52.92325699,36.77050114,12.8696754
2024-09-16 00:00:00,19.76000023,71.62000275,559.9000244,563.0300293,69.80999756,76.66999817,44.45999908,63.09999847,26.02000046,98.87000275,100.4100037,52.61767954,36.7207027,12.94092743
2024-09-17 00:00:00,21.23999977,71.72000122,560.789978,563.9699707,69.76999664,76.37999725,44.58000183,63.06000137,25.96999931,98.88999939,100.7399979,52.05030656,36.92401189,13.01257664
2024-09-18 00:00:00,20.71999931,71.26999664,560.8300171,563.9500122,69.69000244,76.12000275,44.47999954,62.91999817,25.94000053,98.48000336,99.54000092,51.68213531,36.67127308,12.79873517
2024-09-19 00:00:00,21.03000069,70.59999847,568.0800171,571.3200073,70.51999664,77.41999817,45.09999847,63.09000015,26.11000061,98.22000122,98.76999664,51.48446989,36.30315185,12.83151403
2024-09-20 00:00:00,20.35000038,70.37999725,565.1699829,570.1099854,69.66999817,76.86000061,45.20000076,62.72999954,25.48999977,98.18000031,98.72000122,51.26774628,36.59135777,12.71068217
2024-09-23 00:00:00,22.03000069,71.18000031,568.0999756,573.0700073,69.83999634,77.41999817,45.52000046,63.36000061,25.43000031,97.98999786,98.01999664,51.45854692,35.88118601,12.84799425
2024-09-24 00:00:00,22.29000092,70.59999847,567.5999756,572.6099854,70.26999664,77.47000122,46.66999817,64.38999939,26.11000061,98.01000214,97.84999847,50.7295711,35.64419864,12.57437879
2024-09-25 00:00:00,22.72999954,71.30999756,568.9099731,571.6900024,70.26000214,77.16999817,46.75,63.33000183,25.94000053,98.06999969,97.79000092,50.41960273,35.11245303,12.4337023
2024-09-26 00:00:00,23.25,70.83999634,569.9000244,572.6300049,71.26999664,79.04000092,47.90000153,66.18000031,26.18000031,97.83999634,97.41999817,49.26843071,35.08711214,12.26384451
2024-09-27 00:00:00,23.70000076,71.45999908,570.4199829,573.1500244,71.56999969,78.19000244,48.18999863,66.18000031,26.09000015,98.15000153,98.20999908,50.03353181,35.7478183,12.35989192
2024-09-30 00:00:00,23.09000015,71.69000244,568.0800171,570.8800049,70.73999786,77.98999786,47.72000122,63.65999985,25.86000061,97.95999908,97.87999725,48.78212092,35.19807353,12.20985046
2024-10-01 00:00:00,22.26000023,71.62999725,566,568.7600098,69.98000336,77.77999878,47.65999985,62.90999985,25.72999954,98.08000183,98.38999939,47.35476131,34.37667214,12.06527559
2024-10-02 00:00:00,22.35000038,70.41000366,565.2700195,567.9699707,69.80999756,77.73999786,48.72999954,62.97999954,26.09000015,97.63999939,97.05999756,47.3883321,33.98154907,12.09265281
2024-10-03 00:00:00,21.64999962,70.19999695,565.4899902,568.2299805,69.11000061,77.18000031,48.11000061,62.34999847,25.51000023,97.37999725,96.73999786,47.02839102,33.09896632,12.09870031
2024-10-04 00:00:00,22.29999924,69.72000122,568.0999756,570.9199829,69.20999908,77.76999664,48.70999908,62.33000183,25.80999947,96.41999817,95.40000153,48.1223749,32.40950833,12.19800444
2024-10-07 00:00:00,22.02000046,68.87000275,566.6300049,569.3300171,69.08000183,77.34999847,49.09999847,62.88000107,25.80999947,96.06999969,94.76000214,48.1040556,32.81313479,12.4164902
2024-10-08 00:00:00,22.04999924,68.86000061,569.5300293,572.2600098,68.98000336,77.30999756,47.63000107,63.11999893,25.48999977,95.93000031,94.33999634,48.28263137,32.51553901,12.49591137
2024-10-09 00:00:00,23.05999947,69.06999969,572.5499878,575.3300171,69.02999878,76.76999664,47.22000122,63.09000015,25.29000092,95.79000092,94.23000336,48.18898506,32.54065975,12.20438426
2024-10-10 00:00:00,22.95999908,68.98999786,574.4899902,577.2700195,68.94999695,76.5,47.43999863,62.81000137,25.28000069,95.52999878,93.41000366,49.52889047,32.4094059,12.12739059
2024-10-11 00:00:00,22.97999954,69,575.9099731,578.7199707,69.33000183,76.88999939,47.61000061,62.90999985,25.34000015,95.68000031,93.41999817,50.28932983,33.37382798,12.565736
2024-10-14 00:00:00,23.27000046,69.47000122,580.7299805,583.6799927,69.41999817,77.08999634,47.70000076,63.09000015,25.48999977,95.41000366,92.98000336,51.41320758,34.31896851,12.96314908
2024-10-15 00:00:00,22.46999931,70.16000366,578.539978,581.4099731,68.80999756,76.08999634,46.88000107,62.02999878,25.26000023,96.01000214,94.37000275,51.22585889,35.15145153,13.0674541
2024-10-16 00:00:00,21.73999977,69.97000122,578.960022,581.7700195,68.83000183,76.43000031,47.24000168,62.72999954,25.25,96.26999664,95.13999939,52.65564749,34.8859997,13.32723584
2024-10-17 00:00:00,22.39999962,69.58000183,582.1599731,584.9799805,69.01000214,76.22000122,47.04000092,62.27999878,25.13999939,95.75,93.66999817,52.41553125,34.87873641,13.18507168
2024-10-18 00:00:00,22.5,69.61000061,582.5800171,585.4500122,69.27999878,76.43000031,47.77000046,62.02000046,25.26000023,95.91999817,93.86000061,52.4534703,35.46010654,13.2813227
2024-10-21 00:00:00,22.25,69.30999756,580.5999756,583.4400024,68.70999908,75.30999756,47.25999832,61.27000046,25.12999916,95.19000244,92.23000336,52.66730604,36.14101147,13.49640507
2024-10-22 00:00:00,22.17000008,68.68000031,580.3800049,583.289978,68.41000366,74.58999634,47.31000137,60.70999908,25.03000069,95.02999878,92.08999634,52.7757556,36.6119633,13.45035247
2024-10-23 00:00:00,21.57999992,66.58000183,574.4199829,577.2299805,67.79000092,73.37000275,46.95000076,60.79999924,24.97999954,94.73999786,91.66000366,52.51541638,37.52028513,13.19052238
2024-10-24 00:00:00,21.96999931,66.94999695,576.5700073,579.4099731,68.12999725,73.73000336,46.86000061,60.79999924,25.07999992,94.87000275,91.95999908,50.75093136,36.73954191,13.30113468
2024-10-25 00:00:00,22.40999985,66.79000092,578.0800171,580.9099731,68.01999664,73.75,46.95999908,60.79000092,25.14999962,94.81999969,92.01999664,51.3745285,36.58489151,13.25877983
2024-10-28 00:00:00,22.55999947,66.59999847,580.5200195,583.3599854,68.38999939,74.25,47.02999878,61.54999924,25.20000076,94.48999786,91.41999817,46.71443985,31.74767756,11.53282981
2024-10-29 00:00:00,22.40999985,65.51999664,578.4299927,581.2700195,68.08000183,74.48000336,46.97999954,61.29999924,25.02000046,94.22000122,90.98000336,48.13959181,33.56419162,12.61141973
2024-10-30 00:00:00,22.26000023,65.31999969,579.289978,582.1599731,67.41999817,74.47000122,46.52000046,60.77000046,24.79999924,94.52999878,92.16000366,50.75481641,34.03175511,12.8058306
2024-10-31 00:00:00,21.46999931,65.26000214,568.4400024,571.1799927,66.61000061,73.47000122,46.27999878,59.47999954,24.59000015,94.22000122,91.87000275,51.90311481,34.46924086,12.95957923
2024-11-01 00:00:00,21.90999985,64.88999939,570.6199951,573.3900146,67.31999969,74.02999878,46.54999924,59.93999863,24.14999962,93.63999939,90.80000305,52.55826381,35.46876699,13.10409719
2024-11-04 00:00:00,22,64.65000153,567.8900146,570.6400146,67.34999847,74.23000336,46.72999954,60.77000046,24.5,93.98999786,91.62999725,54.46905459,36.07522402,13.47153788
2024-11-05 00:00:00,22.39999962,64.63999939,570.5200195,573.3599854,67.48999786,74.59999847,47.25,60.79000092,24.46999931,93.73999786,91.59999847,55.05680621,36.53181024,13.7318152
2024-11-06 00:00:00,24.04999924,63.18000031,585.3900146,588.2999878,66.05999756,74.08999634,46.54999924,58.86000061,24.06999969,93.01000214,89.55000305,57.32658674,37.43510897,14.06099215
2024-11-07 00:00:00,25.19000053,63.59999847,593,595.9199829,67.16999817,75.69000244,47.74000168,60.22000122,25.09000015,93.58000183,90.65000153,59.31654375,39.22958191,14.68693707
2024-11-08 00:00:00,25.82999992,63.74000168,596.1699829,599.1199951,66.12000275,74.86000061,46.59000015,58.90999985,24.37000084,94.08999634,91.83999634,59.26416378,39.40125675,14.41034431
2024-11-11 00:00:00,24.82999992,63.25,597,599.9500122,66.43000031,74.94999695,46.40000153,58.22000122,24.45000076,93.77999878,91.62000275,59.09554794,39.65537316,14.36377034
2024-11-12 00:00:00,23.88999939,63.11999893,594.3699951,597.3499756,64.76000214,73.38999939,45.59999847,56.50999832,24.34000015,93.23999786,90.51000214,62.12179562,40.29869851,15.06373075
2024-11-13 00:00:00,24.02000046,62.49000168,594.960022,597.9299927,64.33000183,72.94999695,45.43000031,55.79999924,24.20999908,93.16999817,89.72000122,59.81111845,39.10927628,14.62457628
2024-11-14 00:00:00,24.93000031,62.43000031,592.6500244,595.6300049,64.90000153,73.05000305,45.20999908,55.68999863,24.04000092,93.16999817,90.26999664,60.9926548,38.7557494,14.8161324
2024-11-15 00:00:00,24.22999954,61.38999939,583.8599854,586.75,64.62000275,72.83999634,45.04000092,56.00999832,24.04000092,92.90000153,89.51000214,61.18571098,39.01697512,14.51735503
2024-11-18 00:00:00,24.15999985,61.56000137,585.3400269,588.210022,64.62000275,73.23999786,45.13999939,57.31000137,24.09000015,93.16999817,89.41999817,61.3849138,40.18724573,14.38413191
2024-11-19 00:00:00,24.10000038,61.63000107,584.0300293,586.9899902,64.25,73.36000061,45.36999893,57.24000168,24.04000092,93.69000244,90.62000275,60.89073585,40.38342341,14.40363234
2024-11-20 00:00:00,23.54999924,62.02000046,584.6300049,587.5,64.26000214,72.94000244,45.31999969,57.02999878,23.95000076,93.44000244,90.11000061,61.63200918,40.43212137,14.42100153
2024-11-21 00:00:00,23.82999992,62.95000076,587.4500122,590.3200073,64.26000214,73.44000244,45.18999863,57.68999863,23.79000092,93.41999817,90,60.68237453,39.67450347,14.27522804
2024-11-22 00:00:00,24.13999939,63.65000153,593.1500244,596.1500244,64.48999786,73.69000244,45.22999954,57.66999817,23.86000061,93.5,90.15000153,60.82287994,39.39039267,14.47250849
2024-11-25 00:00:00,24.76000023,63.84000015,595.2000122,598.1500244,65.02999878,74.19000244,45.29999924,58.50999832,24.11000061,94.31999969,91.98999786,61.33192128,40.17429751,14.83552428
2024-11-26 00:00:00,23.80999947,64.05999756,598.0700073,601.0300293,64.65000153,73.75,45.13000107,58.52000046,23.95000076,94.22000122,91.80999756,61.85062911,39.47912496,14.96446832
2024-11-27 00:00:00,23.05999947,64.25,597.2800293,600.2600098,65.04000092,74,45.18999863,57.97000122,23.52000046,94.59999847,92.66999817,62.24066448,39.16761007,15.01320271
2024-11-28 00:00:00,23.05999947,64.25,597.2800293,600.2600098,65.04000092,74,45.18999863,57.97000122,23.52000046,94.59999847,92.66999817,63.07128727,40.3783015,15.2638854
2024-11-29 00:00:00,23.60000038,63.77000046,599.3800049,602.3800049,65.34999847,74.55999756,45.02999878,56.59000015,22.80999947,95,93.44000244,57.96089306,37.58252869,14.29659706
2024-12-02 00:00:00,23.44000053,63.34999847,602.4699707,605.4799805,65.43000031,75.30999756,45.58000183,56.52999878,22.77000046,94.5,93,56.1412441,36.77124472,14.30204544
2024-12-03 00:00:00,22.44000053,63.02999878,602.3400269,605.3800049,66.06999969,75.55999756,45.72999954,52.68000031,22.95000076,94.55999756,92.98999786,58.54578614,38.03893781,14.30415964
2024-12-04 00:00:00,21.80999947,61.90000153,604.9500122,608,66.41999817,75.70999908,45.95999908,55.5,23.09000015,94.34999847,92.54000092,58.4283942,38.59315842,14.39797306
2024-12-05 00:00:00,20.65999985,62.09999847,606.2999878,609.4099731,66.93000031,75.51999664,46.27000046,55.38000107,23.45000076,94.69999695,93.66000366,57.47272614,37.53191287,14.17739754
2024-12-06 00:00:00,20.65999985,62.50999832,607.0200195,610.0499878,67.05000305,75.22000122,46.34000015,54.81000137,23.04000092,95.06999969,94.01999664,58.43774903,38.53318822,14.10433305
2024-12-09 00:00:00,20.72999954,61.90000153,604.0800171,607.0900269,67.06999969,75.12999725,47.47000122,53.59999847,23.36000061,94.94000244,93.47000122,58.20053819,38.86750633,13.99872748
2024-12-10 00:00:00,19.95999908,61.79000092,602.1300049,605.1599731,66.52999878,74.56999969,46.61999893,53.91999817,23.37999916,94.65000153,92.91000366,57.75335698,38.82096512,14.32997202
2024-12-11 00:00:00,19.87000084,62.40000153,605.5,608.5100098,66.56999969,75.18000031,46.50999832,55.34000015,23.27000046,94.45999908,92.11000061,57.51019299,39.49033252,14.23696778
2024-12-12 00:00:00,19.92000008,63.22000122,604.3300171,607.3499756,66.25,74.66999817,46.40999985,55.47000122,23.19000053,94.09999847,91,58.08683515,40.02246773,14.29829788
2024-12-13 00:00:00,20.25,63.11000061,602.8099976,605.8300171,66.12999725,74.08999634,46.31000137,55.75,23.18000031,93.63999939,90.08000183,57.4282769,39.1729306,14.57628541
2024-12-16 00:00:00,20,62.34999847,605.210022,608.2999878,66.01000214,73.81999969,46.20000076,55.45000076,22.73999977,93.62000275,90.05000305,57.70712067,38.70291572,14.45834861
2024-12-17 00:00:00,20.29000092,62.31999969,602.8900146,603.7600098,65.86000061,73.55999756,45.84999847,53.27999878,21.67000008,93.66999817,90.45999908,58.18528124,39.02284402,14.59390914
2024-12-18 00:00:00,19.20999908,62.79000092,585.8900146,586.6900024,64.26999664,71.75,45.00999832,52,20.86000061,92.62000275,89.13999939,57.9614336,39.02228096,14.7699969
2024-12-19 00:00:00,19.03000069,62.40000153,585.8499756,586.7299805,64.08000183,71.77999878,45.22000122,52.50999832,21.01000023,92.12000275,87.51000214,58.50327214,37.76596402,14.45286477
2024-12-20 00:00:00,18.89999962,62.27999878,580.9099731,583.6699829,62.61000061,70.02999878,44.00999832,51.90999985,21.13999939,92.58999634,88.29000092,57.11571684,37.86884508,14.04771679
2024-12-23 00:00:00,19.52000046,61.52999878,587.6599731,590.4799805,63.09999847,70.33999634,44.27999878,52.29999924,20.94000053,92.12999725,87.44000244,57.1931352,38.08685707,13.90233133
2024-12-24 00:00:00,19.95999908,62.00999832,595.4699707,598.3099976,63.43000031,70.91000366,44.56999969,52.36999893,21,91.97000122,86.98000336,58.15993786,38.60616565,14.28929508
2024-12-25 00:00:00,19.95999908,62.00999832,595.4699707,598.3099976,63.43000031,70.91000366,44.56999969,52.36999893,21,91.97000122,86.98000336,58.16723366,38.61100855,14.29108758
2024-12-26 00:00:00,20.07999992,62.40000153,598.0800171,601,63.79000092,71.26999664,44.54000092,51.75999832,21.01000023,91.93000031,87.19999695,58.20298252,38.6347384,14.29987071
2024-12-27 00:00:00,20.09000015,62.20999908,590.7600098,593.6099854,63.65000153,71.37999725,44.29999924,51.18000031,20.97999954,92.05999756,87.05999756,57.32364383,37.83986981,14.43428146
2024-12-30 00:00:00,19.72999954,61.68000031,584.4099731,587.2399902,63.16999817,70.91999817,44.04000092,50.90999985,20.87000084,92.51999664,87.66999817,57.01501452,38.17667887,14.54110075
2024-12-31 00:00:00,19.87999916,61.79999924,584.4199829,587.25,63.31999969,70.88999939,43.99000168,50.74000168,20.82999992,92.37999725,87.26000214,58.35330909,38.77671508,14.73264191
2025-01-02 00:00:00,20,61.61999893,580.5,583.3300171,63.00999832,70.79000092,43.84000015,50.88000107,20.84000015,92.30999756,87.20999908,56.69806366,38.16492974,14.94798298
2025-01-03 00:00:00,20.05999947,61.61999893,586.4299927,589.2700195,63.13000107,71.12999725,43.95000076,52.45999908,20.84000015,92.31999969,87.18000031,56.14430714,38.0691829,14.6334225
2025-01-06 00:00:00,19.78000069,60.65999985,593.5999756,596.4299927,64.01999664,71.84999847,44.08000183,54.31000137,21.11000061,92.05999756,86.66999817,57.16345334,38.52319682,15.01161992
2025-01-07 00:00:00,19.89999962,60.61999893,586.7800293,589.5999756,64.16000366,71.48999786,43.83000183,53.58000183,21.40999985,91.75,85.79000092,56.67458986,37.5953957,15.03815828
2025-01-08 00:00:00,19.70999908,60.93000031,585.2000122,587.9799805,63.56999969,71.19999695,43.40999985,54.09000015,21.17000008,91.69000244,85.33999634,57.14856265,37.74550262,14.89855541
2025-01-09 00:00:00,19.70999908,60.93000031,585.2000122,587.9799805,63.56999969,71.19999695,43.40999985,54.09000015,21.17000008,91.69000244,85.33999634,55.61941803,36.95601331,14.53520791
2025-01-10 00:00:00,18.90999985,60.72999954,578.5499878,581.3300171,63.24000168,69.87000275,42.72000122,53.43000031,21.07999992,91.23000336,85.16000366,55.03966817,36.65211422,14.07047606
2025-01-13 00:00:00,18.72999954,60.70999908,575.3499756,578,62.58000183,69.48999786,42.25,53.11999893,20.95000076,91.08000183,85.04000092,53.91134018,36.30971164,13.44984949
2025-01-14 00:00:00,18.81999969,61.29999924,578.3499756,581.1699829,63.04999924,69.84999847,42.83000183,53.70000076,21.26000023,91.08000183,84.88999939,54.01008358,36.39411068,13.55451248
2025-01-15 00:00:00,19.17000008,61.68000031,589.2000122,584.9899902,63.95000076,70.80000305,43.29999924,54.52000046,21.59000015,91.98000336,86.40000153,54.5940872,36.97314328,13.50806721
2025-01-16 00:00:00,19.39999962,61.31999969,590.9299927,593.8200073,64.34999847,70.76000214,43.43999863,54.50999832,21.52000046,91.94999695,86.27999878,56.3806192,37.58707947,13.83498365
2025-01-17 00:00:00,20.79000092,62.16999817,595.6099854,598.5100098,64.98999786,71.02999878,43.59000015,54.65000153,21.63999939,92.36000061,87.04000092,55.67792362,37.20019512,13.9990208
2025-01-20 00:00:00,20.79000092,62.16999817,595.6099854,598.5100098,64.98999786,71.02999878,43.59000015,54.65000153,21.63999939,92.36000061,87.04000092,55.07378688,37.12155801,14.24007307
2025-01-21 00:00:00,21.75,62.29999924,598.6699829,601.5999756,65.95999908,71.90000153,43.99000168,55.16999817,21.78000069,92.61000061,87.62999725,56.10772318,37.67232842,14.64325231
2025-01-22 00:00:00,21.56999969,61.65999985,605.3599854,608.3599854,66.41000366,72.22000122,44.04000092,56.02000046,22.07999992,92.41000366,87.31999969,56.80451419,38.23973811,14.65445447
2025-01-23 00:00:00,21.35000038,61.36999893,605.5200195,608.4500122,66.52999878,72.16000366,44.06999969,55.34000015,22.19000053,92.12999725,86.52999878,56.39907606,38.23561816,14.58002316
2025-01-24 00:00:00,20.75,61.43999863,606.7999878,609.7600098,67.20999908,72.87999725,44.36000061,55.81000137,22.45999908,92.19999695,86.59999847,56.45739144,37.97007738,14.67645099
2025-01-27 00:00:00,20.13999939,62.47000122,594.6400146,597.5200195,67.15000153,72.40000153,43.74000168,54.16999817,22.27000046,92.87000275,87.84999847,56.06708407,39.37155237,14.70203538
2025-01-28 00:00:00,19.73999977,62.27999878,597.25,600.1500244,66.93000031,72.43000031,43.63000107,54.04000092,22.5,92.77999878,87.66000366,56.19727436,39.50007976,14.70349972
2025-01-29 00:00:00,19.65999985,62.54999924,599.2199707,602.1500244,67.11000061,72.47000122,44.09000015,54.22000122,22.53000069,92.69999695,87.62999725,56.36081235,40.34569358,14.85536644
2025-01-30 00:00:00,19.43000031,63.22999954,600.7199707,603.6300049,67.72000122,73.31999969,44.41999817,54.83000183,22.78000069,93.08000183,88.16999817,59.1004046,41.22704725,15.02109335
2025-01-31 00:00:00,19.37999916,63.38999939,601.0499878,603.960022,67.41999817,72.63999939,44.34000015,53.97000122,22.90999985,92.80999756,87.43000031,58.45198084,41.18524157,15.00807596
2025-02-03 00:00:00,18.78000069,62.43000031,590.4899902,593.3400269,65.95999908,71.55999756,43.65999985,52.66999817,22.45999908,92.66000366,87.80000305,56.85030729,40.25616354,14.455343
2025-02-04 00:00:00,19.02000046,62.34999847,597.2800293,600.1900024,66.98999786,72.11000061,44.52000046,53.97999954,22.98999977,92.59999847,87.48000336,57.80777746,40.77623873,14.868409
2025-02-05 00:00:00,18.90999985,62.59000015,598.5800171,601.5,67.68000031,73.04000092,44.56999969,54.70000076,23.07999992,93.37000275,89.38999939,56.67050448,41.24032952,14.92388324
2025-02-06 00:00:00,19.21999931,62.90999985,602.6300049,605.6099854,68.19000244,73.65000153,44.70000076,55.04000092,23.28000069,93.30999756,89.55000305,57.76877496,42.38877643,14.70477908
2025-02-07 00:00:00,19.03000069,63.27000046,600.0499878,602.9899902,67.69999695,72.91000366,44.84000015,54.00999832,23.28000069,92.98000336,88.94000244,59.1403227,43.34469498,14.75087754
2025-02-10 00:00:00,19.23999977,63.65999985,602.7399902,605.7199707,68.01999664,73.43000031,45.15000153,54.86000061,23.39999962,93.06999969,88.84999847,59.29368342,43.12267885,14.84510611
2025-02-11 00:00:00,19.86000061,66.41000366,602.4299927,605.3800049,68.30000305,73.13999939,44.93000031,54.86999893,23.46999931,92.81999969,88.37999725,59.94907302,44.25106833,14.84141217
2025-02-12 00:00:00,20.93000031,66.87000275,598.5100098,601.5100098,68.38999939,72.55000305,44.97000122,54.5,23.31999969,92.08000183,86.86000061,61.69764766,44.95025389,15.0415254
2025-02-13 00:00:00,22.79000092,68.76000214,603.2000122,606.1500244,69.38999939,73.73999786,45,55.40000153,23.29000092,92.69999695,88.06999969,62.37782686,49.30462961,15.3392181
2025-02-14 00:00:00,22.86000061,68.76000214,609.0700073,612.039978,70.16999817,74.44999695,45.68999863,56.52999878,23.85000038,93.27999878,89.12000275,64.19920685,49.93969613,15.35253048
2025-02-17 00:00:00,22.86000061,68.76000214,609.0700073,612.039978,70.16999817,74.44999695,45.68999863,56.52999878,23.85000038,93.27999878,89.12000275,64.05335301,50.21078163,15.50367994
2025-02-18 00:00:00,24.48999977,68.41999817,608.3800049,611.3599854,70.52999878,74.83000183,46.02000046,57.13999939,24.09000015,92.80999756,88.04000092,65.63170338,49.66552938,15.32247844
2025-02-19 00:00:00,25.45999908,69.16999817,609.5599976,612.5499878,69.52999878,74.44000244,45.90000153,58.06999969,23.96999931,92.76999664,87.88999939,65.14904995,50.44001057,15.47921226
2025-02-20 00:00:00,24.47999954,69.41999817,607.0200195,609.9699707,69.77999878,74.61000061,46.20999908,58.16999817,24.04999924,93.11000061,88.44999695,64.93424392,50.58830631,15.55401657
2025-02-21 00:00:00,24.84000015,70.12999725,599.4699707,602.4099731,69.76999664,74.05999756,46.25999832,57.47000122,23.42000008,93.26999664,88.81999969,65.63267891,51.18842139,15.83800167
2025-02-24 00:00:00,23.62000084,70.33000183,596.4899902,599.4199829,69.80000305,73.87000275,45.65999985,57.43999863,23.21999931,93.58999634,89.26000214,66.28548079,51.67484523,16.97616703
2025-02-25 00:00:00,22.77000046,70.73000336,589.5599976,592.4400024,70.40000153,74.09999847,45.50999832,57.22000122,23.18000031,94.41999817,90.80000305,67.25297692,51.85923736,17.91730342
2025-02-26 00:00:00,23.20999908,70.52999878,591.8599854,594.7700195,70.55999756,74.34999847,45.97999954,57.66999817,23.12000084,94.48999786,91.19999695,67.68146582,53.92970731,18.12443748
2025-02-27 00:00:00,23.06999969,70.41999817,584.6500244,587.4099731,69.79000092,73.69000244,45.25999832,55.93999863,22.84000015,94.55000305,91.13999939,67.97717066,54.66293946,18.26252346
2025-02-28 00:00:00,22.63999939,70.55999756,582.4400024,585.2999878,69.45999908,72.52999878,44.36999893,54.09000015,22.29000092,94.90000153,91.47000122,66.5221962,53.8603009,18.01642814
2025-03-03 00:00:00,22.52000046,69.73000336,579.9000244,582.6900024,70.70999908,73.20999908,44.15999985,54.08000183,22.18000031,94.70999908,91.37000275,66.80110824,53.37786668,18.17201821
2025-03-04 00:00:00,20.76000023,69.87999725,572.25,574.9299927,69.95999908,72.37999725,44.22999954,53.77999878,21.75,94.93000031,91.26999664,64.1424579,52.71112877,18.31552956
2025-03-05 00:00:00,20.18000031,69.83999634,573.0800171,575.8300171,72.38999939,73.91999817,45.36999893,55.27999878,22.35000038,94.52999878,90.61000061,65.89048088,52.58444202,18.88433976
2025-03-06 00:00:00,20,69.44999695,570.1199951,572.8699951,72.20999908,74.15000153,45.74000168,54.91999817,22.65999985,94.16000366,89.73000336,67.81146581,55.43522871,19.10581603
2025-03-07 00:00:00,20.11000061,69.65000153,565.6300049,568.4000244,72.45999908,73.87999725,45.59000015,54.95999908,22.62999916,94.30000305,89.98999786,68.86421475,55.79336414,18.94139614
2025-03-10 00:00:00,19.64999962,71.31999969,555.5900269,558.25,70.93000031,72.73000336,44.65000153,53.74000168,22.20999908,94.84999847,90.91000366,68.1538962,54.51018453,18.64856135
2025-03-11 00:00:00,19.29000092,70.61000061,552.0200195,554.6400146,70.76999664,72.30000305,44.97999954,54.20000076,22.25,94.58000183,90.13999939,65.79371222,52.21007888,18.51494289
2025-03-12 00:00:00,20.20999908,69.73999786,553.6900024,556.2999878,71.12000275,73.15000153,45.09999847,55.56000137,22.51000023,94.38999939,89.77999878,66.79525237,52.42650622,18.61464591
2025-03-13 00:00:00,23.12999916,69.27999878,549.6799927,552.2800293,70.76999664,73.13999939,44.93999863,55.13000107,22.69000053,94.19999695,89.37999725,68.45141544,54.12588248,18.72042498
2025-03-14 00:00:00,23.52000046,68.37999725,551.4899902,554.0700073,71.66999817,73.87000275,45.79000092,55.65999985,23.20000076,94.44999695,89.86000061,68.80911798,53.51820288,18.94518465
2025-03-17 00:00:00,24.37000084,69.08000183,562.3499756,565.0900269,72.55999756,74.87000275,46.08000183,57.11000061,23.92000008,94.45999908,90.37999725,70.60101442,55.66618445,19.52518897
2025-03-18 00:00:00,25.38999939,69.30000305,559.0599976,559.960022,73.02999878,74.54000092,46.41999817,56.65000153,24.06999969,94.41000366,90.12000275,70.77002698,56.03168191,20.07531408
2025-03-19 00:00:00,24.03000069,68.54000092,561.6300049,562.5599976,72.97000122,74.97000122,46.47000122,56.72999954,24.20999908,94.44000244,90.37999725,73.97295468,57.72230558,19.99479865
2025-03-20 00:00:00,23.72999954,69.08999634,562.5999756,563.5800171,72.26000214,74.62000275,46.04000092,56.36000061,24.12999916,94.98999786,91.16000366,72.98985171,57.11683583,19.56804581
2025-03-21 00:00:00,23.48999977,68.18000031,558.0300293,560.6500244,71.54000092,74.33999634,45.81999969,56.72999954,23.93000031,95,90.62000275,72.62069416,55.89199854,19.60758742
2025-03-24 00:00:00,24.12999916,68.33000183,570.2000122,572.9000244,71.48999786,74.44000244,46.06000137,57.04000092,23.95000076,94.44000244,89.69999695,72.89458737,55.44641486,19.38685834
2025-03-25 00:00:00,24.11000061,68.59999847,573.6900024,576.3900146,72.01000214,74.77999878,46.02999878,56.95999908,24.10000038,94.44999695,89.51000214,71.47103859,55.70346769,19.38635767
2025-03-26 00:00:00,23.25,68.90000153,567.1900024,569.8499756,70.97000122,74.23999786,45.72999954,56.68999863,23.94000053,94.33000183,89.08999634,73.51799145,56.75640713,19.72560193
2025-03-27 00:00:00,22.86000061,70.06999969,564.9400024,567.6599731,70.87000275,74.19999695,45.77000046,56.38000107,23.87999916,94.20999908,88.62999725,72.11476803,55.50261611,19.72854011
2025-03-28 00:00:00,22.55999947,69.52999878,555.0700073,557.6900024,70.81999969,72.83000183,45.22999954,54.66999817,23.59000015,94.75,89.80999756,71.36566397,54.59279013,19.92021619
2025-03-31 00:00:00,21.75,70.48999786,546.8699951,549.4000244,69.62000275,71.73000336,44.72000122,53.22999954,23.30999947,95.08999634,90.36000061,69.99612117,53.24104226,19.46498941
2025-04-01 00:00:00,21.65999985,71.19000244,553.6799927,556.2700195,70.01999664,71.83000183,45.04999924,54.27000046,23.55999947,95.26999664,91.20999908,69.96666375,53.36330956,19.89818323
2025-04-02 00:00:00,21.70000076,71.05000305,554.8099976,557.3900146,69.83000183,71.80999756,45.27999878,54.27999878,23.68000031,95.01000214,90.66000366,69.97841864,52.62035806,19.87568012
2025-04-03 00:00:00,20.86000061,72.31999969,536.7000122,539.4199829,69.54000092,70.08999634,44.56999969,53.09999847,23.97999954,96.18000031,91.83999634,69.01500485,52.64187988,19.64774996
2025-04-04 00:00:00,19.70000076,69.79000092,505.0599976,507.4200134,64.98999786,65.68000031,41.68999863,51.04999924,22.18000031,96.55000305,92.81999969,62.35438874,47.11918545,17.59116257
2025-04-07 00:00:00,18.55999947,66.05000305,481.7999878,484,62.25999832,64.20999908,39.93000031,49.84999847,21.46999931,95.19000244,89.80000305,57.50967862,41.44341921,15.49286699
2025-04-08 00:00:00,17.67000008,67.76000214,489.1600037,491.4899902,62.02000046,64.41000366,39.52999878,48.49000168,21.18000031,94.87999725,88.22000122,60.2363623,45.14543433,16.60638825
2025-04-09 00:00:00,17.97999954,67.27999878,493.0499878,495.3399963,62.54999924,64.91000366,39.83000183,48.75999832,20.96999931,93.61000061,85.88999939,60.70606624,46.30340493,15.80967085
2025-04-10 00:00:00,19.15999985,68.98000336,509.3200073,511.9299927,64.91000366,66.73999786,41.16999817,50.93999863,21.70000076,93.98999786,86.34999847,66.36733759,51.04527559,16.67307997
2025-04-11 00:00:00,18.18000031,70.54000092,520.0700073,522.5,66.69000244,68.66000366,42.33000183,53,22.07999992,92.79000092,85,65.5450158,51.44861498,16.57788705
2025-04-14 00:00:00,19.97999954,70.93000031,533.8599854,536.4400024,68.22000122,70.69999695,43.27000046,53.99000168,22.62000084,93.80000305,86.81999969,68.23951482,53.64947474,17.35102525
2025-04-15 00:00:00,19.80999947,71.72000122,536.8099976,539.3099976,69.30999756,71.44000244,43.5,54.36000061,22.87000084,94.23999786,87.04000092,70.48376882,55.86003361,17.65387855
2025-04-16 00:00:00,18.71999931,71.38999939,520.289978,522.7399902,69.04000092,70.97000122,42.81999969,53.63999939,22.81999969,94.45999908,87.47000122,71.24900404,56.43026968,17.88832933
2025-04-17 00:00:00,18.55999947,71.72000122,523.9099731,526.3599854,69.51999664,72.20999908,43.27999878,54.29000092,23.04999924,94.58999634,87.23000336,70.14014423,55.97977549,18.15703356
2025-04-21 00:00:00,18.25,71.81999969,508.4599915,510.8299866,68.97000122,71.83999634,43.04999924,54.04000092,23.15999985,94.15000153,85.98000336,70.14014423,55.97977549,18.15703356
2025-04-22 00:00:00,19.04000092,72.91999817,519.1900024,521.5900269,70.23999786,73.30999756,43.81999969,54.63999939,23.59000015,94.23000336,86.40000153,71.24699235,56.62938381,18.65132532
2025-04-23 00:00:00,20.30999947,72.37999725,533.8800049,536.3699951,70.93000031,73.68000031,44.40999985,55.47999954,24.32999992,94.22000122,87.16999817,73.73241296,58.07008222,19.96283512
2025-04-24 00:00:00,20.87999916,72.30000305,535.4500122,537.9699707,71.37999725,73.81999969,44.58000183,55.15999985,24.51000023,94.62000275,87.76000214,74.48036107,59.09350108,20.1620924
2025-04-25 00:00:00,19.34000015,71.12999725,543.6900024,546.2800293,71.86000061,74.13999939,44.59999847,55.25,24.70999908,94.98000336,88.59999847,73.82729466,59.7014946,20.49573632
2025-04-28 00:00:00,20.04999924,71.30999756,545.0200195,547.6099854,72.37999725,74.86000061,44.77000046,55.33000183,24.94000053,95.06999969,88.61000061,76.15225307,60.53638965,21.23757424
2025-04-29 00:00:00,20.21999931,70.27999878,548.5499878,551.1799927,72.73999786,75.41999817,45.02999878,55.88999939,25.04999924,95.52999878,89.30000305,77.99693699,61.87353916,21.76658707
2025-04-30 00:00:00,19.54999924,71.69000244,541.5200195,544.0999756,72.19999695,74.65000153,44.83000183,55.70000076,24.57999992,95.80000305,89.33000183,79.25779688,62.76251936,21.59137952
2025-05-01 00:00:00,19.94000053,71.23000336,557.8599854,560.5300293,72.52999878,75.05000305,45.20999908,55.58000183,24.57999992,95.15000153,88.30000305,79.94350433,62.88889008,21.37156349
2025-05-02 00:00:00,20.20999908,71.09999847,562.3800049,565.2600098,73.90000153,76.16000366,46.29000092,57.56999969,24.78000069,94.54000092,87.54000092,78.92114425,61.58240801,21.73653064
2025-05-05 00:00:00,20.23999977,71.01000214,561.7000122,564.4099731,74.26000214,76.58999634,46.79999924,58.20999908,24.61000061,94.33000183,86.83000183,78.83525841,61.51539103,21.71287589
2025-05-06 00:00:00,19.77000046,71.16000366,556.960022,559.3900146,74.01000214,76.68000031,46.41999817,57.65000153,24.5,94.40000153,86.63999939,79.02432224,61.81044549,21.87956845
2025-05-07 00:00:00,19.81999969,71.66999817,556.039978,558.6900024,73.66999817,76.15000153,45.93000031,57.52000046,24.70999908,94.84999847,87.81999969,81.53806819,63.70787637,22.4112823
2025-05-08 00:00:00,20.63999939,71.12999725,561.7000122,564.4400024,73.58000183,76.09999847,45.90999985,57.18999863,25.23999977,94.26000214,86.88999939,81.09437096,54.57252341,23.50407342
2025-05-09 00:00:00,20.82999992,70.45999908,562.7600098,565.4799805,73.87999725,76.34999847,46.16999817,57.45000076,25.40999985,94.31999969,86.91999817,83.0520809,57.44159858,24.77665266
2025-05-12 00:00:00,21.87999916,68.69999695,577.039978,579.7999878,73.51999664,76.87000275,47.11000061,57.75999832,25.29000092,93.73000336,86.19000244,86.57807443,58.4717617,25.32890405
2025-05-13 00:00:00,22.29999924,68.87000275,582.8400269,585.6900024,74.23000336,76.59999847,47.00999832,57.45000076,25.57999992,93.52999878,85.5,87.17137687,59.30025637,24.90610768
2025-05-14 00:00:00,21.45999908,68.58000183,585.539978,588.3699951,74.29000092,76.37999725,47.66999817,58.45999908,25.92000008,93.26999664,85.19999695,88.80699232,61.06728011,23.90404776
2025-05-15 00:00:00,21.19000053,69.59999847,585.0999756,587.9400024,74.65000153,76.83999634,47.49000168,58.47999954,25.85000038,93.59999847,85.48000336,80.04509861,58.95616625,23.86099957
2025-05-16 00:00:00,21.35000038,71.43000031,589.2800293,592.1400146,74.84999847,77.04000092,47.52999878,58.54000092,25.55999947,93.95999908,86.19999695,81.22197065,59.34875922,23.97902783
2025-05-19 00:00:00,21.04999924,71.63999939,588.0999756,590.9099731,75.45999908,76.91999817,47.49000168,58.24000168,25.71999931,93.38999939,84.83000183,84.55644209,59.47557768,24.53533898
2025-05-20 00:00:00,21.12000084,71.43000031,589.5999756,592.4400024,76.43000031,77.48999786,47.65999985,58.25999832,25.88999939,93.52999878,85.05999756,84.56913739,58.71743426,24.87641925
2025-05-21 00:00:00,20.59000015,71.58000183,581.8200073,584.5999756,76.34999847,77.30000305,47.63000107,59.04999924,25.62999916,93.02999878,83.76000214,86.21497934,58.6154677,24.91994741
2025-05-22 00:00:00,20.51000023,70.95999908,581.4099731,584.1799927,75.84999847,77.08999634,47.45999908,58.18999863,25.48999977,93.05999756,83.30000305,85.54636002,58.57409592,25.49617004
2025-05-23 00:00:00,19.94000053,70.69000244,575.5999756,578.3099976,75.36000061,77.23000336,47.41999817,58.52999878,25,93.63999939,84.30999756,86.95652533,58.97745815,25.12077398
2025-05-26 00:00:00,19.94000053,70.69000244,575.5999756,578.3099976,75.36000061,77.23000336,47.41999817,58.52999878,25,93.63999939,84.30999756,87.71216927,59.48996665,25.33907112
2025-05-27 00:00:00,20.18000031,71.55999756,578.4299927,587.1799927,76.91999817,78.94999695,47.47999954,59.77000046,25.85000038,93.87000275,85.15000153,88.17385018,62.33212947,25.74676425
2025-05-28 00:00:00,20.32999992,71.05000305,586.9899902,589.8300171,76.16999817,78.12000275,47.31000137,60.59999847,25.57999992,93.79000092,84.97000122,88.03934639,59.79648623,25.16182087
2025-05-29 00:00:00,20.10000038,70.45999908,586.0700073,588.8800049,76.30999756,78.51999664,47.40000153,61.41999817,25.64999962,94.09999847,85.63999939,87.50604515,59.36710968,24.84822464
2025-05-30 00:00:00,19.30999947,71.61000061,583.2399902,586.0499878,76.25,78.41999817,46.72999954,60.27000046,25.19000053,94.30000305,85.87999725,89.09335327,59.32807388,24.89214294
2025-06-02 00:00:00,19.37000084,71.36000061,585.0599976,587.8800049,76.55000305,79.22000122,46.99000168,61.13999939,25.25,93.77999878,84.79000092,88.68209159,58.7847122,24.69900622
2025-06-03 00:00:00,19.39999962,70.47000122,591.8499756,594.7700195,76.41999817,79.23999786,47.22999954,61.68000031,25.13999939,93.76999664,84.88999939,89.5402925,59.03964028,25.02575797
2025-06-04 00:00:00,20.01000023,70.68000031,595.4899902,598.4000244,77.09999847,79.65000153,47.75,63.49000168,25.36000061,94.12999725,85.65000153,91.20186074,59.53830671,25.27671749
2025-06-05 00:00:00,19.85000038,70.83000183,591.0499878,593.9299927,77.30000305,79.56999969,47.95000076,65.12000275,25.48999977,94.23000336,86.22000122,91.54481037,58.86450867,25.66778251
2025-06-06 00:00:00,20.03000069,70.94000244,596.8599854,599.7999878,77.48000336,79.80999756,48.02999878,65.27999878,25.36000061,93.48000336,85.27999878,91.25475082,59.00325779,25.47528461
2025-06-09 00:00:00,20.21999931,71.08999634,598.4899902,601.4099731,77.40000153,80.11000061,48.40000153,66.16000366,25.35000038,93.51000214,85.04000092,93.1428957,60.44811472,25.1269207
2025-06-10 00:00:00,20.28000069,71.76000214,599.0900269,601.9899902,77.62999725,79.97000122,48.70000076,65.81999969,25.59000015,93.73999786,85.51999664,91.03356704,60.05639642,25.32400644
2025-06-11 00:00:00,20.37999916,71.76000214,599.2700195,602.2299805,77.66999817,80.19999695,49.02999878,66.77999878,25.65999985,93.94000244,85.70999908,90.57261322,60.38174214,25.12528868
2025-06-12 00:00:00,20.40999985,71.59999847,599.5200195,602.4699707,78.22000122,80.52999878,48.93000031,67.38999939,25.89999962,94.41999817,86.59999847,90.15548376,59.83230751,25.04545117
2025-06-13 00:00:00,20.10000038,70.73000336,595.4799805,598.3900146,77.02999878,79.76000214,48.22999954,66.11000061,25.63999939,94.04000092,85.77999878,88.78440862,60.18705116,24.9659304
2025-06-16 00:00:00,20.29999924,70.23999786,600.2199707,601.3800049,77.47000122,80.37999725,48.81999969,68.09999847,25.47999954,94,85.45999908,88.79839009,59.65082693,24.89066324
2025-06-17 00:00:00,20.62000084,69.58000183,596.7600098,597.8499756,76.33000183,79.34999847,48.22000122,66.61000061,25.36000061,94.11000061,85.75,88.58321178,58.94242805,24.66221731
2025-06-18 00:00:00,20.65999985,69.08999634,596.4699707,597.7199707,76.18000031,79.94999695,48.06999969,67.61000061,25.38999939,94.37999725,86.34999847,88.0338411,59.02497813,24.65753353
2025-06-19 00:00:00,20.65999985,69.08999634,596.4699707,597.7199707,76.18000031,79.94999695,48.06999969,67.61000061,25.38999939,94.37999725,86.34999847,87.60984679,59.23391632,24.06922897
2025-06-20 00:00:00,20.87999916,68.77999878,592.8599854,595.7000122,74.77999878,78.95999908,47.54000092,68.30999756,25.07999992,94.29000092,85.94999695,88.20517047,59.49974448,24.25810647
2025-06-23 00:00:00,20.72999954,68.97000122,591.8900146,594.710022,74.23999786,78.37000275,47.45999908,67.98000336,24.80999947,94.80000305,86.76999664,87.87133312,58.09584843,23.88917894
2025-06-24 00:00:00,21.32999992,69.69000244,603.4099731,606.3099976,75.97000122,80.16999817,48.58000183,71.80000305,25.22999954,94.80000305,86.43000031,88.99304241,59.87050951,24.35456473
2025-06-25 00:00:00,22.12999916,69.43000031,605.539978,608.4500122,75.70999908,80.19999695,49.00999832,71.65000153,25.32999992,94.98000336,86.80000305,91.42398221,59.70128995,24.72463912
2025-06-26 00:00:00,22.20999908,69.15000153,608.3699951,611.2800293,76.26000214,81.22000122,49.24000168,71.59999847,25.47999954,95.34999847,87.19999695,93.72090709,60.83986131,25.43950992
2025-06-27 00:00:00,22.42000008,69.47000122,610.8300171,613.789978,76.97000122,81.76999664,49.22999954,70.44000244,25.69000053,95.33000183,87.23999786,94.08325306,61.0751971,25.96725234
2025-06-30 00:00:00,22.27000046,70.08999634,615.039978,617.9899902,76.97000122,81.88999939,49.15999985,71.41000366,25.76000023,95.45999908,87.61000061,95.35177815,61.87575819,25.87531706
2025-07-01 00:00:00,22.28000069,70.90000153,615.5200195,618.4799805,77.16000366,81.90000153,49.5,71.33999634,26.17000008,95.12000275,87.66000366,94.67252727,62.40560355,26.06068989
2025-07-02 00:00:00,21.52000046,70.73999786,616.6099854,619.5800171,77.04000092,81.66000366,49.41999817,71.08000183,26.14999962,94.93000031,87.09999847,94.37464102,62.48109882,26.55962221
2025-07-03 00:00:00,21.98999977,70.44999695,622.4299927,625.4000244,77.58999634,82.20999908,49.84999847,72.25,26.57999992,94.63999939,86.84999847,92.00109706,62.38056581,26.80862828
2025-07-04 00:00:00,21.98999977,70.44999695,622.4299927,625.4000244,77.58999634,82.20999908,49.84999847,72.25,26.57999992,94.63999939,86.84999847,94.10622849,64.78773029,27.30925846
2025-07-07 00:00:00,21.86000061,70.80000305,617.8699951,620.8499756,77.01000214,80.30000305,49.36000061,69.84999847,26.12999916,94.37999725,85.91999817,94.80969887,63.88904114,27.43134684
2025-07-08 00:00:00,22.12999916,69.87999725,619.5200195,622.5200195,77.23999786,80.87999725,49.5,71.68000031,26.09000015,94.16000366,85.44000244,94.82030582,63.34977329,27.31533235
2025-07-09 00:00:00,23.12999916,68.97000122,620.9099731,623.8900146,78.20999908,81.04000092,49.45999908,71.81999969,25.92000008,94.45999908,86.18000031,95.16499622,65.14149277,27.30644431
2025-07-10 00:00:00,23.47999954,69.16000366,623.0100098,626.0100098,78.33000183,81.05000305,49.47999954,72.75,25.55999947,94.56999969,86.48999786,95.69508209,65.79036894,27.18610287
2025-07-11 00:00:00,23.15999985,69.25,621.5300293,624.5200195,77.69000244,80.87000275,49.54999924,72.55000305,25.31999969,94.26999664,85.63999939,94.58174695,65.24986275,27.29494779
2025-07-14 00:00:00,22.87999916,69.26999664,621.7999878,624.75,77.41999817,81.01000214,49.50999832,72.91000366,25.20000076,94.16999817,85.31999969,94.456743,65.64743639,27.32498637
2025-07-15 00:00:00,22.89999962,69.15000153,622.0599976,624.9899902,76.84999847,80.47000122,49.88000107,73.01000214,25.05999947,93.86000061,84.90000153,95.2719829,65.12602073,27.59463353
2025-07-16 00:00:00,22.25,68.79000092,618.0499878,621.0499878,76.55999756,80.33999634,49.83000183,72.19999695,25.12000084,93.93000031,84.19000244,95.56144767,65.15857644,27.79117084
2025-07-17 00:00:00,22.59000015,69.51000214,624.1799927,627.25,76.88999939,80.80000305,50.20000076,72.41999817,25.27000046,94.05999756,84.98999786,97.63280735,65.31205657,28.02919881
2025-07-18 00:00:00,22.89999962,69.83000183,626.460022,629.4699707,77.08000183,80.84999847,50.45999908,72.36000061,25.03000069,94.30000305,85.09999847,97.25169964,65.34938104,28.47701702
2025-07-21 00:00:00,23.15999985,69.93000031,628.3400269,631.3599854,77.30999756,81.47000122,50.56999969,73.48999786,25.12000084,94.68000031,85.95999908,97.5341424,64.39668274,28.1735487
2025-07-22 00:00:00,23.07999992,68.69000244,626.1900024,629.25,77.33000183,81.55999756,50.43999863,72.22000122,25.14999962,94.80999756,86.11000061,97.73103593,64.00315903,28.2604007
2025-07-23 00:00:00,22.92000008,68.59999847,629.7299805,632.7600098,78.33999634,83.98000336,51.00999832,73.26000214,25.18000031,94.61000061,85.79000092,98.09886903,63.61890817,28.66569295
2025-07-24 00:00:00,22.60000038,68.98999786,633.9899902,637.0499878,78.69999695,84.09999847,50.95999908,73.26999664,25.37000084,94.31999969,85.51000214,99.65100002,64.70667971,28.78870115
2025-07-25 00:00:00,20.36000061,68.75,634.8400269,637.960022,78.16000366,83.27999878,50.59000015,72.97000122,25.32999992,94.44999695,85.72000122,98.96106952,64.84820938,28.03334051
2025-07-28 00:00:00,20.64999962,68.05999756,635.539978,638.6400146,77.30999756,82.33000183,50.38000107,72.65000153,24.87000084,94.48999786,85.83000183,99.05913317,64.44892043,28.29300886
2025-07-29 00:00:00,20.34000015,68.15000153,634.3400269,637.4199829,77.12000275,82.43000031,50.41999817,73.30000305,24.95000076,94.65000153,86.19999695,99.33332577,63.66150603,27.85608396
2025-07-30 00:00:00,20.07999992,68.52999878,631.539978,634.5900269,76.23999786,82.11000061,49.97999954,73.37000275,24.87000084,94.75,86.55999756,100.1522273,64.43126622,28.10939179
2025-07-31 00:00:00,19.65999985,67.73999786,630.7700195,633.7999878,75.54000092,81.62000275,49.70999908,72.54000092,24.68000031,94.86000061,86.83999634,100.692052,64.29973036,27.84112036
2025-08-01 00:00:00,18.96999931,68.26999664,619.289978,622.3099976,74.79000092,81.41999817,49.36999893,70.36000061,24.73999977,95.33999634,87.51999664,99.53633348,62.0718338,27.67466737
2025-08-04 00:00:00,19.35000038,68.30999756,625.5800171,628.5900269,75.86000061,82.97000122,49.86999893,72.09999847,24.87999916,95.52999878,87.65000153,101.5349895,61.66522923,28.5068786
2025-08-05 00:00:00,19.68000031,68.75,627.039978,630.1300049,75.98999786,83.08000183,50.06999969,72.45999908,25,95.62000275,87.77999878,102.9892807,63.69511358,29.1215655
2025-08-06 00:00:00,19.87000084,68.62999725,628.1300049,631.1900024,76.36000061,83.83000183,50.11999893,72.66999817,25.37000084,95.26000214,86.91999817,101.2754183,64.23641106,29.39181541
2025-08-07 00:00:00,19.60000038,69.33000183,629.1099854,632.1799927,77.05000305,84.37000275,50.65000153,73.11000061,25.51000023,95.52999878,87.58999634,102.1212395,64.98624335,29.98851312
2025-08-08 00:00:00,19.61000061,70.08000183,633.7399902,636.8499756,77.37999725,85.19000244,50.56999969,73.08999634,25.79000092,95.33000183,87.15000153,102.6351537,56.73935027,31.00577056
2025-08-11 00:00:00,20.44000053,69.95999908,634.6599731,637.75,77,85.20999908,50.5,72.94000244,25.68000031,95.36000061,87.27999878,105.7407954,63.52514407,30.98951473
2025-08-12 00:00:00,20.76000023,70.22000122,636.789978,639.9099731,77.27999878,85.79000092,50.81000137,73.26000214,25.93000031,95.18000031,86.55000305,104.5935088,63.88466724,31.03545349
2025-08-13 00:00:00,21.36000061,70.23000336,642.6799927,645.8400269,78.26000214,86.51000214,51.70000076,74.55999756,26.10000038,95.63999939,87.43000031,106.7507574,63.26721042,31.59984469
2025-08-14 00:00:00,21.89999962,69.38999939,642.3400269,645.5100098,78.25,85.79000092,51.06000137,73.45999908,25.77000046,95.34999847,86.88999939,106.0332328,62.96784546,31.92544484
2025-08-15 00:00:00,24.11000061,69.56999969,642.5200195,645.7199707,78.79000092,86.75,51.31999969,73.37000275,26.06999969,95.16999817,86.25,104.0510938,60.82050279,31.9324553
2025-08-18 00:00:00,23.20999908,69.05000305,642.1799927,645.3300171,78.44000244,86.66000366,51.61000061,72.65000153,26.07999992,95.05000305,85.98999786,103.4351906,60.39367942,31.65415072
2025-08-19 00:00:00,24.94000053,69.23999786,638.4799805,641.6599731,78.84999847,86.33000183,51.34000015,71.41999817,25.70999908,95.26999664,86.44999695,102.6624699,60.31420105,31.47415195
2025-08-20 00:00:00,23.32999992,70.41000366,632.9500122,636.039978,79.18000031,85.94000244,51.06999969,70.93000031,25.72999954,95.36000061,86.55999756,93.6796959,59.81393771,31.35679936
2025-08-21 00:00:00,22.78000069,70.33000183,633.8099976,636.9699707,78.79000092,85.62000275,51.15000153,70.93000031,25.78000069,95.11000061,86.11000061,99.65121818,61.54136041,31.17467163
2025-08-22 00:00:00,23.64999962,69.91999817,637.25,640.4099731,79.27999878,86.09999847,51.47000122,72.44999695,26.03000069,95.37000275,86.72000122,99.77320692,60.99115339,30.99880403
2025-08-25 00:00:00,24.44000053,68.72000122,642.3499756,645.5499878,79,86.33000183,51.95000076,72.70999908,26.70000076,95.52999878,86.65000153,100.4553285,61.40813287,31.2107342
2025-08-26 00:00:00,24.10000038,68.58000183,641.5700073,644.75,78.66000366,86,51.75999832,72.30999756,26.38999939,95.59999847,86.22000122,98.95062601,60.27176132,30.06861307
2025-08-27 00:00:00,24.04999924,68.47000122,644.4199829,647.6500244,78.09999847,85.55999756,51.18000031,71.87999725,26.36000061,95.63999939,86,98.52947072,59.84553351,29.85537314
2025-08-28 00:00:00,24.61000061,68.27999878,645.3400269,648.5700073,78.62999725,86.66999817,51.40999985,73.22000122,26.90999985,95.94000244,86.66000366,98.44300207,59.41690111,30.2486042
2025-08-29 00:00:00,24.28000069,68.43000031,643.1400146,646.3499756,78.37999725,85.86000061,51.33000183,71.97000122,27.05999947,96.02999878,86.44000244,98.36110172,59.11123902,30.46762148
2025-09-01 00:00:00,24.28000069,68.43000031,643.1400146,646.3499756,78.37999725,85.86000061,51.33000183,71.97000122,27.05999947,96.02999878,86.44000244,97.43021398,58.26907461,30.2486042
2025-09-02 00:00:00,23.68000031,68.26000214,634.9199829,638.0499878,77.01000214,85.01999664,51.00999832,71.38999939,26.59000015,95.43000031,85.48000336,94.63230439,56.96905368,30.21188816
2025-09-03 00:00:00,23.71999931,67.37000275,640.460022,643.6400146,77.38999939,85.44000244,51.43999863,72.72000122,26.89999962,95.55999756,85.88999939,92.41290685,56.41135443,30.64816172
2025-09-04 00:00:00,23.75,68.11000061,643.5100098,646.7000122,77.86000061,85.73999786,51.09999847,72.58000183,26.86000061,96,86.58000183,94.22549626,57.32835115,31.45330403
2025-09-05 00:00:00,24.17000008,67.87000275,643.3300171,646.539978,78.33999634,86.51000214,51.77000046,73.12000275,27.23999977,96.77999878,88.13999939,95.38854967,57.74401985,31.52729372
2025-09-08 00:00:00,24.12000084,67.16000366,647.2299805,650.4500122,78.72000122,87.62999725,52.22000122,73.84999847,27.19000053,96.91999817,89.12000275,96.47430414,57.47979519,31.57340863
2025-09-09 00:00:00,24.27000046,67.27999878,647.2199707,650.4500122,78.81999969,87.36000061,52.61000061,74.72000122,27.39999962,96.76000214,88.98999786,98.53084366,58.75257322,30.96877273
2025-09-10 00:00:00,24.28000069,67.20999908,650.6300049,653.8900146,78.62000275,88.12000275,52.88000107,76.33000183,27.53000069,96.95999908,89.19000244,101.4758308,59.62803648,31.30133888
2025-09-11 00:00:00,24.56999969,67.58000183,653.5900269,656.8599854,79.05000305,88.69000244,53.20000076,77.38999939,27.60000038,97.23000336,89.90000153,102.3902375,59.75583592,32.212659
2025-09-12 00:00:00,24.04999924,66.94000244,656.9000244,660.2399902,79.15000153,88.63999939,53.43000031,78.38999939,27.85000038,96.83999634,89.48999786,102.3677659,59.66927469,31.36200786
2025-09-15 00:00:00,24.21999931,66.09999847,659.3400269,662.6900024,79.63999939,89.19999695,53.70000076,78.93000031,28.11000061,97.09999847,90.06999969,101.7185715,60.10950893,32.05388695
2025-09-16 00:00:00,24.69000053,66.05999756,659.210022,660.5599976,79.41000366,89.38999939,53.93000031,80.12999725,28.31999969,97.11000061,90.04000092,102.7001348,60.3278275,32.03428044
2025-09-17 00:00:00,24.45000076,66.41000366,654.2999878,655.6199951,79.08999634,88.84999847,54.25999832,79.37000275,28.5,96.87000275,89.87000275,102.4044603,59.87247446,31.67711306
2025-09-18 00:00:00,30.15999985,66.34999847,660.2700195,661.6300049,79.26999664,88.91000366,54.00999832,80.11000061,28.36000061,96.51000214,88.90000153,103.3815363,59.35749382,32.09802479
2025-09-19 00:00:00,29.32999992,66.05000305,660.3699951,663.5599976,79.04000092,88.02999878,53.86999893,79.72000122,28.36000061,96.5,88.79000092,99.02667575,59.71423774,32.059971
2025-09-22 00:00:00,28.72999954,66.08000183,662.1699829,665.3800049,78.98000336,88.29000092,53.86999893,80.75,28.19000053,96.45999908,88.54000092,98.35999042,58.50433379,31.9114548
2025-09-23 00:00:00,28.81999969,65.90000153,661.9799805,665.1799927,79.27999878,88.51000214,54.00999832,81.38999939,28.63999939,96.48999786,88.75,99.74050899,58.5874128,31.89533892
2025-09-24 00:00:00,29.22999954,65.95999908,659.6699829,662.8699951,78.79000092,87.79000092,53.90000153,79.91000366,28.73999977,96.44000244,88.69999695,98.79631671,58.75912495,31.6472801
2025-09-25 00:00:00,31.20999908,65.94999695,654.4099731,657.5700073,77.81999969,87.23999786,53.5,79.55000305,28.40999985,96.09999847,88.45999908,99.14416142,58.04709044,31.20955963
2025-09-26 00:00:00,34.49000168,65.5,657.8800049,661.0900269,78.61000061,87.31999969,53.24000168,78.26999664,28.47999954,96.12999725,88.69000244,98.02352858,58.1887001,30.74071202
2025-09-29 00:00:00,33.72999954,65.34999847,661.8599854,665.0700073,79.02999878,87.91000366,53.91999817,80.13999939,28.80999947,96.33000183,89.26000214,98.88577938,58.45993195,31.50936699
2025-09-30 00:00:00,33.02000046,65.95999908,661.6099854,664.8499756,79.26999664,87.58000183,54.04999924,79.69000244,28.70999908,96.41999817,89.20999908,100.0679045,58.85514829,31.98065135
2025-10-01 00:00:00,33.5,66.29000092,663.0599976,666.2700195,80.25,88.04000092,54.34999847,81.16999817,28.39999962,96.33999634,89.08999634,99.68273782,60.51157408,31.45753291
2025-10-02 00:00:00,35.43999863,65.86000061,666.7800293,670.0200195,80.51000214,88.01999664,54.47999954,82.87999725,28.02000046,96.38999939,89.19000244,99.75331807,59.431354,31.13921145
2025-10-03 00:00:00,36.45000076,66.04000092,668.1599731,671.4500122,81.11000061,89.43000031,54.63999939,83.44000244,28.26000023,96.37999725,89.26999664,99.50516081,59.90479614,31.46514544
2025-10-06 00:00:00,36.43000031,65.83999634,669.460022,672.710022,81.01000214,90.37999725,54.81999969,84.58000183,28.07999992,96.11000061,88.65000153,100.7536322,59.31030481,30.89778054
2025-10-07 00:00:00,36.34999847,65.87000275,667.6699829,670.9199829,80.48000336,89.33000183,54.61999893,83.30000305,27.77000046,96.18000031,88.80999756,103.4292104,60.0078209,31.75694792
2025-10-08 00:00:00,35.90999985,66.05999756,669.4199829,672.7000122,80.72000122,89.19000244,54.72000122,83.05999756,27.92000008,96.31999969,89.12999725,103.6773558,59.65642026,31.27096945
2025-10-09 00:00:00,36.86000061,66.12000275,669.210022,672.5,79.88999939,88.80000305,54.38999939,83.05000305,27.90999985,96.23000336,89.01000214,103.9949553,59.63628238,31.09127531
2025-10-10 00:00:00,36.29999924,66.37999725,652.8400269,656.0300293,79.09999847,85.97000122,52.40999985,80.62999725,27.15999985,96.56999969,89.90000153,102.5146306,58.94092321,31.00053072
2025-10-13 00:00:00,36.27999878,66,659.7700195,662.9899902,79.34999847,86.88999939,53.75999832,83.05000305,27.48999977,96.77999878,89.86000061,103.7554653,58.87922615,31.6734229
2025-10-14 00:00:00,34.68999863,66.75,653.1699829,656.3599854,79.08999634,86.63999939,53.11000061,81.58999634,27.35000038,96.98000336,90.43000031,101.3279276,56.13033884,31.99829292
2025-10-15 00:00:00,35.63999939,66.91999817,658.9299927,662.1699829,79.69000244,88.48000336,54.00999832,84.38999939,27.79000092,97.01999664,90.47000122,101.0444171,55.81754879,32.03847371
2025-10-16 00:00:00,36.40999985,67.16000366,657.1099854,660.4000244,80.48999786,89.20999908,54.38999939,87.37000275,27.98999977,97,90.44999695,100.9356283,56.9019578,32.42535068
2025-10-17 00:00:00,36.08000183,67.80000305,658.1400146,661.4000244,80.23999786,89.40000153,54.00999832,87.72000122,27.88999939,97.26999664,90.90000153,98.42148857,54.85787888,31.32815142
2025-10-20 00:00:00,37.56000137,67.91999817,667.2700195,670.539978,80.81999969,90.86000061,54.61999893,89.86000061,28.43000031,97.37000275,91.27999878,99.01587874,54.84472741,31.55082238
2025-10-21 00:00:00,37.66999817,70.23000336,669.9799805,673.2700195,80.62000275,90.12999725,54.54000092,88.62000275,28.19000053,97.62999725,91.91000366,100.1367301,54.89423153,32.03839154
2025-10-22 00:00:00,36.04000092,70.51000214,663.2999878,666.5999756,80.40000153,89.69999695,54.24000168,88.80999756,28.12999916,97.55999756,91.81999969,99.57097656,56.20079952,31.87607773
2025-10-23 00:00:00,36.43000031,69.72000122,667.7999878,671.0800171,80.97000122,90.12999725,54.68000031,88.95999908,28.52000046,97.37999725,91.29000092,101.3405273,56.47831757,32.84554639
2025-10-24 00:00:00,37.83000183,69.65000153,675.6500244,678.960022,81.23999786,90.69000244,55.13000107,91.43000031,28.60000038,97.33000183,91.16000366,101.4220454,55.97537327,32.85221312
2025-10-27 00:00:00,38.22999954,69.25,682.1199951,685.4500122,81.5,91.77999878,55.45999908,93.80999756,28.87000084,97.20999908,91.08999634,103.1153103,56.48694,33.1061429
2025-10-28 00:00:00,39.54000092,69.94999695,684.8300171,688.2000122,81.36000061,91.73000336,55.27000046,93.30999756,28.89999962,97.43000031,91.80999756,102.0586506,57.36630034,33.4859102
2025-10-29 00:00:00,40.91999817,68.16000366,682.8699951,686.2199707,80.69999695,91.11000061,55.52999878,96.22000122,29.37999916,96.90000153,91.01999664,102.9812098,56.63634557,34.26067328
2025-10-30 00:00:00,40.11000061,68.38999939,679.8300171,683.2000122,80.41999817,91.11000061,55.09999847,95.01999664,29.27000046,96.65000153,90.34999847,101.0107706,56.27837185,33.64826453
2025-10-31 00:00:00,39.79000092,67.90000153,679.2399902,682.5800171,79.95999908,91.26000214,54.75999832,96.33000183,29.29000092,96.79000092,90.19999695,103.4963763,56.4525689,33.95049598
2025-11-03 00:00:00,39.04999924,67.66000366,679.9400024,683.2800293,80.05000305,91.80999756,54.83000183,99.62000275,29.46999931,96.37000275,89.41999817,103.2390236,56.21666932,33.81892401
2025-11-04 00:00:00,36.63000107,68.16000366,674.5800171,677.8800049,79.11000061,90.94999695,54.31999969,95.66999817,29.07999992,96.55000305,89.73999786,100.8130774,55.23374468,33.4292224
2025-11-05 00:00:00,37.11000061,68.18000031,674.1699829,677.4899902,79.51000214,90.48000336,54.40000153,94.27999878,29.39999962,96.12999725,88.87999725,101.7645699,54.6260231,32.94489594
2025-11-06 00:00:00,36.79999924,67.91999817,668.7199707,672.0100098,79.44999695,90.41000366,54.45999908,92.81999969,29.85000038,96.51000214,89.52999878,99.06922063,48.94724339,32.5662326
2025-11-07 00:00:00,36.97000122,69.41000366,661.210022,664.460022,79.13999939,89.62000275,53.93999863,89.80000305,29.65999985,96.55000305,89.36000061,98.95135503,49.73849652,32.5895565
2025-11-10 00:00:00,37.97000122,69.44000244,675.0300293,678.3800049,80.33000183,91.23999786,54.90999985,94.51999664,30.38999939,96.51000214,89.38999939,98.89864853,49.87646129,33.05383403
2025-11-11 00:00:00,37.49000168,70.66000366,678.7299805,682.0900269,81.44000244,91.51999664,55.16999817,94.76999664,30.82999992,96.73000336,89.77999878,103.0785261,50.7720177,33.45935545
2025-11-12 00:00:00,37.34999847,71.33999634,680.9500122,684.2999878,81.98000336,92.12000275,55.06999969,95.41999817,30.76000023,96.77999878,89.87999725,102.9870183,49.78363528,33.40830479
2025-11-13 00:00:00,35.45000076,71,670.5200195,673.8400269,81.59999847,90.77999878,54.72000122,93.66999817,30.39999962,96.59999847,89.37999725,103.0535312,48.70428036,33.01651351
2025-11-14 00:00:00,34.61999893,70.59999847,663.2700195,666.5300293,80.69000244,90.79000092,54.40999985,92.09999847,30.20999908,96.41999817,88.87000275,102.4555079,48.72883911,32.22284907
2025-11-17 00:00:00,34.22999954,70.62000275,662.1699829,665.4400024,79.80999756,89.86000061,54.06000137,92.77999878,30.09000015,96.48999786,88.98000336,103.1097476,48.75834269,32.43976106
2025-11-18 00:00:00,33.56999969,70.56999969,655.8599854,659.0900269,78.76999664,88.22000122,53.68999863,90.73999786,29.96999931,96.56999969,88.80000305,100.8419947,47.7568742,32.10103941
2025-11-19 00:00:00,34.25,70.80999756,658.75,662,78.66000366,88.05000305,53.70999908,89.77999878,30,96.59999847,88.84999847,100.8414405,47.52826694,32.07993674
2025-11-20 00:00:00,33.47999954,70.61000061,651.8900146,655.0999756,77.87000275,87.16000366,53.25999832,88.43000031,29.57999992,96.69999695,88.98999786,100.8372617,48.19812119,32.58924454
2025-11-21 00:00:00,32.88999939,71.48999786,650.8499756,654.039978,78.33999634,87.58000183,52.5,86.90000153,29.38999939,97,89.19999695,104.1557596,47.75986463,32.18884027
2025-11-24 00:00:00,34.68999863,71.56999969,661.5900269,664.8699951,78.62000275,88.37999725,53.20000076,87.98999786,29.81999969,97.18000031,89.77999878,107.1283513,49.111408,33.91961246
2025-11-25 00:00:00,34.68000031,72.13999939,664.4799805,667.789978,79.41999817,88.48999786,53.33000183,87.88999939,29.86000061,97.43000031,90.12999725,110.878115,50.00000103,34.33813963
2025-11-26 00:00:00,36.13000107,72.38999939,676.7199707,680.1099854,80.51000214,90.11000061,53.88999939,90.37999725,30.65999985,97.33000183,89.83000183,111.6435513,50.79261141,34.5416075
2025-11-27 00:00:00,36.13000107,72.38999939,676.7199707,680.1099854,80.51000214,90.11000061,53.88999939,90.37999725,30.65999985,97.33000183,89.83000183,111.9864519,52.71508911,35.23169272
2025-11-28 00:00:00,37.34000015,72.76000214,680.5,683.9099731,81.08000183,90.51999664,54.09000015,90.5,30.95000076,97.38999939,89.94999695,116.7871671,53.49434867,36.34702651
2025-12-01 00:00:00,39.59999847,71.93000031,678.7399902,682.1300049,81.08999634,90.33999634,54.11999893,90.34999847,30.97999954,96.68000031,88.70999908,116.5761953,52.95908928,35.81358413
2025-12-02 00:00:00,40.04999924,70.43000031,679.3300171,682.7299805,81.19000244,90.30999756,53.90000153,91.72000122,31.21999931,96.59999847,88.45999908,117.8273285,53.36574073,36.52382998
2025-12-03 00:00:00,42.50999832,70.61000061,679.6900024,683.0599976,81.59999847,90.33999634,53.84000015,92.02999878,31.46999931,96.80999756,88.73999786,118.1820599,51.42373747,37.2789048
2025-12-04 00:00:00,40.13999939,70.37000275,681.3400269,684.8200073,81.87999725,91.15000153,54.02000046,91.58999634,31.76000023,96.62000275,88.48000336,120.4063368,52.39410996,37.91064262
2025-12-05 00:00:00,41.15000153,69.87000275,684.5800171,688.0200195,81.87999725,91.45999908,54.34000015,93.73000336,30.62000084,96.41999817,88.05000305,122.1607988,53.68680689,37.76726986
2025-12-08 00:00:00,39.70000076,69.48999786,681.5700073,684.9899902,81.68000031,91.26999664,54.06000137,94.87999725,30.56999969,96.08999634,87.55999756,122.5862584,53.49824212,37.70859905
2025-12-09 00:00:00,40.02999878,69.83000183,682.5900269,686.0200195,81.55999756,91.5,53.84999847,94.93000031,30.29999924,96.11000061,87.83999634,122.606504,53.84024739,38.64770234
2025-12-10 00:00:00,38.88999939,69.77999878,681.3099976,684.7399902,81.76999664,91.44000244,54.09999847,94.98999786,30.59000015,96.08000183,87.86000061,121.9933939,52.54895377,39.17890351
2025-12-11 00:00:00,39.08000183,68.79000092,682.1699829,685.5999756,82.91999817,91.86000061,54.04999924,94.23999786,30.94000053,96.41999817,88.16000366,122.23532,52.5491381,39.29470581
2025-12-12 00:00:00,37.61999893,69.04000092,679.1699829,682.5800171,82.41000366,91.36000061,53.77999878,92.51000214,31.11000061,96.16999817,87.19000244,121.6523834,53.42795924,38.89930366
2025-12-15 00:00:00,37.31999969,70.31999969,679.25,682.6599731,83.01000214,92.19999695,53.77000046,92.69999695,31.5,96.25,87.38999939,122.0474001,53.13673773,39.56848898
2025-12-16 00:00:00,36.91999817,70.31999969,674.9799805,675.9500122,82.79000092,91.12000275,53.29000092,88.98000336,30.28000069,96.23000336,87.16999817,121.8304735,54.05767303,40.1418364
2025-12-17 00:00:00,35.97000122,70.30999756,671.2000122,672.1599731,82.58000183,90.36000061,53.09000015,88.40000153,29.65999985,96.40000153,87.58000183,123.0401115,53.16299415,39.80512062
2025-12-18 00:00:00,35.66999817,70.16999817,674.9000244,675.8800049,83,90.94000244,53.56000137,90.06999969,29.85000038,96.63999939,88.06999969,122.4444449,53.83275706,39.65568315
2025-12-19 00:00:00,36.43999863,70.02999878,676.4699707,679.4299927,82.73999786,89,52.95999908,90.13999939,30.14999962,96.19999695,87.41000366,118.3268796,54.07699022,39.95539995
2025-12-22 00:00:00,36.29000092,69.66000366,680.5900269,685.6900024,82.93000031,89.19000244,53.29999924,91.45999908,30.12999916,96.08000183,87.25,122.199179,53.77566497,40.19797842
2025-12-23 00:00:00,36.02999878,69.69000244,683.8699951,686.8599854,83.44000244,90.12999725,53.27999878,91.70999908,30.39999962,95.87999725,87.02999878,122.3740405,54.14899757,40.47704918
2025-12-24 00:00:00,34.95000076,69.75,687.7999878,690.8200073,83.61000061,90.27999878,53.61999893,94,30.65999985,96.16999817,87.65000153,123.1765041,54.12198563,40.74351727
2025-12-26 00:00:00,35.84999847,69.73000336,689.2700195,692.3599854,83.75,90.5,53.75,95.05000305,30.71999931,96.33000183,87.59999847,123.1340727,54.10334187,40.72948208
2025-12-29 00:00:00,35.81999969,69.84999847,686.0700073,689.0999756,83.51000214,90.73000336,53.43999863,97.69999695,30.52000046,96.44999695,87.79000092,122.4203285,53.65168753,40.89675804
2025-12-30 00:00:00,36.81999969,69.80000305,686.5800171,689.5900269,83.94999695,90.88999939,53.75999832,98.15000153,30.62000084,96.40000153,87.66999817,123.6255925,54.51685966,41.34364078
2025-12-31 00:00:00,36.86999893,69.87999725,681.710022,684.7600098,83.52999878,90.26000214,53.72000122,97.22000122,30.37000084,96.15000153,87.12999725,124.4369041,54.60948553,41.61364002
